2026-08-12 23:24:17 | INFO | ======================================================================
2026-08-12 23:24:17 | INFO | BREEZE HISTORICAL DATA DOWNLOADER
2026-08-12 23:24:17 | INFO | ======================================================================
2026-08-12 23:24:17 | INFO | Stock          : RELIND
2026-08-12 23:24:17 | INFO | Exchange       : NSE
2026-08-12 23:24:17 | INFO | Product        : cash
2026-08-12 23:24:17 | INFO | Interval       : 1minute
2026-08-12 23:24:17 | INFO | From           : 2026-01-01T09:00:00.000Z
2026-08-12 23:24:17 | INFO | To             : 2026-07-31T15:45:00.000Z
2026-08-12 23:24:17 | INFO | Market session : 09:00 -> 15:45
2026-08-12 23:24:17 | INFO | Chunk size     : 2 trading days
2026-08-12 23:24:17 | INFO | Request delay  : 1.0s
2026-08-12 23:24:17 | INFO | Max retries    : 3
2026-08-12 23:24:17 | INFO | Data directory : data/raw/breeze\RELIND\1m
2026-08-12 23:24:17 | INFO | Log file       : logs\RELIND_1minute_20260812_232417.log
2026-08-12 23:24:17 | INFO | ======================================================================
2026-08-12 23:24:17 | INFO | Initializing BreezeConnect...
2026-08-12 23:24:17 | INFO | Breeze login URL generated.
2026-08-12 23:24:17 | INFO | Generating Breeze session...
2026-08-12 23:24:45 | INFO | Breeze session generated successfully.
2026-08-12 23:24:45 | INFO | 
2026-08-12 23:24:45 | INFO | ======================================================================
2026-08-12 23:24:45 | INFO | STARTING DOWNLOAD
2026-08-12 23:24:45 | INFO | ======================================================================
2026-08-12 23:24:45 | INFO | 
2026-08-12 23:24:45 | INFO | ======================================================================
2026-08-12 23:24:45 | INFO | CHUNK #1
2026-08-12 23:24:45 | INFO | Trading days: 2026-01-01 -> 2026-01-02
2026-08-12 23:24:45 | INFO | Request: 2026-01-01T09:00:00.000Z -> 2026-01-02T15:45:00.000Z
2026-08-12 23:24:45 | INFO | ======================================================================
2026-08-12 23:24:45 | INFO | API request: 2026-01-01T09:00:00.000Z -> 2026-01-02T15:45:00.000Z (attempt 1/3)
2026-08-12 23:24:46 | INFO | API returned 756 candles.
2026-08-12 23:24:46 | WARNING | Could not parse candle datetime '2026-01-01 09:07:00': time data '2026-01-01 09:07:00' does not match format '%Y-%m-%dT%H:%M:%S.%fZ'
2026-08-12 23:24:46 | WARNING | Could not parse candle datetime '2026-01-01 09:15:00': time data '2026-01-01 09:15:00' does not match format '%Y-%m-%dT%H:%M:%S.%fZ'
2026-08-12 23:24:46 | WARNING | Could not parse candle datetime '2026-01-01 09:16:00': time data '2026-01-01 09:16:00' does not match format '%Y-%m-%dT%H:%M:%S.%fZ'
2026-08-12 23:24:46 | WARNING | Could not parse candle datetime '2026-01-01 09:17:00': time data '2026-01-01 09:17:00' does not match format '%Y-%m-%dT%H:%M:%S.%fZ'
2026-08-12 23:24:46 | WARNING | Could not parse candle datetime '2026-01-01 09:18:00': time data '2026-01-01 09:18:00' does not match format '%Y-%m-%dT%H:%M:%S.%fZ'
2026-08-12 23:24:46 | WARNING | Could not parse candle datetime '2026-01-01 09:19:00': time data '2026-01-01 09:19:00' does not match format '%Y-%m-%dT%H:%M:%S.%fZ'
2026-08-12 23:24:46 | WARNING | Could not parse candle datetime '2026-01-01 09:20:00': time data '2026-01-01 09:20:00' does not match format '%Y-%m-%dT%H:%M:%S.%fZ'
2026-08-12 23:24:46 | WARNING | Could not parse candle datetime '2026-01-01 09:21:00': time data '2026-01-01 09:21:00' does not match format '%Y-%m-%dT%H:%M:%S.%fZ'
2026-08-12 23:24:46 | WARNING | Could not parse candle datetime '2026-01-01 09:22:00': time data '2026-01-01 09:22:00' does not match format '%Y-%m-%dT%H:%M:%S.%fZ'
2026-08-12 23:24:46 | WARNING | Could not parse candle datetime '2026-01-01 09:23:00': time data '2026-01-01 09:23:00' does not match format '%Y-%m-%dT%H:%M:%S.%fZ'
2026-08-12 23:24:46 | WARNING | Could not parse candle datetime '2026-01-01 09:24:00': time data '2026-01-01 09:24:00' does not match format '%Y-%m-%dT%H:%M:%S.%fZ'
2026-08-12 23:24:46 | WARNING | Could not parse candle datetime '2026-01-01 09:25:00': time data '2026-01-01 09:25:00' does not match format '%Y-%m-%dT%H:%M:%S.%fZ'
2026-08-12 23:24:46 | WARNING | Could not parse candle datetime '2026-01-01 09:26:00': time data '2026-01-01 09:26:00' does not match format '%Y-%m-%dT%H:%M:%S.%fZ'
2026-08-12 23:24:46 | WARNING | Could not parse candle datetime '2026-01-01 09:27:00': time data '2026-01-01 09:27:00' does not match format '%Y-%m-%dT%H:%M:%S.%fZ'
2026-08-12 23:24:46 | WARNING | Could not parse candle datetime '2026-01-01 09:28:00': time data '2026-01-01 09:28:00' does not match format '%Y-%m-%dT%H:%M:%S.%fZ'
2026-08-12 23:24:46 | WARNING | Could not parse candle datetime '2026-01-01 09:29:00': time data '2026-01-01 09:29:00' does not match format '%Y-%m-%dT%H:%M:%S.%fZ'
2026-08-12 23:24:46 | WARNING | Could not parse candle datetime '2026-01-01 09:30:00': time data '2026-01-01 09:30:00' does not match format '%Y-%m-%dT%H:%M:%S.%fZ'
2026-08-12 23:24:46 | WARNING | Could not parse candle datetime '2026-01-01 09:31:00': time data '2026-01-01 09:31:00' does not match format '%Y-%m-%dT%H:%M:%S.%fZ'
2026-08-12 23:24:46 | WARNING | Could not parse candle datetime '2026-01-01 09:32:00': time data '2026-01-01 09:32:00' does not match format '%Y-%m-%dT%H:%M:%S.%fZ'
2026-08-12 23:24:46 | WARNING | Could not parse candle datetime '2026-01-01 09:33:00': time data '2026-01-01 09:33:00' does not match format '%Y-%m-%dT%H:%M:%S.%fZ'
2026-08-12 23:24:46 | WARNING | Could not parse candle datetime '2026-01-01 09:34:00': time data '2026-01-01 09:34:00' does not match format '%Y-%m-%dT%H:%M:%S.%fZ'
2026-08-12 23:24:46 | WARNING | Could not parse candle datetime '2026-01-01 09:35:00': time data '2026-01-01 09:35:00' does not match format '%Y-%m-%dT%H:%M:%S.%fZ'
2026-08-12 23:24:46 | WARNING | Could not parse candle datetime '2026-01-01 09:36:00': time data '2026-01-01 09:36:00' does not match format '%Y-%m-%dT%H:%M:%S.%fZ'
2026-08-12 23:24:46 | WARNING | Could not parse candle datetime '2026-01-01 09:37:00': time data '2026-01-01 09:37:00' does not match format '%Y-%m-%dT%H:%M:%S.%fZ'
2026-08-12 23:24:46 | WARNING | Could not parse candle datetime '2026-01-01 09:38:00': time data '2026-01-01 09:38:00' does not match format '%Y-%m-%dT%H:%M:%S.%fZ'
2026-08-12 23:24:46 | WARNING | Could not parse candle datetime '2026-01-01 09:39:00': time data '2026-01-01 09:39:00' does not match format '%Y-%m-%dT%H:%M:%S.%fZ'
2026-08-12 23:24:46 | WARNING | Could not parse candle datetime '2026-01-01 09:40:00': time data '2026-01-01 09:40:00' does not match format '%Y-%m-%dT%H:%M:%S.%fZ'
2026-08-12 23:24:46 | WARNING | Could not parse candle datetime '2026-01-01 09:41:00': time data '2026-01-01 09:41:00' does not match format '%Y-%m-%dT%H:%M:%S.%fZ'
2026-08-12 23:24:46 | WARNING | Could not parse candle datetime '2026-01-01 09:42:00': time data '2026-01-01 09:42:00' does not match format '%Y-%m-%dT%H:%M:%S.%fZ'
2026-08-12 23:24:46 | WARNING | Could not parse candle datetime '2026-01-01 09:43:00': time data '2026-01-01 09:43:00' does not match format '%Y-%m-%dT%H:%M:%S.%fZ'
2026-08-12 23:24:46 | WARNING | Could not parse candle datetime '2026-01-01 09:44:00': time data '2026-01-01 09:44:00' does not match format '%Y-%m-%dT%H:%M:%S.%fZ'
2026-08-12 23:24:46 | WARNING | Could not parse candle datetime '2026-01-01 09:45:00': time data '2026-01-01 09:45:00' does not match format '%Y-%m-%dT%H:%M:%S.%fZ'
2026-08-12 23:24:46 | WARNING | Could not parse candle datetime '2026-01-01 09:46:00': time data '2026-01-01 09:46:00' does not match format '%Y-%m-%dT%H:%M:%S.%fZ'
2026-08-12 23:24:46 | WARNING | Could not parse candle datetime '2026-01-01 09:47:00': time data '2026-01-01 09:47:00' does not match format '%Y-%m-%dT%H:%M:%S.%fZ'
2026-08-12 23:24:46 | WARNING | Could not parse candle datetime '2026-01-01 09:48:00': time data '2026-01-01 09:48:00' does not match format '%Y-%m-%dT%H:%M:%S.%fZ'
2026-08-12 23:24:46 | WARNING | Could not parse candle datetime '2026-01-01 09:49:00': time data '2026-01-01 09:49:00' does not match format '%Y-%m-%dT%H:%M:%S.%fZ'
2026-08-12 23:24:46 | WARNING | Could not parse candle datetime '2026-01-01 09:50:00': time data '2026-01-01 09:50:00' does not match format '%Y-%m-%dT%H:%M:%S.%fZ'
2026-08-12 23:24:46 | WARNING | Could not parse candle datetime '2026-01-01 09:51:00': time data '2026-01-01 09:51:00' does not match format '%Y-%m-%dT%H:%M:%S.%fZ'
2026-08-12 23:24:46 | WARNING | Could not parse candle datetime '2026-01-01 09:52:00': time data '2026-01-01 09:52:00' does not match format '%Y-%m-%dT%H:%M:%S.%fZ'
2026-08-12 23:24:46 | WARNING | Could not parse candle datetime '2026-01-01 09:53:00': time data '2026-01-01 09:53:00' does not match format '%Y-%m-%dT%H:%M:%S.%fZ'
2026-08-12 23:24:46 | WARNING | Could not parse candle datetime '2026-01-01 09:54:00': time data '2026-01-01 09:54:00' does not match format '%Y-%m-%dT%H:%M:%S.%fZ'
2026-08-12 23:24:46 | WARNING | Could not parse candle datetime '2026-01-01 09:55:00': time data '2026-01-01 09:55:00' does not match format '%Y-%m-%dT%H:%M:%S.%fZ'
2026-08-12 23:24:46 | WARNING | Could not parse candle datetime '2026-01-01 09:56:00': time data '2026-01-01 09:56:00' does not match format '%Y-%m-%dT%H:%M:%S.%fZ'
2026-08-12 23:24:46 | WARNING | Could not parse candle datetime '2026-01-01 09:57:00': time data '2026-01-01 09:57:00' does not match format '%Y-%m-%dT%H:%M:%S.%fZ'
2026-08-12 23:24:46 | WARNING | Could not parse candle datetime '2026-01-01 09:58:00': time data '2026-01-01 09:58:00' does not match format '%Y-%m-%dT%H:%M:%S.%fZ'
2026-08-12 23:24:46 | WARNING | Could not parse candle datetime '2026-01-01 09:59:00': time data '2026-01-01 09:59:00' does not match format '%Y-%m-%dT%H:%M:%S.%fZ'
2026-08-12 23:24:46 | WARNING | Could not parse candle datetime '2026-01-01 10:00:00': time data '2026-01-01 10:00:00' does not match format '%Y-%m-%dT%H:%M:%S.%fZ'
2026-08-12 23:24:46 | WARNING | Could not parse candle datetime '2026-01-01 10:01:00': time data '2026-01-01 10:01:00' does not match format '%Y-%m-%dT%H:%M:%S.%fZ'
2026-08-12 23:24:46 | WARNING | Could not parse candle datetime '2026-01-01 10:02:00': time data '2026-01-01 10:02:00' does not match format '%Y-%m-%dT%H:%M:%S.%fZ'
2026-08-12 23:24:46 | WARNING | Could not parse candle datetime '2026-01-01 10:03:00': time data '2026-01-01 10:03:00' does not match format '%Y-%m-%dT%H:%M:%S.%fZ'
2026-08-12 23:24:46 | WARNING | Could not parse candle datetime '2026-01-01 10:04:00': time data '2026-01-01 10:04:00' does not match format '%Y-%m-%dT%H:%M:%S.%fZ'
2026-08-12 23:24:46 | WARNING | Could not parse candle datetime '2026-01-01 10:05:00': time data '2026-01-01 10:05:00' does not match format '%Y-%m-%dT%H:%M:%S.%fZ'
2026-08-12 23:24:46 | WARNING | Could not parse candle datetime '2026-01-01 10:06:00': time data '2026-01-01 10:06:00' does not match format '%Y-%m-%dT%H:%M:%S.%fZ'
2026-08-12 23:24:46 | WARNING | Could not parse candle datetime '2026-01-01 10:07:00': time data '2026-01-01 10:07:00' does not match format '%Y-%m-%dT%H:%M:%S.%fZ'
2026-08-12 23:24:46 | WARNING | Could not parse candle datetime '2026-01-01 10:08:00': time data '2026-01-01 10:08:00' does not match format '%Y-%m-%dT%H:%M:%S.%fZ'
2026-08-12 23:24:46 | WARNING | Could not parse candle datetime '2026-01-01 10:09:00': time data '2026-01-01 10:09:00' does not match format '%Y-%m-%dT%H:%M:%S.%fZ'
2026-08-12 23:24:46 | WARNING | Could not parse candle datetime '2026-01-01 10:10:00': time data '2026-01-01 10:10:00' does not match format '%Y-%m-%dT%H:%M:%S.%fZ'
2026-08-12 23:24:46 | WARNING | Could not parse candle datetime '2026-01-01 10:11:00': time data '2026-01-01 10:11:00' does not match format '%Y-%m-%dT%H:%M:%S.%fZ'
2026-08-12 23:24:46 | WARNING | Could not parse candle datetime '2026-01-01 10:12:00': time data '2026-01-01 10:12:00' does not match format '%Y-%m-%dT%H:%M:%S.%fZ'
2026-08-12 23:24:46 | WARNING | Could not parse candle datetime '2026-01-01 10:13:00': time data '2026-01-01 10:13:00' does not match format '%Y-%m-%dT%H:%M:%S.%fZ'
2026-08-12 23:24:46 | WARNING | Could not parse candle datetime '2026-01-01 10:14:00': time data '2026-01-01 10:14:00' does not match format '%Y-%m-%dT%H:%M:%S.%fZ'
2026-08-12 23:24:46 | WARNING | Could not parse candle datetime '2026-01-01 10:15:00': time data '2026-01-01 10:15:00' does not match format '%Y-%m-%dT%H:%M:%S.%fZ'
2026-08-12 23:24:46 | WARNING | Could not parse candle datetime '2026-01-01 10:16:00': time data '2026-01-01 10:16:00' does not match format '%Y-%m-%dT%H:%M:%S.%fZ'
2026-08-12 23:24:46 | WARNING | Could not parse candle datetime '2026-01-01 10:17:00': time data '2026-01-01 10:17:00' does not match format '%Y-%m-%dT%H:%M:%S.%fZ'
2026-08-12 23:24:46 | WARNING | Could not parse candle datetime '2026-01-01 10:18:00': time data '2026-01-01 10:18:00' does not match format '%Y-%m-%dT%H:%M:%S.%fZ'
2026-08-12 23:24:46 | WARNING | Could not parse candle datetime '2026-01-01 10:19:00': time data '2026-01-01 10:19:00' does not match format '%Y-%m-%dT%H:%M:%S.%fZ'
2026-08-12 23:24:46 | WARNING | Could not parse candle datetime '2026-01-01 10:20:00': time data '2026-01-01 10:20:00' does not match format '%Y-%m-%dT%H:%M:%S.%fZ'
2026-08-12 23:24:46 | WARNING | Could not parse candle datetime '2026-01-01 10:21:00': time data '2026-01-01 10:21:00' does not match format '%Y-%m-%dT%H:%M:%S.%fZ'
2026-08-12 23:24:46 | WARNING | Could not parse candle datetime '2026-01-01 10:22:00': time data '2026-01-01 10:22:00' does not match format '%Y-%m-%dT%H:%M:%S.%fZ'
2026-08-12 23:24:46 | WARNING | Could not parse candle datetime '2026-01-01 10:23:00': time data '2026-01-01 10:23:00' does not match format '%Y-%m-%dT%H:%M:%S.%fZ'
2026-08-12 23:24:46 | WARNING | Could not parse candle datetime '2026-01-01 10:24:00': time data '2026-01-01 10:24:00' does not match format '%Y-%m-%dT%H:%M:%S.%fZ'
2026-08-12 23:24:46 | WARNING | Could not parse candle datetime '2026-01-01 10:25:00': time data '2026-01-01 10:25:00' does not match format '%Y-%m-%dT%H:%M:%S.%fZ'
2026-08-12 23:24:46 | WARNING | Could not parse candle datetime '2026-01-01 10:26:00': time data '2026-01-01 10:26:00' does not match format '%Y-%m-%dT%H:%M:%S.%fZ'
2026-08-12 23:24:46 | WARNING | Could not parse candle datetime '2026-01-01 10:27:00': time data '2026-01-01 10:27:00' does not match format '%Y-%m-%dT%H:%M:%S.%fZ'
2026-08-12 23:24:46 | WARNING | Could not parse candle datetime '2026-01-01 10:28:00': time data '2026-01-01 10:28:00' does not match format '%Y-%m-%dT%H:%M:%S.%fZ'
2026-08-12 23:24:46 | WARNING | Could not parse candle datetime '2026-01-01 10:29:00': time data '2026-01-01 10:29:00' does not match format '%Y-%m-%dT%H:%M:%S.%fZ'
2026-08-12 23:24:46 | WARNING | Could not parse candle datetime '2026-01-01 10:30:00': time data '2026-01-01 10:30:00' does not match format '%Y-%m-%dT%H:%M:%S.%fZ'
2026-08-12 23:24:46 | WARNING | Could not parse candle datetime '2026-01-01 10:31:00': time data '2026-01-01 10:31:00' does not match format '%Y-%m-%dT%H:%M:%S.%fZ'
2026-08-12 23:24:46 | WARNING | Could not parse candle datetime '2026-01-01 10:32:00': time data '2026-01-01 10:32:00' does not match format '%Y-%m-%dT%H:%M:%S.%fZ'
2026-08-12 23:24:46 | WARNING | Could not parse candle datetime '2026-01-01 10:33:00': time data '2026-01-01 10:33:00' does not match format '%Y-%m-%dT%H:%M:%S.%fZ'
2026-08-12 23:24:46 | WARNING | Could not parse candle datetime '2026-01-01 10:34:00': time data '2026-01-01 10:34:00' does not match format '%Y-%m-%dT%H:%M:%S.%fZ'
2026-08-12 23:24:46 | WARNING | Could not parse candle datetime '2026-01-01 10:35:00': time data '2026-01-01 10:35:00' does not match format '%Y-%m-%dT%H:%M:%S.%fZ'
2026-08-12 23:24:46 | WARNING | Could not parse candle datetime '2026-01-01 10:36:00': time data '2026-01-01 10:36:00' does not match format '%Y-%m-%dT%H:%M:%S.%fZ'
2026-08-12 23:24:46 | WARNING | Could not parse candle datetime '2026-01-01 10:37:00': time data '2026-01-01 10:37:00' does not match format '%Y-%m-%dT%H:%M:%S.%fZ'
2026-08-12 23:24:46 | WARNING | Could not parse candle datetime '2026-01-01 10:38:00': time data '2026-01-01 10:38:00' does not match format '%Y-%m-%dT%H:%M:%S.%fZ'
2026-08-12 23:24:46 | WARNING | Could not parse candle datetime '2026-01-01 10:39:00': time data '2026-01-01 10:39:00' does not match format '%Y-%m-%dT%H:%M:%S.%fZ'
2026-08-12 23:24:46 | WARNING | Could not parse candle datetime '2026-01-01 10:40:00': time data '2026-01-01 10:40:00' does not match format '%Y-%m-%dT%H:%M:%S.%fZ'
2026-08-12 23:24:46 | WARNING | Could not parse candle datetime '2026-01-01 10:41:00': time data '2026-01-01 10:41:00' does not match format '%Y-%m-%dT%H:%M:%S.%fZ'
2026-08-12 23:24:46 | WARNING | Could not parse candle datetime '2026-01-01 10:42:00': time data '2026-01-01 10:42:00' does not match format '%Y-%m-%dT%H:%M:%S.%fZ'
2026-08-12 23:24:46 | WARNING | Could not parse candle datetime '2026-01-01 10:43:00': time data '2026-01-01 10:43:00' does not match format '%Y-%m-%dT%H:%M:%S.%fZ'
2026-08-12 23:24:46 | WARNING | Could not parse candle datetime '2026-01-01 10:44:00': time data '2026-01-01 10:44:00' does not match format '%Y-%m-%dT%H:%M:%S.%fZ'
2026-08-12 23:24:46 | WARNING | Could not parse candle datetime '2026-01-01 10:45:00': time data '2026-01-01 10:45:00' does not match format '%Y-%m-%dT%H:%M:%S.%fZ'
2026-08-12 23:24:46 | WARNING | Could not parse candle datetime '2026-01-01 10:46:00': time data '2026-01-01 10:46:00' does not match format '%Y-%m-%dT%H:%M:%S.%fZ'
2026-08-12 23:24:46 | WARNING | Could not parse candle datetime '2026-01-01 10:47:00': time data '2026-01-01 10:47:00' does not match format '%Y-%m-%dT%H:%M:%S.%fZ'
2026-08-12 23:24:46 | WARNING | Could not parse candle datetime '2026-01-01 10:48:00': time data '2026-01-01 10:48:00' does not match format '%Y-%m-%dT%H:%M:%S.%fZ'
2026-08-12 23:24:46 | WARNING | Could not parse candle datetime '2026-01-01 10:49:00': time data '2026-01-01 10:49:00' does not match format '%Y-%m-%dT%H:%M:%S.%fZ'
2026-08-12 23:24:46 | WARNING | Could not parse candle datetime '2026-01-01 10:50:00': time data '2026-01-01 10:50:00' does not match format '%Y-%m-%dT%H:%M:%S.%fZ'
2026-08-12 23:24:46 | WARNING | Could not parse candle datetime '2026-01-01 10:51:00': time data '2026-01-01 10:51:00' does not match format '%Y-%m-%dT%H:%M:%S.%fZ'
2026-08-12 23:24:46 | WARNING | Could not parse candle datetime '2026-01-01 10:52:00': time data '2026-01-01 10:52:00' does not match format '%Y-%m-%dT%H:%M:%S.%fZ'
2026-08-12 23:24:46 | WARNING | Could not parse candle datetime '2026-01-01 10:53:00': time data '2026-01-01 10:53:00' does not match format '%Y-%m-%dT%H:%M:%S.%fZ'
2026-08-12 23:24:46 | WARNING | Could not parse candle datetime '2026-01-01 10:54:00': time data '2026-01-01 10:54:00' does not match format '%Y-%m-%dT%H:%M:%S.%fZ'
2026-08-12 23:24:46 | WARNING | Could not parse candle datetime '2026-01-01 10:55:00': time data '2026-01-01 10:55:00' does not match format '%Y-%m-%dT%H:%M:%S.%fZ'
2026-08-12 23:24:46 | WARNING | Could not parse candle datetime '2026-01-01 10:56:00': time data '2026-01-01 10:56:00' does not match format '%Y-%m-%dT%H:%M:%S.%fZ'
2026-08-12 23:24:46 | WARNING | Could not parse candle datetime '2026-01-01 10:57:00': time data '2026-01-01 10:57:00' does not match format '%Y-%m-%dT%H:%M:%S.%fZ'
2026-08-12 23:24:46 | WARNING | Could not parse candle datetime '2026-01-01 10:58:00': time data '2026-01-01 10:58:00' does not match format '%Y-%m-%dT%H:%M:%S.%fZ'
2026-08-12 23:24:46 | WARNING | Could not parse candle datetime '2026-01-01 10:59:00': time data '2026-01-01 10:59:00' does not match format '%Y-%m-%dT%H:%M:%S.%fZ'
2026-08-12 23:24:46 | WARNING | Could not parse candle datetime '2026-01-01 11:00:00': time data '2026-01-01 11:00:00' does not match format '%Y-%m-%dT%H:%M:%S.%fZ'
2026-08-12 23:24:46 | WARNING | Could not parse candle datetime '2026-01-01 11:01:00': time data '2026-01-01 11:01:00' does not match format '%Y-%m-%dT%H:%M:%S.%fZ'
2026-08-12 23:24:46 | WARNING | Could not parse candle datetime '2026-01-01 11:02:00': time data '2026-01-01 11:02:00' does not match format '%Y-%m-%dT%H:%M:%S.%fZ'
2026-08-12 23:24:46 | WARNING | Could not parse candle datetime '2026-01-01 11:03:00': time data '2026-01-01 11:03:00' does not match format '%Y-%m-%dT%H:%M:%S.%fZ'
2026-08-12 23:24:46 | WARNING | Could not parse candle datetime '2026-01-01 11:04:00': time data '2026-01-01 11:04:00' does not match format '%Y-%m-%dT%H:%M:%S.%fZ'
2026-08-12 23:24:46 | WARNING | Could not parse candle datetime '2026-01-01 11:05:00': time data '2026-01-01 11:05:00' does not match format '%Y-%m-%dT%H:%M:%S.%fZ'
2026-08-12 23:24:46 | WARNING | Could not parse candle datetime '2026-01-01 11:06:00': time data '2026-01-01 11:06:00' does not match format '%Y-%m-%dT%H:%M:%S.%fZ'
2026-08-12 23:24:46 | WARNING | Could not parse candle datetime '2026-01-01 11:07:00': time data '2026-01-01 11:07:00' does not match format '%Y-%m-%dT%H:%M:%S.%fZ'
2026-08-12 23:24:46 | WARNING | Could not parse candle datetime '2026-01-01 11:08:00': time data '2026-01-01 11:08:00' does not match format '%Y-%m-%dT%H:%M:%S.%fZ'
2026-08-12 23:24:46 | WARNING | Could not parse candle datetime '2026-01-01 11:09:00': time data '2026-01-01 11:09:00' does not match format '%Y-%m-%dT%H:%M:%S.%fZ'
2026-08-12 23:24:46 | WARNING | Could not parse candle datetime '2026-01-01 11:10:00': time data '2026-01-01 11:10:00' does not match format '%Y-%m-%dT%H:%M:%S.%fZ'
2026-08-12 23:24:46 | WARNING | Could not parse candle datetime '2026-01-01 11:11:00': time data '2026-01-01 11:11:00' does not match format '%Y-%m-%dT%H:%M:%S.%fZ'
2026-08-12 23:24:46 | WARNING | Could not parse candle datetime '2026-01-01 11:12:00': time data '2026-01-01 11:12:00' does not match format '%Y-%m-%dT%H:%M:%S.%fZ'
2026-08-12 23:24:46 | WARNING | Could not parse candle datetime '2026-01-01 11:13:00': time data '2026-01-01 11:13:00' does not match format '%Y-%m-%dT%H:%M:%S.%fZ'
2026-08-12 23:24:46 | WARNING | Could not parse candle datetime '2026-01-01 11:14:00': time data '2026-01-01 11:14:00' does not match format '%Y-%m-%dT%H:%M:%S.%fZ'
2026-08-12 23:24:46 | WARNING | Could not parse candle datetime '2026-01-01 11:15:00': time data '2026-01-01 11:15:00' does not match format '%Y-%m-%dT%H:%M:%S.%fZ'
2026-08-12 23:24:46 | WARNING | Could not parse candle datetime '2026-01-01 11:16:00': time data '2026-01-01 11:16:00' does not match format '%Y-%m-%dT%H:%M:%S.%fZ'
2026-08-12 23:24:46 | WARNING | Could not parse candle datetime '2026-01-01 11:17:00': time data '2026-01-01 11:17:00' does not match format '%Y-%m-%dT%H:%M:%S.%fZ'
2026-08-12 23:24:46 | WARNING | Could not parse candle datetime '2026-01-01 11:18:00': time data '2026-01-01 11:18:00' does not match format '%Y-%m-%dT%H:%M:%S.%fZ'
2026-08-12 23:24:46 | WARNING | Could not parse candle datetime '2026-01-01 11:19:00': time data '2026-01-01 11:19:00' does not match format '%Y-%m-%dT%H:%M:%S.%fZ'
2026-08-12 23:24:46 | WARNING | Could not parse candle datetime '2026-01-01 11:20:00': time data '2026-01-01 11:20:00' does not match format '%Y-%m-%dT%H:%M:%S.%fZ'
2026-08-12 23:24:46 | WARNING | Could not parse candle datetime '2026-01-01 11:21:00': time data '2026-01-01 11:21:00' does not match format '%Y-%m-%dT%H:%M:%S.%fZ'
2026-08-12 23:24:46 | WARNING | Could not parse candle datetime '2026-01-01 11:22:00': time data '2026-01-01 11:22:00' does not match format '%Y-%m-%dT%H:%M:%S.%fZ'
2026-08-12 23:24:46 | WARNING | Could not parse candle datetime '2026-01-01 11:23:00': time data '2026-01-01 11:23:00' does not match format '%Y-%m-%dT%H:%M:%S.%fZ'
2026-08-12 23:24:46 | WARNING | Could not parse candle datetime '2026-01-01 11:24:00': time data '2026-01-01 11:24:00' does not match format '%Y-%m-%dT%H:%M:%S.%fZ'
2026-08-12 23:24:46 | WARNING | Could not parse candle datetime '2026-01-01 11:25:00': time data '2026-01-01 11:25:00' does not match format '%Y-%m-%dT%H:%M:%S.%fZ'
2026-08-12 23:24:46 | WARNING | Could not parse candle datetime '2026-01-01 11:26:00': time data '2026-01-01 11:26:00' does not match format '%Y-%m-%dT%H:%M:%S.%fZ'
2026-08-12 23:24:46 | WARNING | Could not parse candle datetime '2026-01-01 11:27:00': time data '2026-01-01 11:27:00' does not match format '%Y-%m-%dT%H:%M:%S.%fZ'
2026-08-12 23:24:46 | WARNING | Could not parse candle datetime '2026-01-01 11:28:00': time data '2026-01-01 11:28:00' does not match format '%Y-%m-%dT%H:%M:%S.%fZ'
2026-08-12 23:24:46 | WARNING | Could not parse candle datetime '2026-01-01 11:29:00': time data '2026-01-01 11:29:00' does not match format '%Y-%m-%dT%H:%M:%S.%fZ'
2026-08-12 23:24:46 | WARNING | Could not parse candle datetime '2026-01-01 11:30:00': time data '2026-01-01 11:30:00' does not match format '%Y-%m-%dT%H:%M:%S.%fZ'
2026-08-12 23:24:46 | WARNING | Could not parse candle datetime '2026-01-01 11:31:00': time data '2026-01-01 11:31:00' does not match format '%Y-%m-%dT%H:%M:%S.%fZ'
2026-08-12 23:24:46 | WARNING | Could not parse candle datetime '2026-01-01 11:32:00': time data '2026-01-01 11:32:00' does not match format '%Y-%m-%dT%H:%M:%S.%fZ'
2026-08-12 23:24:46 | WARNING | Could not parse candle datetime '2026-01-01 11:33:00': time data '2026-01-01 11:33:00' does not match format '%Y-%m-%dT%H:%M:%S.%fZ'
2026-08-12 23:24:46 | WARNING | Could not parse candle datetime '2026-01-01 11:34:00': time data '2026-01-01 11:34:00' does not match format '%Y-%m-%dT%H:%M:%S.%fZ'
2026-08-12 23:24:46 | WARNING | Could not parse candle datetime '2026-01-01 11:35:00': time data '2026-01-01 11:35:00' does not match format '%Y-%m-%dT%H:%M:%S.%fZ'
2026-08-12 23:24:46 | WARNING | Could not parse candle datetime '2026-01-01 11:36:00': time data '2026-01-01 11:36:00' does not match format '%Y-%m-%dT%H:%M:%S.%fZ'
2026-08-12 23:24:46 | WARNING | Could not parse candle datetime '2026-01-01 11:37:00': time data '2026-01-01 11:37:00' does not match format '%Y-%m-%dT%H:%M:%S.%fZ'
2026-08-12 23:24:46 | WARNING | Could not parse candle datetime '2026-01-01 11:38:00': time data '2026-01-01 11:38:00' does not match format '%Y-%m-%dT%H:%M:%S.%fZ'
2026-08-12 23:24:46 | WARNING | Could not parse candle datetime '2026-01-01 11:39:00': time data '2026-01-01 11:39:00' does not match format '%Y-%m-%dT%H:%M:%S.%fZ'
2026-08-12 23:24:46 | WARNING | Could not parse candle datetime '2026-01-01 11:40:00': time data '2026-01-01 11:40:00' does not match format '%Y-%m-%dT%H:%M:%S.%fZ'
2026-08-12 23:24:46 | WARNING | Could not parse candle datetime '2026-01-01 11:41:00': time data '2026-01-01 11:41:00' does not match format '%Y-%m-%dT%H:%M:%S.%fZ'
2026-08-12 23:24:46 | WARNING | Could not parse candle datetime '2026-01-01 11:42:00': time data '2026-01-01 11:42:00' does not match format '%Y-%m-%dT%H:%M:%S.%fZ'
2026-08-12 23:24:46 | WARNING | Could not parse candle datetime '2026-01-01 11:43:00': time data '2026-01-01 11:43:00' does not match format '%Y-%m-%dT%H:%M:%S.%fZ'
2026-08-12 23:24:46 | WARNING | Could not parse candle datetime '2026-01-01 11:44:00': time data '2026-01-01 11:44:00' does not match format '%Y-%m-%dT%H:%M:%S.%fZ'
2026-08-12 23:24:46 | WARNING | Could not parse candle datetime '2026-01-01 11:45:00': time data '2026-01-01 11:45:00' does not match format '%Y-%m-%dT%H:%M:%S.%fZ'
2026-08-12 23:24:46 | WARNING | Could not parse candle datetime '2026-01-01 11:46:00': time data '2026-01-01 11:46:00' does not match format '%Y-%m-%dT%H:%M:%S.%fZ'
2026-08-12 23:24:46 | WARNING | Could not parse candle datetime '2026-01-01 11:47:00': time data '2026-01-01 11:47:00' does not match format '%Y-%m-%dT%H:%M:%S.%fZ'
2026-08-12 23:24:46 | WARNING | Could not parse candle datetime '2026-01-01 11:48:00': time data '2026-01-01 11:48:00' does not match format '%Y-%m-%dT%H:%M:%S.%fZ'
2026-08-12 23:24:46 | WARNING | Could not parse candle datetime '2026-01-01 11:49:00': time data '2026-01-01 11:49:00' does not match format '%Y-%m-%dT%H:%M:%S.%fZ'
2026-08-12 23:24:46 | WARNING | Could not parse candle datetime '2026-01-01 11:50:00': time data '2026-01-01 11:50:00' does not match format '%Y-%m-%dT%H:%M:%S.%fZ'
2026-08-12 23:24:46 | WARNING | Could not parse candle datetime '2026-01-01 11:51:00': time data '2026-01-01 11:51:00' does not match format '%Y-%m-%dT%H:%M:%S.%fZ'
2026-08-12 23:24:46 | WARNING | Could not parse candle datetime '2026-01-01 11:52:00': time data '2026-01-01 11:52:00' does not match format '%Y-%m-%dT%H:%M:%S.%fZ'
2026-08-12 23:24:46 | WARNING | Could not parse candle datetime '2026-01-01 11:53:00': time data '2026-01-01 11:53:00' does not match format '%Y-%m-%dT%H:%M:%S.%fZ'
2026-08-12 23:24:46 | WARNING | Could not parse candle datetime '2026-01-01 11:54:00': time data '2026-01-01 11:54:00' does not match format '%Y-%m-%dT%H:%M:%S.%fZ'
2026-08-12 23:24:46 | WARNING | Could not parse candle datetime '2026-01-01 11:55:00': time data '2026-01-01 11:55:00' does not match format '%Y-%m-%dT%H:%M:%S.%fZ'
2026-08-12 23:24:46 | WARNING | Could not parse candle datetime '2026-01-01 11:56:00': time data '2026-01-01 11:56:00' does not match format '%Y-%m-%dT%H:%M:%S.%fZ'
2026-08-12 23:24:46 | WARNING | Could not parse candle datetime '2026-01-01 11:57:00': time data '2026-01-01 11:57:00' does not match format '%Y-%m-%dT%H:%M:%S.%fZ'
2026-08-12 23:24:46 | WARNING | Could not parse candle datetime '2026-01-01 11:58:00': time data '2026-01-01 11:58:00' does not match format '%Y-%m-%dT%H:%M:%S.%fZ'
2026-08-12 23:24:46 | WARNING | Could not parse candle datetime '2026-01-01 11:59:00': time data '2026-01-01 11:59:00' does not match format '%Y-%m-%dT%H:%M:%S.%fZ'
2026-08-12 23:24:46 | WARNING | Could not parse candle datetime '2026-01-01 12:00:00': time data '2026-01-01 12:00:00' does not match format '%Y-%m-%dT%H:%M:%S.%fZ'
2026-08-12 23:24:46 | WARNING | Could not parse candle datetime '2026-01-01 12:01:00': time data '2026-01-01 12:01:00' does not match format '%Y-%m-%dT%H:%M:%S.%fZ'
2026-08-12 23:24:46 | WARNING | Could not parse candle datetime '2026-01-01 12:02:00': time data '2026-01-01 12:02:00' does not match format '%Y-%m-%dT%H:%M:%S.%fZ'
2026-08-12 23:24:46 | WARNING | Could not parse candle datetime '2026-01-01 12:03:00': time data '2026-01-01 12:03:00' does not match format '%Y-%m-%dT%H:%M:%S.%fZ'
2026-08-12 23:24:46 | WARNING | Could not parse candle datetime '2026-01-01 12:04:00': time data '2026-01-01 12:04:00' does not match format '%Y-%m-%dT%H:%M:%S.%fZ'
2026-08-12 23:24:46 | WARNING | Could not parse candle datetime '2026-01-01 12:05:00': time data '2026-01-01 12:05:00' does not match format '%Y-%m-%dT%H:%M:%S.%fZ'
2026-08-12 23:24:46 | WARNING | Could not parse candle datetime '2026-01-01 12:06:00': time data '2026-01-01 12:06:00' does not match format '%Y-%m-%dT%H:%M:%S.%fZ'
2026-08-12 23:24:46 | WARNING | Could not parse candle datetime '2026-01-01 12:07:00': time data '2026-01-01 12:07:00' does not match format '%Y-%m-%dT%H:%M:%S.%fZ'
2026-08-12 23:24:46 | WARNING | Could not parse candle datetime '2026-01-01 12:08:00': time data '2026-01-01 12:08:00' does not match format '%Y-%m-%dT%H:%M:%S.%fZ'
2026-08-12 23:24:46 | WARNING | Could not parse candle datetime '2026-01-01 12:09:00': time data '2026-01-01 12:09:00' does not match format '%Y-%m-%dT%H:%M:%S.%fZ'
2026-08-12 23:24:46 | WARNING | Could not parse candle datetime '2026-01-01 12:10:00': time data '2026-01-01 12:10:00' does not match format '%Y-%m-%dT%H:%M:%S.%fZ'
2026-08-12 23:24:46 | WARNING | Could not parse candle datetime '2026-01-01 12:11:00': time data '2026-01-01 12:11:00' does not match format '%Y-%m-%dT%H:%M:%S.%fZ'
2026-08-12 23:24:46 | WARNING | Could not parse candle datetime '2026-01-01 12:12:00': time data '2026-01-01 12:12:00' does not match format '%Y-%m-%dT%H:%M:%S.%fZ'
2026-08-12 23:24:46 | WARNING | Could not parse candle datetime '2026-01-01 12:13:00': time data '2026-01-01 12:13:00' does not match format '%Y-%m-%dT%H:%M:%S.%fZ'
2026-08-12 23:24:46 | WARNING | Could not parse candle datetime '2026-01-01 12:14:00': time data '2026-01-01 12:14:00' does not match format '%Y-%m-%dT%H:%M:%S.%fZ'
2026-08-12 23:24:46 | WARNING | Could not parse candle datetime '2026-01-01 12:15:00': time data '2026-01-01 12:15:00' does not match format '%Y-%m-%dT%H:%M:%S.%fZ'
2026-08-12 23:24:46 | WARNING | Could not parse candle datetime '2026-01-01 12:16:00': time data '2026-01-01 12:16:00' does not match format '%Y-%m-%dT%H:%M:%S.%fZ'
2026-08-12 23:24:46 | WARNING | Could not parse candle datetime '2026-01-01 12:17:00': time data '2026-01-01 12:17:00' does not match format '%Y-%m-%dT%H:%M:%S.%fZ'
2026-08-12 23:24:46 | WARNING | Could not parse candle datetime '2026-01-01 12:18:00': time data '2026-01-01 12:18:00' does not match format '%Y-%m-%dT%H:%M:%S.%fZ'
2026-08-12 23:24:46 | WARNING | Could not parse candle datetime '2026-01-01 12:19:00': time data '2026-01-01 12:19:00' does not match format '%Y-%m-%dT%H:%M:%S.%fZ'
2026-08-12 23:24:46 | WARNING | Could not parse candle datetime '2026-01-01 12:20:00': time data '2026-01-01 12:20:00' does not match format '%Y-%m-%dT%H:%M:%S.%fZ'
2026-08-12 23:24:46 | WARNING | Could not parse candle datetime '2026-01-01 12:21:00': time data '2026-01-01 12:21:00' does not match format '%Y-%m-%dT%H:%M:%S.%fZ'
2026-08-12 23:24:46 | WARNING | Could not parse candle datetime '2026-01-01 12:22:00': time data '2026-01-01 12:22:00' does not match format '%Y-%m-%dT%H:%M:%S.%fZ'
2026-08-12 23:24:46 | WARNING | Could not parse candle datetime '2026-01-01 12:23:00': time data '2026-01-01 12:23:00' does not match format '%Y-%m-%dT%H:%M:%S.%fZ'
2026-08-12 23:24:46 | WARNING | Could not parse candle datetime '2026-01-01 12:24:00': time data '2026-01-01 12:24:00' does not match format '%Y-%m-%dT%H:%M:%S.%fZ'
2026-08-12 23:24:46 | WARNING | Could not parse candle datetime '2026-01-01 12:25:00': time data '2026-01-01 12:25:00' does not match format '%Y-%m-%dT%H:%M:%S.%fZ'
2026-08-12 23:24:46 | WARNING | Could not parse candle datetime '2026-01-01 12:26:00': time data '2026-01-01 12:26:00' does not match format '%Y-%m-%dT%H:%M:%S.%fZ'
2026-08-12 23:24:46 | WARNING | Could not parse candle datetime '2026-01-01 12:27:00': time data '2026-01-01 12:27:00' does not match format '%Y-%m-%dT%H:%M:%S.%fZ'
2026-08-12 23:24:46 | WARNING | Could not parse candle datetime '2026-01-01 12:28:00': time data '2026-01-01 12:28:00' does not match format '%Y-%m-%dT%H:%M:%S.%fZ'
2026-08-12 23:24:46 | WARNING | Could not parse candle datetime '2026-01-01 12:29:00': time data '2026-01-01 12:29:00' does not match format '%Y-%m-%dT%H:%M:%S.%fZ'
2026-08-12 23:24:46 | WARNING | Could not parse candle datetime '2026-01-01 12:30:00': time data '2026-01-01 12:30:00' does not match format '%Y-%m-%dT%H:%M:%S.%fZ'
2026-08-12 23:24:46 | WARNING | Could not parse candle datetime '2026-01-01 12:31:00': time data '2026-01-01 12:31:00' does not match format '%Y-%m-%dT%H:%M:%S.%fZ'
2026-08-12 23:24:46 | WARNING | Could not parse candle datetime '2026-01-01 12:32:00': time data '2026-01-01 12:32:00' does not match format '%Y-%m-%dT%H:%M:%S.%fZ'
2026-08-12 23:24:46 | WARNING | Could not parse candle datetime '2026-01-01 12:33:00': time data '2026-01-01 12:33:00' does not match format '%Y-%m-%dT%H:%M:%S.%fZ'
2026-08-12 23:24:46 | WARNING | Could not parse candle datetime '2026-01-01 12:34:00': time data '2026-01-01 12:34:00' does not match format '%Y-%m-%dT%H:%M:%S.%fZ'
2026-08-12 23:24:46 | WARNING | Could not parse candle datetime '2026-01-01 12:35:00': time data '2026-01-01 12:35:00' does not match format '%Y-%m-%dT%H:%M:%S.%fZ'
2026-08-12 23:24:46 | WARNING | Could not parse candle datetime '2026-01-01 12:36:00': time data '2026-01-01 12:36:00' does not match format '%Y-%m-%dT%H:%M:%S.%fZ'
2026-08-12 23:24:46 | WARNING | Could not parse candle datetime '2026-01-01 12:37:00': time data '2026-01-01 12:37:00' does not match format '%Y-%m-%dT%H:%M:%S.%fZ'
2026-08-12 23:24:46 | WARNING | Could not parse candle datetime '2026-01-01 12:38:00': time data '2026-01-01 12:38:00' does not match format '%Y-%m-%dT%H:%M:%S.%fZ'
2026-08-12 23:24:46 | WARNING | Could not parse candle datetime '2026-01-01 12:39:00': time data '2026-01-01 12:39:00' does not match format '%Y-%m-%dT%H:%M:%S.%fZ'
2026-08-12 23:24:46 | WARNING | Could not parse candle datetime '2026-01-01 12:40:00': time data '2026-01-01 12:40:00' does not match format '%Y-%m-%dT%H:%M:%S.%fZ'
2026-08-12 23:24:46 | WARNING | Could not parse candle datetime '2026-01-01 12:41:00': time data '2026-01-01 12:41:00' does not match format '%Y-%m-%dT%H:%M:%S.%fZ'
2026-08-12 23:24:46 | WARNING | Could not parse candle datetime '2026-01-01 12:42:00': time data '2026-01-01 12:42:00' does not match format '%Y-%m-%dT%H:%M:%S.%fZ'
2026-08-12 23:24:46 | WARNING | Could not parse candle datetime '2026-01-01 12:43:00': time data '2026-01-01 12:43:00' does not match format '%Y-%m-%dT%H:%M:%S.%fZ'
2026-08-12 23:24:46 | WARNING | Could not parse candle datetime '2026-01-01 12:44:00': time data '2026-01-01 12:44:00' does not match format '%Y-%m-%dT%H:%M:%S.%fZ'
2026-08-12 23:24:46 | WARNING | Could not parse candle datetime '2026-01-01 12:45:00': time data '2026-01-01 12:45:00' does not match format '%Y-%m-%dT%H:%M:%S.%fZ'
2026-08-12 23:24:46 | WARNING | Could not parse candle datetime '2026-01-01 12:46:00': time data '2026-01-01 12:46:00' does not match format '%Y-%m-%dT%H:%M:%S.%fZ'
2026-08-12 23:24:46 | WARNING | Could not parse candle datetime '2026-01-01 12:47:00': time data '2026-01-01 12:47:00' does not match format '%Y-%m-%dT%H:%M:%S.%fZ'
2026-08-12 23:24:46 | WARNING | Could not parse candle datetime '2026-01-01 12:48:00': time data '2026-01-01 12:48:00' does not match format '%Y-%m-%dT%H:%M:%S.%fZ'
2026-08-12 23:24:46 | WARNING | Could not parse candle datetime '2026-01-01 12:49:00': time data '2026-01-01 12:49:00' does not match format '%Y-%m-%dT%H:%M:%S.%fZ'
2026-08-12 23:24:46 | WARNING | Could not parse candle datetime '2026-01-01 12:50:00': time data '2026-01-01 12:50:00' does not match format '%Y-%m-%dT%H:%M:%S.%fZ'
2026-08-12 23:24:46 | WARNING | Could not parse candle datetime '2026-01-01 12:51:00': time data '2026-01-01 12:51:00' does not match format '%Y-%m-%dT%H:%M:%S.%fZ'
2026-08-12 23:24:46 | WARNING | Could not parse candle datetime '2026-01-01 12:52:00': time data '2026-01-01 12:52:00' does not match format '%Y-%m-%dT%H:%M:%S.%fZ'
2026-08-12 23:24:46 | WARNING | Could not parse candle datetime '2026-01-01 12:53:00': time data '2026-01-01 12:53:00' does not match format '%Y-%m-%dT%H:%M:%S.%fZ'
2026-08-12 23:24:46 | WARNING | Could not parse candle datetime '2026-01-01 12:54:00': time data '2026-01-01 12:54:00' does not match format '%Y-%m-%dT%H:%M:%S.%fZ'
2026-08-12 23:24:46 | WARNING | Could not parse candle datetime '2026-01-01 12:55:00': time data '2026-01-01 12:55:00' does not match format '%Y-%m-%dT%H:%M:%S.%fZ'
2026-08-12 23:24:46 | WARNING | Could not parse candle datetime '2026-01-01 12:56:00': time data '2026-01-01 12:56:00' does not match format '%Y-%m-%dT%H:%M:%S.%fZ'
2026-08-12 23:24:46 | WARNING | Could not parse candle datetime '2026-01-01 12:57:00': time data '2026-01-01 12:57:00' does not match format '%Y-%m-%dT%H:%M:%S.%fZ'
2026-08-12 23:24:46 | WARNING | Could not parse candle datetime '2026-01-01 12:58:00': time data '2026-01-01 12:58:00' does not match format '%Y-%m-%dT%H:%M:%S.%fZ'
2026-08-12 23:24:46 | WARNING | Could not parse candle datetime '2026-01-01 12:59:00': time data '2026-01-01 12:59:00' does not match format '%Y-%m-%dT%H:%M:%S.%fZ'
2026-08-12 23:24:46 | WARNING | Could not parse candle datetime '2026-01-01 13:00:00': time data '2026-01-01 13:00:00' does not match format '%Y-%m-%dT%H:%M:%S.%fZ'
2026-08-12 23:24:46 | WARNING | Could not parse candle datetime '2026-01-01 13:01:00': time data '2026-01-01 13:01:00' does not match format '%Y-%m-%dT%H:%M:%S.%fZ'
2026-08-12 23:24:46 | WARNING | Could not parse candle datetime '2026-01-01 13:02:00': time data '2026-01-01 13:02:00' does not match format '%Y-%m-%dT%H:%M:%S.%fZ'
2026-08-12 23:24:46 | WARNING | Could not parse candle datetime '2026-01-01 13:03:00': time data '2026-01-01 13:03:00' does not match format '%Y-%m-%dT%H:%M:%S.%fZ'
2026-08-12 23:24:46 | WARNING | Could not parse candle datetime '2026-01-01 13:04:00': time data '2026-01-01 13:04:00' does not match format '%Y-%m-%dT%H:%M:%S.%fZ'
2026-08-12 23:24:46 | WARNING | Could not parse candle datetime '2026-01-01 13:05:00': time data '2026-01-01 13:05:00' does not match format '%Y-%m-%dT%H:%M:%S.%fZ'
2026-08-12 23:24:46 | WARNING | Could not parse candle datetime '2026-01-01 13:06:00': time data '2026-01-01 13:06:00' does not match format '%Y-%m-%dT%H:%M:%S.%fZ'
2026-08-12 23:24:46 | WARNING | Could not parse candle datetime '2026-01-01 13:07:00': time data '2026-01-01 13:07:00' does not match format '%Y-%m-%dT%H:%M:%S.%fZ'
2026-08-12 23:24:46 | WARNING | Could not parse candle datetime '2026-01-01 13:08:00': time data '2026-01-01 13:08:00' does not match format '%Y-%m-%dT%H:%M:%S.%fZ'
2026-08-12 23:24:46 | WARNING | Could not parse candle datetime '2026-01-01 13:09:00': time data '2026-01-01 13:09:00' does not match format '%Y-%m-%dT%H:%M:%S.%fZ'
2026-08-12 23:24:46 | WARNING | Could not parse candle datetime '2026-01-01 13:10:00': time data '2026-01-01 13:10:00' does not match format '%Y-%m-%dT%H:%M:%S.%fZ'
2026-08-12 23:24:46 | WARNING | Could not parse candle datetime '2026-01-01 13:11:00': time data '2026-01-01 13:11:00' does not match format '%Y-%m-%dT%H:%M:%S.%fZ'
2026-08-12 23:24:46 | WARNING | Could not parse candle datetime '2026-01-01 13:12:00': time data '2026-01-01 13:12:00' does not match format '%Y-%m-%dT%H:%M:%S.%fZ'
2026-08-12 23:24:46 | WARNING | Could not parse candle datetime '2026-01-01 13:13:00': time data '2026-01-01 13:13:00' does not match format '%Y-%m-%dT%H:%M:%S.%fZ'
2026-08-12 23:24:46 | WARNING | Could not parse candle datetime '2026-01-01 13:14:00': time data '2026-01-01 13:14:00' does not match format '%Y-%m-%dT%H:%M:%S.%fZ'
2026-08-12 23:24:46 | WARNING | Could not parse candle datetime '2026-01-01 13:15:00': time data '2026-01-01 13:15:00' does not match format '%Y-%m-%dT%H:%M:%S.%fZ'
2026-08-12 23:24:46 | WARNING | Could not parse candle datetime '2026-01-01 13:16:00': time data '2026-01-01 13:16:00' does not match format '%Y-%m-%dT%H:%M:%S.%fZ'
2026-08-12 23:24:46 | WARNING | Could not parse candle datetime '2026-01-01 13:17:00': time data '2026-01-01 13:17:00' does not match format '%Y-%m-%dT%H:%M:%S.%fZ'
2026-08-12 23:24:46 | WARNING | Could not parse candle datetime '2026-01-01 13:18:00': time data '2026-01-01 13:18:00' does not match format '%Y-%m-%dT%H:%M:%S.%fZ'
2026-08-12 23:24:46 | WARNING | Could not parse candle datetime '2026-01-01 13:19:00': time data '2026-01-01 13:19:00' does not match format '%Y-%m-%dT%H:%M:%S.%fZ'
2026-08-12 23:24:46 | WARNING | Could not parse candle datetime '2026-01-01 13:20:00': time data '2026-01-01 13:20:00' does not match format '%Y-%m-%dT%H:%M:%S.%fZ'
2026-08-12 23:24:46 | WARNING | Could not parse candle datetime '2026-01-01 13:21:00': time data '2026-01-01 13:21:00' does not match format '%Y-%m-%dT%H:%M:%S.%fZ'
2026-08-12 23:24:46 | WARNING | Could not parse candle datetime '2026-01-01 13:22:00': time data '2026-01-01 13:22:00' does not match format '%Y-%m-%dT%H:%M:%S.%fZ'
2026-08-12 23:24:46 | WARNING | Could not parse candle datetime '2026-01-01 13:23:00': time data '2026-01-01 13:23:00' does not match format '%Y-%m-%dT%H:%M:%S.%fZ'
2026-08-12 23:24:46 | WARNING | Could not parse candle datetime '2026-01-01 13:24:00': time data '2026-01-01 13:24:00' does not match format '%Y-%m-%dT%H:%M:%S.%fZ'
2026-08-12 23:24:46 | WARNING | Could not parse candle datetime '2026-01-01 13:25:00': time data '2026-01-01 13:25:00' does not match format '%Y-%m-%dT%H:%M:%S.%fZ'
2026-08-12 23:24:46 | WARNING | Could not parse candle datetime '2026-01-01 13:26:00': time data '2026-01-01 13:26:00' does not match format '%Y-%m-%dT%H:%M:%S.%fZ'
2026-08-12 23:24:46 | WARNING | Could not parse candle datetime '2026-01-01 13:27:00': time data '2026-01-01 13:27:00' does not match format '%Y-%m-%dT%H:%M:%S.%fZ'
2026-08-12 23:24:46 | WARNING | Could not parse candle datetime '2026-01-01 13:28:00': time data '2026-01-01 13:28:00' does not match format '%Y-%m-%dT%H:%M:%S.%fZ'
2026-08-12 23:24:46 | WARNING | Could not parse candle datetime '2026-01-01 13:29:00': time data '2026-01-01 13:29:00' does not match format '%Y-%m-%dT%H:%M:%S.%fZ'
2026-08-12 23:24:46 | WARNING | Could not parse candle datetime '2026-01-01 13:30:00': time data '2026-01-01 13:30:00' does not match format '%Y-%m-%dT%H:%M:%S.%fZ'
2026-08-12 23:24:46 | WARNING | Could not parse candle datetime '2026-01-01 13:31:00': time data '2026-01-01 13:31:00' does not match format '%Y-%m-%dT%H:%M:%S.%fZ'
2026-08-12 23:24:46 | WARNING | Could not parse candle datetime '2026-01-01 13:32:00': time data '2026-01-01 13:32:00' does not match format '%Y-%m-%dT%H:%M:%S.%fZ'
2026-08-12 23:24:46 | WARNING | Could not parse candle datetime '2026-01-01 13:33:00': time data '2026-01-01 13:33:00' does not match format '%Y-%m-%dT%H:%M:%S.%fZ'
2026-08-12 23:24:46 | WARNING | Could not parse candle datetime '2026-01-01 13:34:00': time data '2026-01-01 13:34:00' does not match format '%Y-%m-%dT%H:%M:%S.%fZ'
2026-08-12 23:24:46 | WARNING | Could not parse candle datetime '2026-01-01 13:35:00': time data '2026-01-01 13:35:00' does not match format '%Y-%m-%dT%H:%M:%S.%fZ'
2026-08-12 23:24:46 | WARNING | Could not parse candle datetime '2026-01-01 13:36:00': time data '2026-01-01 13:36:00' does not match format '%Y-%m-%dT%H:%M:%S.%fZ'
2026-08-12 23:24:46 | WARNING | Could not parse candle datetime '2026-01-01 13:37:00': time data '2026-01-01 13:37:00' does not match format '%Y-%m-%dT%H:%M:%S.%fZ'
2026-08-12 23:24:46 | WARNING | Could not parse candle datetime '2026-01-01 13:38:00': time data '2026-01-01 13:38:00' does not match format '%Y-%m-%dT%H:%M:%S.%fZ'
2026-08-12 23:24:46 | WARNING | Could not parse candle datetime '2026-01-01 13:39:00': time data '2026-01-01 13:39:00' does not match format '%Y-%m-%dT%H:%M:%S.%fZ'
2026-08-12 23:24:46 | WARNING | Could not parse candle datetime '2026-01-01 13:40:00': time data '2026-01-01 13:40:00' does not match format '%Y-%m-%dT%H:%M:%S.%fZ'
2026-08-12 23:24:46 | WARNING | Could not parse candle datetime '2026-01-01 13:41:00': time data '2026-01-01 13:41:00' does not match format '%Y-%m-%dT%H:%M:%S.%fZ'
2026-08-12 23:24:46 | WARNING | Could not parse candle datetime '2026-01-01 13:42:00': time data '2026-01-01 13:42:00' does not match format '%Y-%m-%dT%H:%M:%S.%fZ'
2026-08-12 23:24:46 | WARNING | Could not parse candle datetime '2026-01-01 13:43:00': time data '2026-01-01 13:43:00' does not match format '%Y-%m-%dT%H:%M:%S.%fZ'
2026-08-12 23:24:46 | WARNING | Could not parse candle datetime '2026-01-01 13:44:00': time data '2026-01-01 13:44:00' does not match format '%Y-%m-%dT%H:%M:%S.%fZ'
2026-08-12 23:24:46 | WARNING | Could not parse candle datetime '2026-01-01 13:45:00': time data '2026-01-01 13:45:00' does not match format '%Y-%m-%dT%H:%M:%S.%fZ'
2026-08-12 23:24:46 | WARNING | Could not parse candle datetime '2026-01-01 13:46:00': time data '2026-01-01 13:46:00' does not match format '%Y-%m-%dT%H:%M:%S.%fZ'
2026-08-12 23:24:46 | WARNING | Could not parse candle datetime '2026-01-01 13:47:00': time data '2026-01-01 13:47:00' does not match format '%Y-%m-%dT%H:%M:%S.%fZ'
2026-08-12 23:24:46 | WARNING | Could not parse candle datetime '2026-01-01 13:48:00': time data '2026-01-01 13:48:00' does not match format '%Y-%m-%dT%H:%M:%S.%fZ'
2026-08-12 23:24:46 | WARNING | Could not parse candle datetime '2026-01-01 13:49:00': time data '2026-01-01 13:49:00' does not match format '%Y-%m-%dT%H:%M:%S.%fZ'
2026-08-12 23:24:46 | WARNING | Could not parse candle datetime '2026-01-01 13:50:00': time data '2026-01-01 13:50:00' does not match format '%Y-%m-%dT%H:%M:%S.%fZ'
2026-08-12 23:24:46 | WARNING | Could not parse candle datetime '2026-01-01 13:51:00': time data '2026-01-01 13:51:00' does not match format '%Y-%m-%dT%H:%M:%S.%fZ'
2026-08-12 23:24:46 | WARNING | Could not parse candle datetime '2026-01-01 13:52:00': time data '2026-01-01 13:52:00' does not match format '%Y-%m-%dT%H:%M:%S.%fZ'
2026-08-12 23:24:46 | WARNING | Could not parse candle datetime '2026-01-01 13:53:00': time data '2026-01-01 13:53:00' does not match format '%Y-%m-%dT%H:%M:%S.%fZ'
2026-08-12 23:24:46 | WARNING | Could not parse candle datetime '2026-01-01 13:54:00': time data '2026-01-01 13:54:00' does not match format '%Y-%m-%dT%H:%M:%S.%fZ'
2026-08-12 23:24:46 | WARNING | Could not parse candle datetime '2026-01-01 13:55:00': time data '2026-01-01 13:55:00' does not match format '%Y-%m-%dT%H:%M:%S.%fZ'
2026-08-12 23:24:46 | WARNING | Could not parse candle datetime '2026-01-01 13:56:00': time data '2026-01-01 13:56:00' does not match format '%Y-%m-%dT%H:%M:%S.%fZ'
2026-08-12 23:24:46 | WARNING | Could not parse candle datetime '2026-01-01 13:57:00': time data '2026-01-01 13:57:00' does not match format '%Y-%m-%dT%H:%M:%S.%fZ'
2026-08-12 23:24:46 | WARNING | Could not parse candle datetime '2026-01-01 13:58:00': time data '2026-01-01 13:58:00' does not match format '%Y-%m-%dT%H:%M:%S.%fZ'
2026-08-12 23:24:46 | WARNING | Could not parse candle datetime '2026-01-01 13:59:00': time data '2026-01-01 13:59:00' does not match format '%Y-%m-%dT%H:%M:%S.%fZ'
2026-08-12 23:24:46 | WARNING | Could not parse candle datetime '2026-01-01 14:00:00': time data '2026-01-01 14:00:00' does not match format '%Y-%m-%dT%H:%M:%S.%fZ'
2026-08-12 23:24:46 | WARNING | Could not parse candle datetime '2026-01-01 14:01:00': time data '2026-01-01 14:01:00' does not match format '%Y-%m-%dT%H:%M:%S.%fZ'
2026-08-12 23:24:46 | WARNING | Could not parse candle datetime '2026-01-01 14:02:00': time data '2026-01-01 14:02:00' does not match format '%Y-%m-%dT%H:%M:%S.%fZ'
2026-08-12 23:24:46 | WARNING | Could not parse candle datetime '2026-01-01 14:03:00': time data '2026-01-01 14:03:00' does not match format '%Y-%m-%dT%H:%M:%S.%fZ'
2026-08-12 23:24:46 | WARNING | Could not parse candle datetime '2026-01-01 14:04:00': time data '2026-01-01 14:04:00' does not match format '%Y-%m-%dT%H:%M:%S.%fZ'
2026-08-12 23:24:46 | WARNING | Could not parse candle datetime '2026-01-01 14:05:00': time data '2026-01-01 14:05:00' does not match format '%Y-%m-%dT%H:%M:%S.%fZ'
2026-08-12 23:24:46 | WARNING | Could not parse candle datetime '2026-01-01 14:06:00': time data '2026-01-01 14:06:00' does not match format '%Y-%m-%dT%H:%M:%S.%fZ'
2026-08-12 23:24:46 | WARNING | Could not parse candle datetime '2026-01-01 14:07:00': time data '2026-01-01 14:07:00' does not match format '%Y-%m-%dT%H:%M:%S.%fZ'
2026-08-12 23:24:46 | WARNING | Could not parse candle datetime '2026-01-01 14:08:00': time data '2026-01-01 14:08:00' does not match format '%Y-%m-%dT%H:%M:%S.%fZ'
2026-08-12 23:24:46 | WARNING | Could not parse candle datetime '2026-01-01 14:09:00': time data '2026-01-01 14:09:00' does not match format '%Y-%m-%dT%H:%M:%S.%fZ'
2026-08-12 23:24:46 | WARNING | Could not parse candle datetime '2026-01-01 14:10:00': time data '2026-01-01 14:10:00' does not match format '%Y-%m-%dT%H:%M:%S.%fZ'
2026-08-12 23:24:46 | WARNING | Could not parse candle datetime '2026-01-01 14:11:00': time data '2026-01-01 14:11:00' does not match format '%Y-%m-%dT%H:%M:%S.%fZ'
2026-08-12 23:24:46 | WARNING | Could not parse candle datetime '2026-01-01 14:12:00': time data '2026-01-01 14:12:00' does not match format '%Y-%m-%dT%H:%M:%S.%fZ'
2026-08-12 23:24:46 | WARNING | Could not parse candle datetime '2026-01-01 14:13:00': time data '2026-01-01 14:13:00' does not match format '%Y-%m-%dT%H:%M:%S.%fZ'
2026-08-12 23:24:46 | WARNING | Could not parse candle datetime '2026-01-01 14:14:00': time data '2026-01-01 14:14:00' does not match format '%Y-%m-%dT%H:%M:%S.%fZ'
2026-08-12 23:24:46 | WARNING | Could not parse candle datetime '2026-01-01 14:15:00': time data '2026-01-01 14:15:00' does not match format '%Y-%m-%dT%H:%M:%S.%fZ'
2026-08-12 23:24:46 | WARNING | Could not parse candle datetime '2026-01-01 14:16:00': time data '2026-01-01 14:16:00' does not match format '%Y-%m-%dT%H:%M:%S.%fZ'
2026-08-12 23:24:46 | WARNING | Could not parse candle datetime '2026-01-01 14:17:00': time data '2026-01-01 14:17:00' does not match format '%Y-%m-%dT%H:%M:%S.%fZ'
2026-08-12 23:24:46 | WARNING | Could not parse candle datetime '2026-01-01 14:18:00': time data '2026-01-01 14:18:00' does not match format '%Y-%m-%dT%H:%M:%S.%fZ'
2026-08-12 23:24:46 | WARNING | Could not parse candle datetime '2026-01-01 14:19:00': time data '2026-01-01 14:19:00' does not match format '%Y-%m-%dT%H:%M:%S.%fZ'
2026-08-12 23:24:46 | WARNING | Could not parse candle datetime '2026-01-01 14:20:00': time data '2026-01-01 14:20:00' does not match format '%Y-%m-%dT%H:%M:%S.%fZ'
2026-08-12 23:24:46 | WARNING | Could not parse candle datetime '2026-01-01 14:21:00': time data '2026-01-01 14:21:00' does not match format '%Y-%m-%dT%H:%M:%S.%fZ'
2026-08-12 23:24:46 | WARNING | Could not parse candle datetime '2026-01-01 14:22:00': time data '2026-01-01 14:22:00' does not match format '%Y-%m-%dT%H:%M:%S.%fZ'
2026-08-12 23:24:46 | WARNING | Could not parse candle datetime '2026-01-01 14:23:00': time data '2026-01-01 14:23:00' does not match format '%Y-%m-%dT%H:%M:%S.%fZ'
2026-08-12 23:24:46 | WARNING | Could not parse candle datetime '2026-01-01 14:24:00': time data '2026-01-01 14:24:00' does not match format '%Y-%m-%dT%H:%M:%S.%fZ'
2026-08-12 23:24:46 | WARNING | Could not parse candle datetime '2026-01-01 14:25:00': time data '2026-01-01 14:25:00' does not match format '%Y-%m-%dT%H:%M:%S.%fZ'
2026-08-12 23:24:46 | WARNING | Could not parse candle datetime '2026-01-01 14:26:00': time data '2026-01-01 14:26:00' does not match format '%Y-%m-%dT%H:%M:%S.%fZ'
2026-08-12 23:24:46 | WARNING | Could not parse candle datetime '2026-01-01 14:27:00': time data '2026-01-01 14:27:00' does not match format '%Y-%m-%dT%H:%M:%S.%fZ'
2026-08-12 23:24:46 | WARNING | Could not parse candle datetime '2026-01-01 14:28:00': time data '2026-01-01 14:28:00' does not match format '%Y-%m-%dT%H:%M:%S.%fZ'
2026-08-12 23:24:46 | WARNING | Could not parse candle datetime '2026-01-01 14:29:00': time data '2026-01-01 14:29:00' does not match format '%Y-%m-%dT%H:%M:%S.%fZ'
2026-08-12 23:24:46 | WARNING | Could not parse candle datetime '2026-01-01 14:30:00': time data '2026-01-01 14:30:00' does not match format '%Y-%m-%dT%H:%M:%S.%fZ'
2026-08-12 23:24:46 | WARNING | Could not parse candle datetime '2026-01-01 14:31:00': time data '2026-01-01 14:31:00' does not match format '%Y-%m-%dT%H:%M:%S.%fZ'
2026-08-12 23:24:46 | WARNING | Could not parse candle datetime '2026-01-01 14:32:00': time data '2026-01-01 14:32:00' does not match format '%Y-%m-%dT%H:%M:%S.%fZ'
2026-08-12 23:24:46 | WARNING | Could not parse candle datetime '2026-01-01 14:33:00': time data '2026-01-01 14:33:00' does not match format '%Y-%m-%dT%H:%M:%S.%fZ'
2026-08-12 23:24:46 | WARNING | Could not parse candle datetime '2026-01-01 14:34:00': time data '2026-01-01 14:34:00' does not match format '%Y-%m-%dT%H:%M:%S.%fZ'
2026-08-12 23:24:46 | WARNING | Could not parse candle datetime '2026-01-01 14:35:00': time data '2026-01-01 14:35:00' does not match format '%Y-%m-%dT%H:%M:%S.%fZ'
2026-08-12 23:24:46 | WARNING | Could not parse candle datetime '2026-01-01 14:36:00': time data '2026-01-01 14:36:00' does not match format '%Y-%m-%dT%H:%M:%S.%fZ'
2026-08-12 23:24:46 | WARNING | Could not parse candle datetime '2026-01-01 14:37:00': time data '2026-01-01 14:37:00' does not match format '%Y-%m-%dT%H:%M:%S.%fZ'
2026-08-12 23:24:46 | WARNING | Could not parse candle datetime '2026-01-01 14:38:00': time data '2026-01-01 14:38:00' does not match format '%Y-%m-%dT%H:%M:%S.%fZ'
2026-08-12 23:24:46 | WARNING | Could not parse candle datetime '2026-01-01 14:39:00': time data '2026-01-01 14:39:00' does not match format '%Y-%m-%dT%H:%M:%S.%fZ'
2026-08-12 23:24:46 | WARNING | Could not parse candle datetime '2026-01-01 14:40:00': time data '2026-01-01 14:40:00' does not match format '%Y-%m-%dT%H:%M:%S.%fZ'
2026-08-12 23:24:46 | WARNING | Could not parse candle datetime '2026-01-01 14:41:00': time data '2026-01-01 14:41:00' does not match format '%Y-%m-%dT%H:%M:%S.%fZ'
2026-08-12 23:24:46 | WARNING | Could not parse candle datetime '2026-01-01 14:42:00': time data '2026-01-01 14:42:00' does not match format '%Y-%m-%dT%H:%M:%S.%fZ'
2026-08-12 23:24:46 | WARNING | Could not parse candle datetime '2026-01-01 14:43:00': time data '2026-01-01 14:43:00' does not match format '%Y-%m-%dT%H:%M:%S.%fZ'
2026-08-12 23:24:46 | WARNING | Could not parse candle datetime '2026-01-01 14:44:00': time data '2026-01-01 14:44:00' does not match format '%Y-%m-%dT%H:%M:%S.%fZ'
2026-08-12 23:24:46 | WARNING | Could not parse candle datetime '2026-01-01 14:45:00': time data '2026-01-01 14:45:00' does not match format '%Y-%m-%dT%H:%M:%S.%fZ'
2026-08-12 23:24:46 | WARNING | Could not parse candle datetime '2026-01-01 14:46:00': time data '2026-01-01 14:46:00' does not match format '%Y-%m-%dT%H:%M:%S.%fZ'
2026-08-12 23:24:46 | WARNING | Could not parse candle datetime '2026-01-01 14:47:00': time data '2026-01-01 14:47:00' does not match format '%Y-%m-%dT%H:%M:%S.%fZ'
2026-08-12 23:24:46 | WARNING | Could not parse candle datetime '2026-01-01 14:48:00': time data '2026-01-01 14:48:00' does not match format '%Y-%m-%dT%H:%M:%S.%fZ'
2026-08-12 23:24:46 | WARNING | Could not parse candle datetime '2026-01-01 14:49:00': time data '2026-01-01 14:49:00' does not match format '%Y-%m-%dT%H:%M:%S.%fZ'
2026-08-12 23:24:46 | WARNING | Could not parse candle datetime '2026-01-01 14:50:00': time data '2026-01-01 14:50:00' does not match format '%Y-%m-%dT%H:%M:%S.%fZ'
2026-08-12 23:24:46 | WARNING | Could not parse candle datetime '2026-01-01 14:51:00': time data '2026-01-01 14:51:00' does not match format '%Y-%m-%dT%H:%M:%S.%fZ'
2026-08-12 23:24:46 | WARNING | Could not parse candle datetime '2026-01-01 14:52:00': time data '2026-01-01 14:52:00' does not match format '%Y-%m-%dT%H:%M:%S.%fZ'
2026-08-12 23:24:46 | WARNING | Could not parse candle datetime '2026-01-01 14:53:00': time data '2026-01-01 14:53:00' does not match format '%Y-%m-%dT%H:%M:%S.%fZ'
2026-08-12 23:24:46 | WARNING | Could not parse candle datetime '2026-01-01 14:54:00': time data '2026-01-01 14:54:00' does not match format '%Y-%m-%dT%H:%M:%S.%fZ'
2026-08-12 23:24:46 | WARNING | Could not parse candle datetime '2026-01-01 14:55:00': time data '2026-01-01 14:55:00' does not match format '%Y-%m-%dT%H:%M:%S.%fZ'
2026-08-12 23:24:46 | WARNING | Could not parse candle datetime '2026-01-01 14:56:00': time data '2026-01-01 14:56:00' does not match format '%Y-%m-%dT%H:%M:%S.%fZ'
2026-08-12 23:24:46 | WARNING | Could not parse candle datetime '2026-01-01 14:57:00': time data '2026-01-01 14:57:00' does not match format '%Y-%m-%dT%H:%M:%S.%fZ'
2026-08-12 23:24:46 | WARNING | Could not parse candle datetime '2026-01-01 14:58:00': time data '2026-01-01 14:58:00' does not match format '%Y-%m-%dT%H:%M:%S.%fZ'
2026-08-12 23:24:46 | WARNING | Could not parse candle datetime '2026-01-01 14:59:00': time data '2026-01-01 14:59:00' does not match format '%Y-%m-%dT%H:%M:%S.%fZ'
2026-08-12 23:24:46 | WARNING | Could not parse candle datetime '2026-01-01 15:00:00': time data '2026-01-01 15:00:00' does not match format '%Y-%m-%dT%H:%M:%S.%fZ'
2026-08-12 23:24:46 | WARNING | Could not parse candle datetime '2026-01-01 15:01:00': time data '2026-01-01 15:01:00' does not match format '%Y-%m-%dT%H:%M:%S.%fZ'
2026-08-12 23:24:46 | WARNING | Could not parse candle datetime '2026-01-01 15:02:00': time data '2026-01-01 15:02:00' does not match format '%Y-%m-%dT%H:%M:%S.%fZ'
2026-08-12 23:24:46 | WARNING | Could not parse candle datetime '2026-01-01 15:03:00': time data '2026-01-01 15:03:00' does not match format '%Y-%m-%dT%H:%M:%S.%fZ'
2026-08-12 23:24:46 | WARNING | Could not parse candle datetime '2026-01-01 15:04:00': time data '2026-01-01 15:04:00' does not match format '%Y-%m-%dT%H:%M:%S.%fZ'
2026-08-12 23:24:46 | WARNING | Could not parse candle datetime '2026-01-01 15:05:00': time data '2026-01-01 15:05:00' does not match format '%Y-%m-%dT%H:%M:%S.%fZ'
2026-08-12 23:24:46 | WARNING | Could not parse candle datetime '2026-01-01 15:06:00': time data '2026-01-01 15:06:00' does not match format '%Y-%m-%dT%H:%M:%S.%fZ'
2026-08-12 23:24:46 | WARNING | Could not parse candle datetime '2026-01-01 15:07:00': time data '2026-01-01 15:07:00' does not match format '%Y-%m-%dT%H:%M:%S.%fZ'
2026-08-12 23:24:46 | WARNING | Could not parse candle datetime '2026-01-01 15:08:00': time data '2026-01-01 15:08:00' does not match format '%Y-%m-%dT%H:%M:%S.%fZ'
2026-08-12 23:24:46 | WARNING | Could not parse candle datetime '2026-01-01 15:09:00': time data '2026-01-01 15:09:00' does not match format '%Y-%m-%dT%H:%M:%S.%fZ'
2026-08-12 23:24:46 | WARNING | Could not parse candle datetime '2026-01-01 15:10:00': time data '2026-01-01 15:10:00' does not match format '%Y-%m-%dT%H:%M:%S.%fZ'
2026-08-12 23:24:46 | WARNING | Could not parse candle datetime '2026-01-01 15:11:00': time data '2026-01-01 15:11:00' does not match format '%Y-%m-%dT%H:%M:%S.%fZ'
2026-08-12 23:24:46 | WARNING | Could not parse candle datetime '2026-01-01 15:12:00': time data '2026-01-01 15:12:00' does not match format '%Y-%m-%dT%H:%M:%S.%fZ'
2026-08-12 23:24:46 | WARNING | Could not parse candle datetime '2026-01-01 15:13:00': time data '2026-01-01 15:13:00' does not match format '%Y-%m-%dT%H:%M:%S.%fZ'
2026-08-12 23:24:46 | WARNING | Could not parse candle datetime '2026-01-01 15:14:00': time data '2026-01-01 15:14:00' does not match format '%Y-%m-%dT%H:%M:%S.%fZ'
2026-08-12 23:24:46 | WARNING | Could not parse candle datetime '2026-01-01 15:15:00': time data '2026-01-01 15:15:00' does not match format '%Y-%m-%dT%H:%M:%S.%fZ'
2026-08-12 23:24:46 | WARNING | Could not parse candle datetime '2026-01-01 15:16:00': time data '2026-01-01 15:16:00' does not match format '%Y-%m-%dT%H:%M:%S.%fZ'
2026-08-12 23:24:46 | WARNING | Could not parse candle datetime '2026-01-01 15:17:00': time data '2026-01-01 15:17:00' does not match format '%Y-%m-%dT%H:%M:%S.%fZ'
2026-08-12 23:24:46 | WARNING | Could not parse candle datetime '2026-01-01 15:18:00': time data '2026-01-01 15:18:00' does not match format '%Y-%m-%dT%H:%M:%S.%fZ'
2026-08-12 23:24:46 | WARNING | Could not parse candle datetime '2026-01-01 15:19:00': time data '2026-01-01 15:19:00' does not match format '%Y-%m-%dT%H:%M:%S.%fZ'
2026-08-12 23:24:46 | WARNING | Could not parse candle datetime '2026-01-01 15:20:00': time data '2026-01-01 15:20:00' does not match format '%Y-%m-%dT%H:%M:%S.%fZ'
2026-08-12 23:24:46 | WARNING | Could not parse candle datetime '2026-01-01 15:21:00': time data '2026-01-01 15:21:00' does not match format '%Y-%m-%dT%H:%M:%S.%fZ'
2026-08-12 23:24:46 | WARNING | Could not parse candle datetime '2026-01-01 15:22:00': time data '2026-01-01 15:22:00' does not match format '%Y-%m-%dT%H:%M:%S.%fZ'
2026-08-12 23:24:46 | WARNING | Could not parse candle datetime '2026-01-01 15:23:00': time data '2026-01-01 15:23:00' does not match format '%Y-%m-%dT%H:%M:%S.%fZ'
2026-08-12 23:24:46 | WARNING | Could not parse candle datetime '2026-01-01 15:24:00': time data '2026-01-01 15:24:00' does not match format '%Y-%m-%dT%H:%M:%S.%fZ'
2026-08-12 23:24:46 | WARNING | Could not parse candle datetime '2026-01-01 15:25:00': time data '2026-01-01 15:25:00' does not match format '%Y-%m-%dT%H:%M:%S.%fZ'
2026-08-12 23:24:46 | WARNING | Could not parse candle datetime '2026-01-01 15:26:00': time data '2026-01-01 15:26:00' does not match format '%Y-%m-%dT%H:%M:%S.%fZ'
2026-08-12 23:24:46 | WARNING | Could not parse candle datetime '2026-01-01 15:27:00': time data '2026-01-01 15:27:00' does not match format '%Y-%m-%dT%H:%M:%S.%fZ'
2026-08-12 23:24:46 | WARNING | Could not parse candle datetime '2026-01-01 15:28:00': time data '2026-01-01 15:28:00' does not match format '%Y-%m-%dT%H:%M:%S.%fZ'
2026-08-12 23:24:46 | WARNING | Could not parse candle datetime '2026-01-01 15:29:00': time data '2026-01-01 15:29:00' does not match format '%Y-%m-%dT%H:%M:%S.%fZ'
2026-08-12 23:24:46 | WARNING | Could not parse candle datetime '2026-01-01 15:30:00': time data '2026-01-01 15:30:00' does not match format '%Y-%m-%dT%H:%M:%S.%fZ'
2026-08-12 23:24:46 | WARNING | Could not parse candle datetime '2026-01-01 15:31:00': time data '2026-01-01 15:31:00' does not match format '%Y-%m-%dT%H:%M:%S.%fZ'
2026-08-12 23:24:46 | WARNING | Could not parse candle datetime '2026-01-02 09:07:00': time data '2026-01-02 09:07:00' does not match format '%Y-%m-%dT%H:%M:%S.%fZ'
2026-08-12 23:24:46 | WARNING | Could not parse candle datetime '2026-01-02 09:15:00': time data '2026-01-02 09:15:00' does not match format '%Y-%m-%dT%H:%M:%S.%fZ'
2026-08-12 23:24:46 | WARNING | Could not parse candle datetime '2026-01-02 09:16:00': time data '2026-01-02 09:16:00' does not match format '%Y-%m-%dT%H:%M:%S.%fZ'
2026-08-12 23:24:46 | WARNING | Could not parse candle datetime '2026-01-02 09:17:00': time data '2026-01-02 09:17:00' does not match format '%Y-%m-%dT%H:%M:%S.%fZ'
2026-08-12 23:24:46 | WARNING | Could not parse candle datetime '2026-01-02 09:18:00': time data '2026-01-02 09:18:00' does not match format '%Y-%m-%dT%H:%M:%S.%fZ'
2026-08-12 23:24:46 | WARNING | Could not parse candle datetime '2026-01-02 09:19:00': time data '2026-01-02 09:19:00' does not match format '%Y-%m-%dT%H:%M:%S.%fZ'
2026-08-12 23:24:46 | WARNING | Could not parse candle datetime '2026-01-02 09:20:00': time data '2026-01-02 09:20:00' does not match format '%Y-%m-%dT%H:%M:%S.%fZ'
2026-08-12 23:24:46 | WARNING | Could not parse candle datetime '2026-01-02 09:21:00': time data '2026-01-02 09:21:00' does not match format '%Y-%m-%dT%H:%M:%S.%fZ'
2026-08-12 23:24:46 | WARNING | Could not parse candle datetime '2026-01-02 09:22:00': time data '2026-01-02 09:22:00' does not match format '%Y-%m-%dT%H:%M:%S.%fZ'
2026-08-12 23:24:46 | WARNING | Could not parse candle datetime '2026-01-02 09:23:00': time data '2026-01-02 09:23:00' does not match format '%Y-%m-%dT%H:%M:%S.%fZ'
2026-08-12 23:24:46 | WARNING | Could not parse candle datetime '2026-01-02 09:24:00': time data '2026-01-02 09:24:00' does not match format '%Y-%m-%dT%H:%M:%S.%fZ'
2026-08-12 23:24:46 | WARNING | Could not parse candle datetime '2026-01-02 09:25:00': time data '2026-01-02 09:25:00' does not match format '%Y-%m-%dT%H:%M:%S.%fZ'
2026-08-12 23:24:46 | WARNING | Could not parse candle datetime '2026-01-02 09:26:00': time data '2026-01-02 09:26:00' does not match format '%Y-%m-%dT%H:%M:%S.%fZ'
2026-08-12 23:24:46 | WARNING | Could not parse candle datetime '2026-01-02 09:27:00': time data '2026-01-02 09:27:00' does not match format '%Y-%m-%dT%H:%M:%S.%fZ'
2026-08-12 23:24:46 | WARNING | Could not parse candle datetime '2026-01-02 09:28:00': time data '2026-01-02 09:28:00' does not match format '%Y-%m-%dT%H:%M:%S.%fZ'
2026-08-12 23:24:46 | WARNING | Could not parse candle datetime '2026-01-02 09:29:00': time data '2026-01-02 09:29:00' does not match format '%Y-%m-%dT%H:%M:%S.%fZ'
2026-08-12 23:24:46 | WARNING | Could not parse candle datetime '2026-01-02 09:30:00': time data '2026-01-02 09:30:00' does not match format '%Y-%m-%dT%H:%M:%S.%fZ'
2026-08-12 23:24:46 | WARNING | Could not parse candle datetime '2026-01-02 09:31:00': time data '2026-01-02 09:31:00' does not match format '%Y-%m-%dT%H:%M:%S.%fZ'
2026-08-12 23:24:46 | WARNING | Could not parse candle datetime '2026-01-02 09:32:00': time data '2026-01-02 09:32:00' does not match format '%Y-%m-%dT%H:%M:%S.%fZ'
2026-08-12 23:24:46 | WARNING | Could not parse candle datetime '2026-01-02 09:33:00': time data '2026-01-02 09:33:00' does not match format '%Y-%m-%dT%H:%M:%S.%fZ'
2026-08-12 23:24:46 | WARNING | Could not parse candle datetime '2026-01-02 09:34:00': time data '2026-01-02 09:34:00' does not match format '%Y-%m-%dT%H:%M:%S.%fZ'
2026-08-12 23:24:46 | WARNING | Could not parse candle datetime '2026-01-02 09:35:00': time data '2026-01-02 09:35:00' does not match format '%Y-%m-%dT%H:%M:%S.%fZ'
2026-08-12 23:24:46 | WARNING | Could not parse candle datetime '2026-01-02 09:36:00': time data '2026-01-02 09:36:00' does not match format '%Y-%m-%dT%H:%M:%S.%fZ'
2026-08-12 23:24:46 | WARNING | Could not parse candle datetime '2026-01-02 09:37:00': time data '2026-01-02 09:37:00' does not match format '%Y-%m-%dT%H:%M:%S.%fZ'
2026-08-12 23:24:46 | WARNING | Could not parse candle datetime '2026-01-02 09:38:00': time data '2026-01-02 09:38:00' does not match format '%Y-%m-%dT%H:%M:%S.%fZ'
2026-08-12 23:24:46 | WARNING | Could not parse candle datetime '2026-01-02 09:39:00': time data '2026-01-02 09:39:00' does not match format '%Y-%m-%dT%H:%M:%S.%fZ'
2026-08-12 23:24:46 | WARNING | Could not parse candle datetime '2026-01-02 09:40:00': time data '2026-01-02 09:40:00' does not match format '%Y-%m-%dT%H:%M:%S.%fZ'
2026-08-12 23:24:46 | WARNING | Could not parse candle datetime '2026-01-02 09:41:00': time data '2026-01-02 09:41:00' does not match format '%Y-%m-%dT%H:%M:%S.%fZ'
2026-08-12 23:24:46 | WARNING | Could not parse candle datetime '2026-01-02 09:42:00': time data '2026-01-02 09:42:00' does not match format '%Y-%m-%dT%H:%M:%S.%fZ'
2026-08-12 23:24:46 | WARNING | Could not parse candle datetime '2026-01-02 09:43:00': time data '2026-01-02 09:43:00' does not match format '%Y-%m-%dT%H:%M:%S.%fZ'
2026-08-12 23:24:46 | WARNING | Could not parse candle datetime '2026-01-02 09:44:00': time data '2026-01-02 09:44:00' does not match format '%Y-%m-%dT%H:%M:%S.%fZ'
2026-08-12 23:24:46 | WARNING | Could not parse candle datetime '2026-01-02 09:45:00': time data '2026-01-02 09:45:00' does not match format '%Y-%m-%dT%H:%M:%S.%fZ'
2026-08-12 23:24:46 | WARNING | Could not parse candle datetime '2026-01-02 09:46:00': time data '2026-01-02 09:46:00' does not match format '%Y-%m-%dT%H:%M:%S.%fZ'
2026-08-12 23:24:46 | WARNING | Could not parse candle datetime '2026-01-02 09:47:00': time data '2026-01-02 09:47:00' does not match format '%Y-%m-%dT%H:%M:%S.%fZ'
2026-08-12 23:24:46 | WARNING | Could not parse candle datetime '2026-01-02 09:48:00': time data '2026-01-02 09:48:00' does not match format '%Y-%m-%dT%H:%M:%S.%fZ'
2026-08-12 23:24:46 | WARNING | Could not parse candle datetime '2026-01-02 09:49:00': time data '2026-01-02 09:49:00' does not match format '%Y-%m-%dT%H:%M:%S.%fZ'
2026-08-12 23:24:46 | WARNING | Could not parse candle datetime '2026-01-02 09:50:00': time data '2026-01-02 09:50:00' does not match format '%Y-%m-%dT%H:%M:%S.%fZ'
2026-08-12 23:24:46 | WARNING | Could not parse candle datetime '2026-01-02 09:51:00': time data '2026-01-02 09:51:00' does not match format '%Y-%m-%dT%H:%M:%S.%fZ'
2026-08-12 23:24:46 | WARNING | Could not parse candle datetime '2026-01-02 09:52:00': time data '2026-01-02 09:52:00' does not match format '%Y-%m-%dT%H:%M:%S.%fZ'
2026-08-12 23:24:46 | WARNING | Could not parse candle datetime '2026-01-02 09:53:00': time data '2026-01-02 09:53:00' does not match format '%Y-%m-%dT%H:%M:%S.%fZ'
2026-08-12 23:24:46 | WARNING | Could not parse candle datetime '2026-01-02 09:54:00': time data '2026-01-02 09:54:00' does not match format '%Y-%m-%dT%H:%M:%S.%fZ'
2026-08-12 23:24:46 | WARNING | Could not parse candle datetime '2026-01-02 09:55:00': time data '2026-01-02 09:55:00' does not match format '%Y-%m-%dT%H:%M:%S.%fZ'
2026-08-12 23:24:46 | WARNING | Could not parse candle datetime '2026-01-02 09:56:00': time data '2026-01-02 09:56:00' does not match format '%Y-%m-%dT%H:%M:%S.%fZ'
2026-08-12 23:24:46 | WARNING | Could not parse candle datetime '2026-01-02 09:57:00': time data '2026-01-02 09:57:00' does not match format '%Y-%m-%dT%H:%M:%S.%fZ'
2026-08-12 23:24:46 | WARNING | Could not parse candle datetime '2026-01-02 09:58:00': time data '2026-01-02 09:58:00' does not match format '%Y-%m-%dT%H:%M:%S.%fZ'
2026-08-12 23:24:46 | WARNING | Could not parse candle datetime '2026-01-02 09:59:00': time data '2026-01-02 09:59:00' does not match format '%Y-%m-%dT%H:%M:%S.%fZ'
2026-08-12 23:24:46 | WARNING | Could not parse candle datetime '2026-01-02 10:00:00': time data '2026-01-02 10:00:00' does not match format '%Y-%m-%dT%H:%M:%S.%fZ'
2026-08-12 23:24:46 | WARNING | Could not parse candle datetime '2026-01-02 10:01:00': time data '2026-01-02 10:01:00' does not match format '%Y-%m-%dT%H:%M:%S.%fZ'
2026-08-12 23:24:46 | WARNING | Could not parse candle datetime '2026-01-02 10:02:00': time data '2026-01-02 10:02:00' does not match format '%Y-%m-%dT%H:%M:%S.%fZ'
2026-08-12 23:24:46 | WARNING | Could not parse candle datetime '2026-01-02 10:03:00': time data '2026-01-02 10:03:00' does not match format '%Y-%m-%dT%H:%M:%S.%fZ'
2026-08-12 23:24:46 | WARNING | Could not parse candle datetime '2026-01-02 10:04:00': time data '2026-01-02 10:04:00' does not match format '%Y-%m-%dT%H:%M:%S.%fZ'
2026-08-12 23:24:46 | WARNING | Could not parse candle datetime '2026-01-02 10:05:00': time data '2026-01-02 10:05:00' does not match format '%Y-%m-%dT%H:%M:%S.%fZ'
2026-08-12 23:24:46 | WARNING | Could not parse candle datetime '2026-01-02 10:06:00': time data '2026-01-02 10:06:00' does not match format '%Y-%m-%dT%H:%M:%S.%fZ'
2026-08-12 23:24:46 | WARNING | Could not parse candle datetime '2026-01-02 10:07:00': time data '2026-01-02 10:07:00' does not match format '%Y-%m-%dT%H:%M:%S.%fZ'
2026-08-12 23:24:46 | WARNING | Could not parse candle datetime '2026-01-02 10:08:00': time data '2026-01-02 10:08:00' does not match format '%Y-%m-%dT%H:%M:%S.%fZ'
2026-08-12 23:24:46 | WARNING | Could not parse candle datetime '2026-01-02 10:09:00': time data '2026-01-02 10:09:00' does not match format '%Y-%m-%dT%H:%M:%S.%fZ'
2026-08-12 23:24:46 | WARNING | Could not parse candle datetime '2026-01-02 10:10:00': time data '2026-01-02 10:10:00' does not match format '%Y-%m-%dT%H:%M:%S.%fZ'
2026-08-12 23:24:46 | WARNING | Could not parse candle datetime '2026-01-02 10:11:00': time data '2026-01-02 10:11:00' does not match format '%Y-%m-%dT%H:%M:%S.%fZ'
2026-08-12 23:24:46 | WARNING | Could not parse candle datetime '2026-01-02 10:12:00': time data '2026-01-02 10:12:00' does not match format '%Y-%m-%dT%H:%M:%S.%fZ'
2026-08-12 23:24:46 | WARNING | Could not parse candle datetime '2026-01-02 10:13:00': time data '2026-01-02 10:13:00' does not match format '%Y-%m-%dT%H:%M:%S.%fZ'
2026-08-12 23:24:46 | WARNING | Could not parse candle datetime '2026-01-02 10:14:00': time data '2026-01-02 10:14:00' does not match format '%Y-%m-%dT%H:%M:%S.%fZ'
2026-08-12 23:24:46 | WARNING | Could not parse candle datetime '2026-01-02 10:15:00': time data '2026-01-02 10:15:00' does not match format '%Y-%m-%dT%H:%M:%S.%fZ'
2026-08-12 23:24:46 | WARNING | Could not parse candle datetime '2026-01-02 10:16:00': time data '2026-01-02 10:16:00' does not match format '%Y-%m-%dT%H:%M:%S.%fZ'
2026-08-12 23:24:46 | WARNING | Could not parse candle datetime '2026-01-02 10:17:00': time data '2026-01-02 10:17:00' does not match format '%Y-%m-%dT%H:%M:%S.%fZ'
2026-08-12 23:24:46 | WARNING | Could not parse candle datetime '2026-01-02 10:18:00': time data '2026-01-02 10:18:00' does not match format '%Y-%m-%dT%H:%M:%S.%fZ'
2026-08-12 23:24:46 | WARNING | Could not parse candle datetime '2026-01-02 10:19:00': time data '2026-01-02 10:19:00' does not match format '%Y-%m-%dT%H:%M:%S.%fZ'
2026-08-12 23:24:46 | WARNING | Could not parse candle datetime '2026-01-02 10:20:00': time data '2026-01-02 10:20:00' does not match format '%Y-%m-%dT%H:%M:%S.%fZ'
2026-08-12 23:24:46 | WARNING | Could not parse candle datetime '2026-01-02 10:21:00': time data '2026-01-02 10:21:00' does not match format '%Y-%m-%dT%H:%M:%S.%fZ'
2026-08-12 23:24:46 | WARNING | Could not parse candle datetime '2026-01-02 10:22:00': time data '2026-01-02 10:22:00' does not match format '%Y-%m-%dT%H:%M:%S.%fZ'
2026-08-12 23:24:46 | WARNING | Could not parse candle datetime '2026-01-02 10:23:00': time data '2026-01-02 10:23:00' does not match format '%Y-%m-%dT%H:%M:%S.%fZ'
2026-08-12 23:24:46 | WARNING | Could not parse candle datetime '2026-01-02 10:24:00': time data '2026-01-02 10:24:00' does not match format '%Y-%m-%dT%H:%M:%S.%fZ'
2026-08-12 23:24:46 | WARNING | Could not parse candle datetime '2026-01-02 10:25:00': time data '2026-01-02 10:25:00' does not match format '%Y-%m-%dT%H:%M:%S.%fZ'
2026-08-12 23:24:46 | WARNING | Could not parse candle datetime '2026-01-02 10:26:00': time data '2026-01-02 10:26:00' does not match format '%Y-%m-%dT%H:%M:%S.%fZ'
2026-08-12 23:24:46 | WARNING | Could not parse candle datetime '2026-01-02 10:27:00': time data '2026-01-02 10:27:00' does not match format '%Y-%m-%dT%H:%M:%S.%fZ'
2026-08-12 23:24:46 | WARNING | Could not parse candle datetime '2026-01-02 10:28:00': time data '2026-01-02 10:28:00' does not match format '%Y-%m-%dT%H:%M:%S.%fZ'
2026-08-12 23:24:46 | WARNING | Could not parse candle datetime '2026-01-02 10:29:00': time data '2026-01-02 10:29:00' does not match format '%Y-%m-%dT%H:%M:%S.%fZ'
2026-08-12 23:24:46 | WARNING | Could not parse candle datetime '2026-01-02 10:30:00': time data '2026-01-02 10:30:00' does not match format '%Y-%m-%dT%H:%M:%S.%fZ'
2026-08-12 23:24:46 | WARNING | Could not parse candle datetime '2026-01-02 10:31:00': time data '2026-01-02 10:31:00' does not match format '%Y-%m-%dT%H:%M:%S.%fZ'
2026-08-12 23:24:46 | WARNING | Could not parse candle datetime '2026-01-02 10:32:00': time data '2026-01-02 10:32:00' does not match format '%Y-%m-%dT%H:%M:%S.%fZ'
2026-08-12 23:24:46 | WARNING | Could not parse candle datetime '2026-01-02 10:33:00': time data '2026-01-02 10:33:00' does not match format '%Y-%m-%dT%H:%M:%S.%fZ'
2026-08-12 23:24:46 | WARNING | Could not parse candle datetime '2026-01-02 10:34:00': time data '2026-01-02 10:34:00' does not match format '%Y-%m-%dT%H:%M:%S.%fZ'
2026-08-12 23:24:46 | WARNING | Could not parse candle datetime '2026-01-02 10:35:00': time data '2026-01-02 10:35:00' does not match format '%Y-%m-%dT%H:%M:%S.%fZ'
2026-08-12 23:24:46 | WARNING | Could not parse candle datetime '2026-01-02 10:36:00': time data '2026-01-02 10:36:00' does not match format '%Y-%m-%dT%H:%M:%S.%fZ'
2026-08-12 23:24:46 | WARNING | Could not parse candle datetime '2026-01-02 10:37:00': time data '2026-01-02 10:37:00' does not match format '%Y-%m-%dT%H:%M:%S.%fZ'
2026-08-12 23:24:46 | WARNING | Could not parse candle datetime '2026-01-02 10:38:00': time data '2026-01-02 10:38:00' does not match format '%Y-%m-%dT%H:%M:%S.%fZ'
2026-08-12 23:24:46 | WARNING | Could not parse candle datetime '2026-01-02 10:39:00': time data '2026-01-02 10:39:00' does not match format '%Y-%m-%dT%H:%M:%S.%fZ'
2026-08-12 23:24:46 | WARNING | Could not parse candle datetime '2026-01-02 10:40:00': time data '2026-01-02 10:40:00' does not match format '%Y-%m-%dT%H:%M:%S.%fZ'
2026-08-12 23:24:46 | WARNING | Could not parse candle datetime '2026-01-02 10:41:00': time data '2026-01-02 10:41:00' does not match format '%Y-%m-%dT%H:%M:%S.%fZ'
2026-08-12 23:24:46 | WARNING | Could not parse candle datetime '2026-01-02 10:42:00': time data '2026-01-02 10:42:00' does not match format '%Y-%m-%dT%H:%M:%S.%fZ'
2026-08-12 23:24:46 | WARNING | Could not parse candle datetime '2026-01-02 10:43:00': time data '2026-01-02 10:43:00' does not match format '%Y-%m-%dT%H:%M:%S.%fZ'
2026-08-12 23:24:46 | WARNING | Could not parse candle datetime '2026-01-02 10:44:00': time data '2026-01-02 10:44:00' does not match format '%Y-%m-%dT%H:%M:%S.%fZ'
2026-08-12 23:24:46 | WARNING | Could not parse candle datetime '2026-01-02 10:45:00': time data '2026-01-02 10:45:00' does not match format '%Y-%m-%dT%H:%M:%S.%fZ'
2026-08-12 23:24:46 | WARNING | Could not parse candle datetime '2026-01-02 10:46:00': time data '2026-01-02 10:46:00' does not match format '%Y-%m-%dT%H:%M:%S.%fZ'
2026-08-12 23:24:46 | WARNING | Could not parse candle datetime '2026-01-02 10:47:00': time data '2026-01-02 10:47:00' does not match format '%Y-%m-%dT%H:%M:%S.%fZ'
2026-08-12 23:24:46 | WARNING | Could not parse candle datetime '2026-01-02 10:48:00': time data '2026-01-02 10:48:00' does not match format '%Y-%m-%dT%H:%M:%S.%fZ'
2026-08-12 23:24:46 | WARNING | Could not parse candle datetime '2026-01-02 10:49:00': time data '2026-01-02 10:49:00' does not match format '%Y-%m-%dT%H:%M:%S.%fZ'
2026-08-12 23:24:46 | WARNING | Could not parse candle datetime '2026-01-02 10:50:00': time data '2026-01-02 10:50:00' does not match format '%Y-%m-%dT%H:%M:%S.%fZ'
2026-08-12 23:24:46 | WARNING | Could not parse candle datetime '2026-01-02 10:51:00': time data '2026-01-02 10:51:00' does not match format '%Y-%m-%dT%H:%M:%S.%fZ'
2026-08-12 23:24:46 | WARNING | Could not parse candle datetime '2026-01-02 10:52:00': time data '2026-01-02 10:52:00' does not match format '%Y-%m-%dT%H:%M:%S.%fZ'
2026-08-12 23:24:46 | WARNING | Could not parse candle datetime '2026-01-02 10:53:00': time data '2026-01-02 10:53:00' does not match format '%Y-%m-%dT%H:%M:%S.%fZ'
2026-08-12 23:24:46 | WARNING | Could not parse candle datetime '2026-01-02 10:54:00': time data '2026-01-02 10:54:00' does not match format '%Y-%m-%dT%H:%M:%S.%fZ'
2026-08-12 23:24:46 | WARNING | Could not parse candle datetime '2026-01-02 10:55:00': time data '2026-01-02 10:55:00' does not match format '%Y-%m-%dT%H:%M:%S.%fZ'
2026-08-12 23:24:46 | WARNING | Could not parse candle datetime '2026-01-02 10:56:00': time data '2026-01-02 10:56:00' does not match format '%Y-%m-%dT%H:%M:%S.%fZ'
2026-08-12 23:24:46 | WARNING | Could not parse candle datetime '2026-01-02 10:57:00': time data '2026-01-02 10:57:00' does not match format '%Y-%m-%dT%H:%M:%S.%fZ'
2026-08-12 23:24:46 | WARNING | Could not parse candle datetime '2026-01-02 10:58:00': time data '2026-01-02 10:58:00' does not match format '%Y-%m-%dT%H:%M:%S.%fZ'
2026-08-12 23:24:46 | WARNING | Could not parse candle datetime '2026-01-02 10:59:00': time data '2026-01-02 10:59:00' does not match format '%Y-%m-%dT%H:%M:%S.%fZ'
2026-08-12 23:24:46 | WARNING | Could not parse candle datetime '2026-01-02 11:00:00': time data '2026-01-02 11:00:00' does not match format '%Y-%m-%dT%H:%M:%S.%fZ'
2026-08-12 23:24:46 | WARNING | Could not parse candle datetime '2026-01-02 11:01:00': time data '2026-01-02 11:01:00' does not match format '%Y-%m-%dT%H:%M:%S.%fZ'
2026-08-12 23:24:46 | WARNING | Could not parse candle datetime '2026-01-02 11:02:00': time data '2026-01-02 11:02:00' does not match format '%Y-%m-%dT%H:%M:%S.%fZ'
2026-08-12 23:24:46 | WARNING | Could not parse candle datetime '2026-01-02 11:03:00': time data '2026-01-02 11:03:00' does not match format '%Y-%m-%dT%H:%M:%S.%fZ'
2026-08-12 23:24:46 | WARNING | Could not parse candle datetime '2026-01-02 11:04:00': time data '2026-01-02 11:04:00' does not match format '%Y-%m-%dT%H:%M:%S.%fZ'
2026-08-12 23:24:46 | WARNING | Could not parse candle datetime '2026-01-02 11:05:00': time data '2026-01-02 11:05:00' does not match format '%Y-%m-%dT%H:%M:%S.%fZ'
2026-08-12 23:24:46 | WARNING | Could not parse candle datetime '2026-01-02 11:06:00': time data '2026-01-02 11:06:00' does not match format '%Y-%m-%dT%H:%M:%S.%fZ'
2026-08-12 23:24:46 | WARNING | Could not parse candle datetime '2026-01-02 11:07:00': time data '2026-01-02 11:07:00' does not match format '%Y-%m-%dT%H:%M:%S.%fZ'
2026-08-12 23:24:46 | WARNING | Could not parse candle datetime '2026-01-02 11:08:00': time data '2026-01-02 11:08:00' does not match format '%Y-%m-%dT%H:%M:%S.%fZ'
2026-08-12 23:24:46 | WARNING | Could not parse candle datetime '2026-01-02 11:09:00': time data '2026-01-02 11:09:00' does not match format '%Y-%m-%dT%H:%M:%S.%fZ'
2026-08-12 23:24:46 | WARNING | Could not parse candle datetime '2026-01-02 11:10:00': time data '2026-01-02 11:10:00' does not match format '%Y-%m-%dT%H:%M:%S.%fZ'
2026-08-12 23:24:46 | WARNING | Could not parse candle datetime '2026-01-02 11:11:00': time data '2026-01-02 11:11:00' does not match format '%Y-%m-%dT%H:%M:%S.%fZ'
2026-08-12 23:24:46 | WARNING | Could not parse candle datetime '2026-01-02 11:12:00': time data '2026-01-02 11:12:00' does not match format '%Y-%m-%dT%H:%M:%S.%fZ'
2026-08-12 23:24:46 | WARNING | Could not parse candle datetime '2026-01-02 11:13:00': time data '2026-01-02 11:13:00' does not match format '%Y-%m-%dT%H:%M:%S.%fZ'
2026-08-12 23:24:46 | WARNING | Could not parse candle datetime '2026-01-02 11:14:00': time data '2026-01-02 11:14:00' does not match format '%Y-%m-%dT%H:%M:%S.%fZ'
2026-08-12 23:24:46 | WARNING | Could not parse candle datetime '2026-01-02 11:15:00': time data '2026-01-02 11:15:00' does not match format '%Y-%m-%dT%H:%M:%S.%fZ'
2026-08-12 23:24:46 | WARNING | Could not parse candle datetime '2026-01-02 11:16:00': time data '2026-01-02 11:16:00' does not match format '%Y-%m-%dT%H:%M:%S.%fZ'
2026-08-12 23:24:46 | WARNING | Could not parse candle datetime '2026-01-02 11:17:00': time data '2026-01-02 11:17:00' does not match format '%Y-%m-%dT%H:%M:%S.%fZ'
2026-08-12 23:24:46 | WARNING | Could not parse candle datetime '2026-01-02 11:18:00': time data '2026-01-02 11:18:00' does not match format '%Y-%m-%dT%H:%M:%S.%fZ'
2026-08-12 23:24:46 | WARNING | Could not parse candle datetime '2026-01-02 11:19:00': time data '2026-01-02 11:19:00' does not match format '%Y-%m-%dT%H:%M:%S.%fZ'
2026-08-12 23:24:46 | WARNING | Could not parse candle datetime '2026-01-02 11:20:00': time data '2026-01-02 11:20:00' does not match format '%Y-%m-%dT%H:%M:%S.%fZ'
2026-08-12 23:24:46 | WARNING | Could not parse candle datetime '2026-01-02 11:21:00': time data '2026-01-02 11:21:00' does not match format '%Y-%m-%dT%H:%M:%S.%fZ'
2026-08-12 23:24:46 | WARNING | Could not parse candle datetime '2026-01-02 11:22:00': time data '2026-01-02 11:22:00' does not match format '%Y-%m-%dT%H:%M:%S.%fZ'
2026-08-12 23:24:46 | WARNING | Could not parse candle datetime '2026-01-02 11:23:00': time data '2026-01-02 11:23:00' does not match format '%Y-%m-%dT%H:%M:%S.%fZ'
2026-08-12 23:24:46 | WARNING | Could not parse candle datetime '2026-01-02 11:24:00': time data '2026-01-02 11:24:00' does not match format '%Y-%m-%dT%H:%M:%S.%fZ'
2026-08-12 23:24:46 | WARNING | Could not parse candle datetime '2026-01-02 11:25:00': time data '2026-01-02 11:25:00' does not match format '%Y-%m-%dT%H:%M:%S.%fZ'
2026-08-12 23:24:46 | WARNING | Could not parse candle datetime '2026-01-02 11:26:00': time data '2026-01-02 11:26:00' does not match format '%Y-%m-%dT%H:%M:%S.%fZ'
2026-08-12 23:24:46 | WARNING | Could not parse candle datetime '2026-01-02 11:27:00': time data '2026-01-02 11:27:00' does not match format '%Y-%m-%dT%H:%M:%S.%fZ'
2026-08-12 23:24:46 | WARNING | Could not parse candle datetime '2026-01-02 11:28:00': time data '2026-01-02 11:28:00' does not match format '%Y-%m-%dT%H:%M:%S.%fZ'
2026-08-12 23:24:46 | WARNING | Could not parse candle datetime '2026-01-02 11:29:00': time data '2026-01-02 11:29:00' does not match format '%Y-%m-%dT%H:%M:%S.%fZ'
2026-08-12 23:24:46 | WARNING | Could not parse candle datetime '2026-01-02 11:30:00': time data '2026-01-02 11:30:00' does not match format '%Y-%m-%dT%H:%M:%S.%fZ'
2026-08-12 23:24:46 | WARNING | Could not parse candle datetime '2026-01-02 11:31:00': time data '2026-01-02 11:31:00' does not match format '%Y-%m-%dT%H:%M:%S.%fZ'
2026-08-12 23:24:46 | WARNING | Could not parse candle datetime '2026-01-02 11:32:00': time data '2026-01-02 11:32:00' does not match format '%Y-%m-%dT%H:%M:%S.%fZ'
2026-08-12 23:24:46 | WARNING | Could not parse candle datetime '2026-01-02 11:33:00': time data '2026-01-02 11:33:00' does not match format '%Y-%m-%dT%H:%M:%S.%fZ'
2026-08-12 23:24:46 | WARNING | Could not parse candle datetime '2026-01-02 11:34:00': time data '2026-01-02 11:34:00' does not match format '%Y-%m-%dT%H:%M:%S.%fZ'
2026-08-12 23:24:46 | WARNING | Could not parse candle datetime '2026-01-02 11:35:00': time data '2026-01-02 11:35:00' does not match format '%Y-%m-%dT%H:%M:%S.%fZ'
2026-08-12 23:24:46 | WARNING | Could not parse candle datetime '2026-01-02 11:36:00': time data '2026-01-02 11:36:00' does not match format '%Y-%m-%dT%H:%M:%S.%fZ'
2026-08-12 23:24:46 | WARNING | Could not parse candle datetime '2026-01-02 11:37:00': time data '2026-01-02 11:37:00' does not match format '%Y-%m-%dT%H:%M:%S.%fZ'
2026-08-12 23:24:46 | WARNING | Could not parse candle datetime '2026-01-02 11:38:00': time data '2026-01-02 11:38:00' does not match format '%Y-%m-%dT%H:%M:%S.%fZ'
2026-08-12 23:24:46 | WARNING | Could not parse candle datetime '2026-01-02 11:39:00': time data '2026-01-02 11:39:00' does not match format '%Y-%m-%dT%H:%M:%S.%fZ'
2026-08-12 23:24:46 | WARNING | Could not parse candle datetime '2026-01-02 11:40:00': time data '2026-01-02 11:40:00' does not match format '%Y-%m-%dT%H:%M:%S.%fZ'
2026-08-12 23:24:46 | WARNING | Could not parse candle datetime '2026-01-02 11:41:00': time data '2026-01-02 11:41:00' does not match format '%Y-%m-%dT%H:%M:%S.%fZ'
2026-08-12 23:24:46 | WARNING | Could not parse candle datetime '2026-01-02 11:42:00': time data '2026-01-02 11:42:00' does not match format '%Y-%m-%dT%H:%M:%S.%fZ'
2026-08-12 23:24:46 | WARNING | Could not parse candle datetime '2026-01-02 11:43:00': time data '2026-01-02 11:43:00' does not match format '%Y-%m-%dT%H:%M:%S.%fZ'
2026-08-12 23:24:46 | WARNING | Could not parse candle datetime '2026-01-02 11:44:00': time data '2026-01-02 11:44:00' does not match format '%Y-%m-%dT%H:%M:%S.%fZ'
2026-08-12 23:24:46 | WARNING | Could not parse candle datetime '2026-01-02 11:45:00': time data '2026-01-02 11:45:00' does not match format '%Y-%m-%dT%H:%M:%S.%fZ'
2026-08-12 23:24:46 | WARNING | Could not parse candle datetime '2026-01-02 11:46:00': time data '2026-01-02 11:46:00' does not match format '%Y-%m-%dT%H:%M:%S.%fZ'
2026-08-12 23:24:46 | WARNING | Could not parse candle datetime '2026-01-02 11:47:00': time data '2026-01-02 11:47:00' does not match format '%Y-%m-%dT%H:%M:%S.%fZ'
2026-08-12 23:24:46 | WARNING | Could not parse candle datetime '2026-01-02 11:48:00': time data '2026-01-02 11:48:00' does not match format '%Y-%m-%dT%H:%M:%S.%fZ'
2026-08-12 23:24:46 | WARNING | Could not parse candle datetime '2026-01-02 11:49:00': time data '2026-01-02 11:49:00' does not match format '%Y-%m-%dT%H:%M:%S.%fZ'
2026-08-12 23:24:46 | WARNING | Could not parse candle datetime '2026-01-02 11:50:00': time data '2026-01-02 11:50:00' does not match format '%Y-%m-%dT%H:%M:%S.%fZ'
2026-08-12 23:24:46 | WARNING | Could not parse candle datetime '2026-01-02 11:51:00': time data '2026-01-02 11:51:00' does not match format '%Y-%m-%dT%H:%M:%S.%fZ'
2026-08-12 23:24:46 | WARNING | Could not parse candle datetime '2026-01-02 11:52:00': time data '2026-01-02 11:52:00' does not match format '%Y-%m-%dT%H:%M:%S.%fZ'
2026-08-12 23:24:46 | WARNING | Could not parse candle datetime '2026-01-02 11:53:00': time data '2026-01-02 11:53:00' does not match format '%Y-%m-%dT%H:%M:%S.%fZ'
2026-08-12 23:24:46 | WARNING | Could not parse candle datetime '2026-01-02 11:54:00': time data '2026-01-02 11:54:00' does not match format '%Y-%m-%dT%H:%M:%S.%fZ'
2026-08-12 23:24:46 | WARNING | Could not parse candle datetime '2026-01-02 11:55:00': time data '2026-01-02 11:55:00' does not match format '%Y-%m-%dT%H:%M:%S.%fZ'
2026-08-12 23:24:46 | WARNING | Could not parse candle datetime '2026-01-02 11:56:00': time data '2026-01-02 11:56:00' does not match format '%Y-%m-%dT%H:%M:%S.%fZ'
2026-08-12 23:24:46 | WARNING | Could not parse candle datetime '2026-01-02 11:57:00': time data '2026-01-02 11:57:00' does not match format '%Y-%m-%dT%H:%M:%S.%fZ'
2026-08-12 23:24:46 | WARNING | Could not parse candle datetime '2026-01-02 11:58:00': time data '2026-01-02 11:58:00' does not match format '%Y-%m-%dT%H:%M:%S.%fZ'
2026-08-12 23:24:46 | WARNING | Could not parse candle datetime '2026-01-02 11:59:00': time data '2026-01-02 11:59:00' does not match format '%Y-%m-%dT%H:%M:%S.%fZ'
2026-08-12 23:24:46 | WARNING | Could not parse candle datetime '2026-01-02 12:00:00': time data '2026-01-02 12:00:00' does not match format '%Y-%m-%dT%H:%M:%S.%fZ'
2026-08-12 23:24:46 | WARNING | Could not parse candle datetime '2026-01-02 12:01:00': time data '2026-01-02 12:01:00' does not match format '%Y-%m-%dT%H:%M:%S.%fZ'
2026-08-12 23:24:46 | WARNING | Could not parse candle datetime '2026-01-02 12:02:00': time data '2026-01-02 12:02:00' does not match format '%Y-%m-%dT%H:%M:%S.%fZ'
2026-08-12 23:24:46 | WARNING | Could not parse candle datetime '2026-01-02 12:03:00': time data '2026-01-02 12:03:00' does not match format '%Y-%m-%dT%H:%M:%S.%fZ'
2026-08-12 23:24:46 | WARNING | Could not parse candle datetime '2026-01-02 12:04:00': time data '2026-01-02 12:04:00' does not match format '%Y-%m-%dT%H:%M:%S.%fZ'
2026-08-12 23:24:46 | WARNING | Could not parse candle datetime '2026-01-02 12:05:00': time data '2026-01-02 12:05:00' does not match format '%Y-%m-%dT%H:%M:%S.%fZ'
2026-08-12 23:24:46 | WARNING | Could not parse candle datetime '2026-01-02 12:06:00': time data '2026-01-02 12:06:00' does not match format '%Y-%m-%dT%H:%M:%S.%fZ'
2026-08-12 23:24:46 | WARNING | Could not parse candle datetime '2026-01-02 12:07:00': time data '2026-01-02 12:07:00' does not match format '%Y-%m-%dT%H:%M:%S.%fZ'
2026-08-12 23:24:46 | WARNING | Could not parse candle datetime '2026-01-02 12:08:00': time data '2026-01-02 12:08:00' does not match format '%Y-%m-%dT%H:%M:%S.%fZ'
2026-08-12 23:24:46 | WARNING | Could not parse candle datetime '2026-01-02 12:09:00': time data '2026-01-02 12:09:00' does not match format '%Y-%m-%dT%H:%M:%S.%fZ'
2026-08-12 23:24:46 | WARNING | Could not parse candle datetime '2026-01-02 12:10:00': time data '2026-01-02 12:10:00' does not match format '%Y-%m-%dT%H:%M:%S.%fZ'
2026-08-12 23:24:46 | WARNING | Could not parse candle datetime '2026-01-02 12:11:00': time data '2026-01-02 12:11:00' does not match format '%Y-%m-%dT%H:%M:%S.%fZ'
2026-08-12 23:24:46 | WARNING | Could not parse candle datetime '2026-01-02 12:12:00': time data '2026-01-02 12:12:00' does not match format '%Y-%m-%dT%H:%M:%S.%fZ'
2026-08-12 23:24:46 | WARNING | Could not parse candle datetime '2026-01-02 12:13:00': time data '2026-01-02 12:13:00' does not match format '%Y-%m-%dT%H:%M:%S.%fZ'
2026-08-12 23:24:46 | WARNING | Could not parse candle datetime '2026-01-02 12:14:00': time data '2026-01-02 12:14:00' does not match format '%Y-%m-%dT%H:%M:%S.%fZ'
2026-08-12 23:24:46 | WARNING | Could not parse candle datetime '2026-01-02 12:15:00': time data '2026-01-02 12:15:00' does not match format '%Y-%m-%dT%H:%M:%S.%fZ'
2026-08-12 23:24:46 | WARNING | Could not parse candle datetime '2026-01-02 12:16:00': time data '2026-01-02 12:16:00' does not match format '%Y-%m-%dT%H:%M:%S.%fZ'
2026-08-12 23:24:46 | WARNING | Could not parse candle datetime '2026-01-02 12:17:00': time data '2026-01-02 12:17:00' does not match format '%Y-%m-%dT%H:%M:%S.%fZ'
2026-08-12 23:24:46 | WARNING | Could not parse candle datetime '2026-01-02 12:18:00': time data '2026-01-02 12:18:00' does not match format '%Y-%m-%dT%H:%M:%S.%fZ'
2026-08-12 23:24:46 | WARNING | Could not parse candle datetime '2026-01-02 12:19:00': time data '2026-01-02 12:19:00' does not match format '%Y-%m-%dT%H:%M:%S.%fZ'
2026-08-12 23:24:46 | WARNING | Could not parse candle datetime '2026-01-02 12:20:00': time data '2026-01-02 12:20:00' does not match format '%Y-%m-%dT%H:%M:%S.%fZ'
2026-08-12 23:24:46 | WARNING | Could not parse candle datetime '2026-01-02 12:21:00': time data '2026-01-02 12:21:00' does not match format '%Y-%m-%dT%H:%M:%S.%fZ'
2026-08-12 23:24:46 | WARNING | Could not parse candle datetime '2026-01-02 12:22:00': time data '2026-01-02 12:22:00' does not match format '%Y-%m-%dT%H:%M:%S.%fZ'
2026-08-12 23:24:46 | WARNING | Could not parse candle datetime '2026-01-02 12:23:00': time data '2026-01-02 12:23:00' does not match format '%Y-%m-%dT%H:%M:%S.%fZ'
2026-08-12 23:24:46 | WARNING | Could not parse candle datetime '2026-01-02 12:24:00': time data '2026-01-02 12:24:00' does not match format '%Y-%m-%dT%H:%M:%S.%fZ'
2026-08-12 23:24:46 | WARNING | Could not parse candle datetime '2026-01-02 12:25:00': time data '2026-01-02 12:25:00' does not match format '%Y-%m-%dT%H:%M:%S.%fZ'
2026-08-12 23:24:46 | WARNING | Could not parse candle datetime '2026-01-02 12:26:00': time data '2026-01-02 12:26:00' does not match format '%Y-%m-%dT%H:%M:%S.%fZ'
2026-08-12 23:24:46 | WARNING | Could not parse candle datetime '2026-01-02 12:27:00': time data '2026-01-02 12:27:00' does not match format '%Y-%m-%dT%H:%M:%S.%fZ'
2026-08-12 23:24:46 | WARNING | Could not parse candle datetime '2026-01-02 12:28:00': time data '2026-01-02 12:28:00' does not match format '%Y-%m-%dT%H:%M:%S.%fZ'
2026-08-12 23:24:46 | WARNING | Could not parse candle datetime '2026-01-02 12:29:00': time data '2026-01-02 12:29:00' does not match format '%Y-%m-%dT%H:%M:%S.%fZ'
2026-08-12 23:24:46 | WARNING | Could not parse candle datetime '2026-01-02 12:30:00': time data '2026-01-02 12:30:00' does not match format '%Y-%m-%dT%H:%M:%S.%fZ'
2026-08-12 23:24:46 | WARNING | Could not parse candle datetime '2026-01-02 12:31:00': time data '2026-01-02 12:31:00' does not match format '%Y-%m-%dT%H:%M:%S.%fZ'
2026-08-12 23:24:46 | WARNING | Could not parse candle datetime '2026-01-02 12:32:00': time data '2026-01-02 12:32:00' does not match format '%Y-%m-%dT%H:%M:%S.%fZ'
2026-08-12 23:24:46 | WARNING | Could not parse candle datetime '2026-01-02 12:33:00': time data '2026-01-02 12:33:00' does not match format '%Y-%m-%dT%H:%M:%S.%fZ'
2026-08-12 23:24:46 | WARNING | Could not parse candle datetime '2026-01-02 12:34:00': time data '2026-01-02 12:34:00' does not match format '%Y-%m-%dT%H:%M:%S.%fZ'
2026-08-12 23:24:46 | WARNING | Could not parse candle datetime '2026-01-02 12:35:00': time data '2026-01-02 12:35:00' does not match format '%Y-%m-%dT%H:%M:%S.%fZ'
2026-08-12 23:24:46 | WARNING | Could not parse candle datetime '2026-01-02 12:36:00': time data '2026-01-02 12:36:00' does not match format '%Y-%m-%dT%H:%M:%S.%fZ'
2026-08-12 23:24:46 | WARNING | Could not parse candle datetime '2026-01-02 12:37:00': time data '2026-01-02 12:37:00' does not match format '%Y-%m-%dT%H:%M:%S.%fZ'
2026-08-12 23:24:46 | WARNING | Could not parse candle datetime '2026-01-02 12:38:00': time data '2026-01-02 12:38:00' does not match format '%Y-%m-%dT%H:%M:%S.%fZ'
2026-08-12 23:24:46 | WARNING | Could not parse candle datetime '2026-01-02 12:39:00': time data '2026-01-02 12:39:00' does not match format '%Y-%m-%dT%H:%M:%S.%fZ'
2026-08-12 23:24:46 | WARNING | Could not parse candle datetime '2026-01-02 12:40:00': time data '2026-01-02 12:40:00' does not match format '%Y-%m-%dT%H:%M:%S.%fZ'
2026-08-12 23:24:46 | WARNING | Could not parse candle datetime '2026-01-02 12:41:00': time data '2026-01-02 12:41:00' does not match format '%Y-%m-%dT%H:%M:%S.%fZ'
2026-08-12 23:24:46 | WARNING | Could not parse candle datetime '2026-01-02 12:42:00': time data '2026-01-02 12:42:00' does not match format '%Y-%m-%dT%H:%M:%S.%fZ'
2026-08-12 23:24:46 | WARNING | Could not parse candle datetime '2026-01-02 12:43:00': time data '2026-01-02 12:43:00' does not match format '%Y-%m-%dT%H:%M:%S.%fZ'
2026-08-12 23:24:46 | WARNING | Could not parse candle datetime '2026-01-02 12:44:00': time data '2026-01-02 12:44:00' does not match format '%Y-%m-%dT%H:%M:%S.%fZ'
2026-08-12 23:24:46 | WARNING | Could not parse candle datetime '2026-01-02 12:45:00': time data '2026-01-02 12:45:00' does not match format '%Y-%m-%dT%H:%M:%S.%fZ'
2026-08-12 23:24:46 | WARNING | Could not parse candle datetime '2026-01-02 12:46:00': time data '2026-01-02 12:46:00' does not match format '%Y-%m-%dT%H:%M:%S.%fZ'
2026-08-12 23:24:46 | WARNING | Could not parse candle datetime '2026-01-02 12:47:00': time data '2026-01-02 12:47:00' does not match format '%Y-%m-%dT%H:%M:%S.%fZ'
2026-08-12 23:24:46 | WARNING | Could not parse candle datetime '2026-01-02 12:48:00': time data '2026-01-02 12:48:00' does not match format '%Y-%m-%dT%H:%M:%S.%fZ'
2026-08-12 23:24:46 | WARNING | Could not parse candle datetime '2026-01-02 12:49:00': time data '2026-01-02 12:49:00' does not match format '%Y-%m-%dT%H:%M:%S.%fZ'
2026-08-12 23:24:46 | WARNING | Could not parse candle datetime '2026-01-02 12:50:00': time data '2026-01-02 12:50:00' does not match format '%Y-%m-%dT%H:%M:%S.%fZ'
2026-08-12 23:24:46 | WARNING | Could not parse candle datetime '2026-01-02 12:51:00': time data '2026-01-02 12:51:00' does not match format '%Y-%m-%dT%H:%M:%S.%fZ'
2026-08-12 23:24:46 | WARNING | Could not parse candle datetime '2026-01-02 12:52:00': time data '2026-01-02 12:52:00' does not match format '%Y-%m-%dT%H:%M:%S.%fZ'
2026-08-12 23:24:46 | WARNING | Could not parse candle datetime '2026-01-02 12:53:00': time data '2026-01-02 12:53:00' does not match format '%Y-%m-%dT%H:%M:%S.%fZ'
2026-08-12 23:24:46 | WARNING | Could not parse candle datetime '2026-01-02 12:54:00': time data '2026-01-02 12:54:00' does not match format '%Y-%m-%dT%H:%M:%S.%fZ'
2026-08-12 23:24:46 | WARNING | Could not parse candle datetime '2026-01-02 12:55:00': time data '2026-01-02 12:55:00' does not match format '%Y-%m-%dT%H:%M:%S.%fZ'
2026-08-12 23:24:46 | WARNING | Could not parse candle datetime '2026-01-02 12:56:00': time data '2026-01-02 12:56:00' does not match format '%Y-%m-%dT%H:%M:%S.%fZ'
2026-08-12 23:24:46 | WARNING | Could not parse candle datetime '2026-01-02 12:57:00': time data '2026-01-02 12:57:00' does not match format '%Y-%m-%dT%H:%M:%S.%fZ'
2026-08-12 23:24:46 | WARNING | Could not parse candle datetime '2026-01-02 12:58:00': time data '2026-01-02 12:58:00' does not match format '%Y-%m-%dT%H:%M:%S.%fZ'
2026-08-12 23:24:46 | WARNING | Could not parse candle datetime '2026-01-02 12:59:00': time data '2026-01-02 12:59:00' does not match format '%Y-%m-%dT%H:%M:%S.%fZ'
2026-08-12 23:24:46 | WARNING | Could not parse candle datetime '2026-01-02 13:00:00': time data '2026-01-02 13:00:00' does not match format '%Y-%m-%dT%H:%M:%S.%fZ'
2026-08-12 23:24:46 | WARNING | Could not parse candle datetime '2026-01-02 13:01:00': time data '2026-01-02 13:01:00' does not match format '%Y-%m-%dT%H:%M:%S.%fZ'
2026-08-12 23:24:46 | WARNING | Could not parse candle datetime '2026-01-02 13:02:00': time data '2026-01-02 13:02:00' does not match format '%Y-%m-%dT%H:%M:%S.%fZ'
2026-08-12 23:24:46 | WARNING | Could not parse candle datetime '2026-01-02 13:03:00': time data '2026-01-02 13:03:00' does not match format '%Y-%m-%dT%H:%M:%S.%fZ'
2026-08-12 23:24:46 | WARNING | Could not parse candle datetime '2026-01-02 13:04:00': time data '2026-01-02 13:04:00' does not match format '%Y-%m-%dT%H:%M:%S.%fZ'
2026-08-12 23:24:46 | WARNING | Could not parse candle datetime '2026-01-02 13:05:00': time data '2026-01-02 13:05:00' does not match format '%Y-%m-%dT%H:%M:%S.%fZ'
2026-08-12 23:24:46 | WARNING | Could not parse candle datetime '2026-01-02 13:06:00': time data '2026-01-02 13:06:00' does not match format '%Y-%m-%dT%H:%M:%S.%fZ'
2026-08-12 23:24:46 | WARNING | Could not parse candle datetime '2026-01-02 13:07:00': time data '2026-01-02 13:07:00' does not match format '%Y-%m-%dT%H:%M:%S.%fZ'
2026-08-12 23:24:46 | WARNING | Could not parse candle datetime '2026-01-02 13:08:00': time data '2026-01-02 13:08:00' does not match format '%Y-%m-%dT%H:%M:%S.%fZ'
2026-08-12 23:24:46 | WARNING | Could not parse candle datetime '2026-01-02 13:09:00': time data '2026-01-02 13:09:00' does not match format '%Y-%m-%dT%H:%M:%S.%fZ'
2026-08-12 23:24:46 | WARNING | Could not parse candle datetime '2026-01-02 13:10:00': time data '2026-01-02 13:10:00' does not match format '%Y-%m-%dT%H:%M:%S.%fZ'
2026-08-12 23:24:46 | WARNING | Could not parse candle datetime '2026-01-02 13:11:00': time data '2026-01-02 13:11:00' does not match format '%Y-%m-%dT%H:%M:%S.%fZ'
2026-08-12 23:24:46 | WARNING | Could not parse candle datetime '2026-01-02 13:12:00': time data '2026-01-02 13:12:00' does not match format '%Y-%m-%dT%H:%M:%S.%fZ'
2026-08-12 23:24:46 | WARNING | Could not parse candle datetime '2026-01-02 13:13:00': time data '2026-01-02 13:13:00' does not match format '%Y-%m-%dT%H:%M:%S.%fZ'
2026-08-12 23:24:46 | WARNING | Could not parse candle datetime '2026-01-02 13:14:00': time data '2026-01-02 13:14:00' does not match format '%Y-%m-%dT%H:%M:%S.%fZ'
2026-08-12 23:24:46 | WARNING | Could not parse candle datetime '2026-01-02 13:15:00': time data '2026-01-02 13:15:00' does not match format '%Y-%m-%dT%H:%M:%S.%fZ'
2026-08-12 23:24:46 | WARNING | Could not parse candle datetime '2026-01-02 13:16:00': time data '2026-01-02 13:16:00' does not match format '%Y-%m-%dT%H:%M:%S.%fZ'
2026-08-12 23:24:46 | WARNING | Could not parse candle datetime '2026-01-02 13:17:00': time data '2026-01-02 13:17:00' does not match format '%Y-%m-%dT%H:%M:%S.%fZ'
2026-08-12 23:24:46 | WARNING | Could not parse candle datetime '2026-01-02 13:18:00': time data '2026-01-02 13:18:00' does not match format '%Y-%m-%dT%H:%M:%S.%fZ'
2026-08-12 23:24:46 | WARNING | Could not parse candle datetime '2026-01-02 13:19:00': time data '2026-01-02 13:19:00' does not match format '%Y-%m-%dT%H:%M:%S.%fZ'
2026-08-12 23:24:46 | WARNING | Could not parse candle datetime '2026-01-02 13:20:00': time data '2026-01-02 13:20:00' does not match format '%Y-%m-%dT%H:%M:%S.%fZ'
2026-08-12 23:24:46 | WARNING | Could not parse candle datetime '2026-01-02 13:21:00': time data '2026-01-02 13:21:00' does not match format '%Y-%m-%dT%H:%M:%S.%fZ'
2026-08-12 23:24:46 | WARNING | Could not parse candle datetime '2026-01-02 13:22:00': time data '2026-01-02 13:22:00' does not match format '%Y-%m-%dT%H:%M:%S.%fZ'
2026-08-12 23:24:46 | WARNING | Could not parse candle datetime '2026-01-02 13:23:00': time data '2026-01-02 13:23:00' does not match format '%Y-%m-%dT%H:%M:%S.%fZ'
2026-08-12 23:24:46 | WARNING | Could not parse candle datetime '2026-01-02 13:24:00': time data '2026-01-02 13:24:00' does not match format '%Y-%m-%dT%H:%M:%S.%fZ'
2026-08-12 23:24:46 | WARNING | Could not parse candle datetime '2026-01-02 13:25:00': time data '2026-01-02 13:25:00' does not match format '%Y-%m-%dT%H:%M:%S.%fZ'
2026-08-12 23:24:46 | WARNING | Could not parse candle datetime '2026-01-02 13:26:00': time data '2026-01-02 13:26:00' does not match format '%Y-%m-%dT%H:%M:%S.%fZ'
2026-08-12 23:24:46 | WARNING | Could not parse candle datetime '2026-01-02 13:27:00': time data '2026-01-02 13:27:00' does not match format '%Y-%m-%dT%H:%M:%S.%fZ'
2026-08-12 23:24:46 | WARNING | Could not parse candle datetime '2026-01-02 13:28:00': time data '2026-01-02 13:28:00' does not match format '%Y-%m-%dT%H:%M:%S.%fZ'
2026-08-12 23:24:46 | WARNING | Could not parse candle datetime '2026-01-02 13:29:00': time data '2026-01-02 13:29:00' does not match format '%Y-%m-%dT%H:%M:%S.%fZ'
2026-08-12 23:24:46 | WARNING | Could not parse candle datetime '2026-01-02 13:30:00': time data '2026-01-02 13:30:00' does not match format '%Y-%m-%dT%H:%M:%S.%fZ'
2026-08-12 23:24:46 | WARNING | Could not parse candle datetime '2026-01-02 13:31:00': time data '2026-01-02 13:31:00' does not match format '%Y-%m-%dT%H:%M:%S.%fZ'
2026-08-12 23:24:46 | WARNING | Could not parse candle datetime '2026-01-02 13:32:00': time data '2026-01-02 13:32:00' does not match format '%Y-%m-%dT%H:%M:%S.%fZ'
2026-08-12 23:24:46 | WARNING | Could not parse candle datetime '2026-01-02 13:33:00': time data '2026-01-02 13:33:00' does not match format '%Y-%m-%dT%H:%M:%S.%fZ'
2026-08-12 23:24:46 | WARNING | Could not parse candle datetime '2026-01-02 13:34:00': time data '2026-01-02 13:34:00' does not match format '%Y-%m-%dT%H:%M:%S.%fZ'
2026-08-12 23:24:46 | WARNING | Could not parse candle datetime '2026-01-02 13:35:00': time data '2026-01-02 13:35:00' does not match format '%Y-%m-%dT%H:%M:%S.%fZ'
2026-08-12 23:24:46 | WARNING | Could not parse candle datetime '2026-01-02 13:36:00': time data '2026-01-02 13:36:00' does not match format '%Y-%m-%dT%H:%M:%S.%fZ'
2026-08-12 23:24:46 | WARNING | Could not parse candle datetime '2026-01-02 13:37:00': time data '2026-01-02 13:37:00' does not match format '%Y-%m-%dT%H:%M:%S.%fZ'
2026-08-12 23:24:46 | WARNING | Could not parse candle datetime '2026-01-02 13:38:00': time data '2026-01-02 13:38:00' does not match format '%Y-%m-%dT%H:%M:%S.%fZ'
2026-08-12 23:24:46 | WARNING | Could not parse candle datetime '2026-01-02 13:39:00': time data '2026-01-02 13:39:00' does not match format '%Y-%m-%dT%H:%M:%S.%fZ'
2026-08-12 23:24:46 | WARNING | Could not parse candle datetime '2026-01-02 13:40:00': time data '2026-01-02 13:40:00' does not match format '%Y-%m-%dT%H:%M:%S.%fZ'
2026-08-12 23:24:46 | WARNING | Could not parse candle datetime '2026-01-02 13:41:00': time data '2026-01-02 13:41:00' does not match format '%Y-%m-%dT%H:%M:%S.%fZ'
2026-08-12 23:24:46 | WARNING | Could not parse candle datetime '2026-01-02 13:42:00': time data '2026-01-02 13:42:00' does not match format '%Y-%m-%dT%H:%M:%S.%fZ'
2026-08-12 23:24:46 | WARNING | Could not parse candle datetime '2026-01-02 13:43:00': time data '2026-01-02 13:43:00' does not match format '%Y-%m-%dT%H:%M:%S.%fZ'
2026-08-12 23:24:46 | WARNING | Could not parse candle datetime '2026-01-02 13:44:00': time data '2026-01-02 13:44:00' does not match format '%Y-%m-%dT%H:%M:%S.%fZ'
2026-08-12 23:24:46 | WARNING | Could not parse candle datetime '2026-01-02 13:45:00': time data '2026-01-02 13:45:00' does not match format '%Y-%m-%dT%H:%M:%S.%fZ'
2026-08-12 23:24:46 | WARNING | Could not parse candle datetime '2026-01-02 13:46:00': time data '2026-01-02 13:46:00' does not match format '%Y-%m-%dT%H:%M:%S.%fZ'
2026-08-12 23:24:46 | WARNING | Could not parse candle datetime '2026-01-02 13:47:00': time data '2026-01-02 13:47:00' does not match format '%Y-%m-%dT%H:%M:%S.%fZ'
2026-08-12 23:24:46 | WARNING | Could not parse candle datetime '2026-01-02 13:48:00': time data '2026-01-02 13:48:00' does not match format '%Y-%m-%dT%H:%M:%S.%fZ'
2026-08-12 23:24:46 | WARNING | Could not parse candle datetime '2026-01-02 13:49:00': time data '2026-01-02 13:49:00' does not match format '%Y-%m-%dT%H:%M:%S.%fZ'
2026-08-12 23:24:46 | WARNING | Could not parse candle datetime '2026-01-02 13:50:00': time data '2026-01-02 13:50:00' does not match format '%Y-%m-%dT%H:%M:%S.%fZ'
2026-08-12 23:24:46 | WARNING | Could not parse candle datetime '2026-01-02 13:51:00': time data '2026-01-02 13:51:00' does not match format '%Y-%m-%dT%H:%M:%S.%fZ'
2026-08-12 23:24:46 | WARNING | Could not parse candle datetime '2026-01-02 13:52:00': time data '2026-01-02 13:52:00' does not match format '%Y-%m-%dT%H:%M:%S.%fZ'
2026-08-12 23:24:46 | WARNING | Could not parse candle datetime '2026-01-02 13:53:00': time data '2026-01-02 13:53:00' does not match format '%Y-%m-%dT%H:%M:%S.%fZ'
2026-08-12 23:24:46 | WARNING | Could not parse candle datetime '2026-01-02 13:54:00': time data '2026-01-02 13:54:00' does not match format '%Y-%m-%dT%H:%M:%S.%fZ'
2026-08-12 23:24:46 | WARNING | Could not parse candle datetime '2026-01-02 13:55:00': time data '2026-01-02 13:55:00' does not match format '%Y-%m-%dT%H:%M:%S.%fZ'
2026-08-12 23:24:46 | WARNING | Could not parse candle datetime '2026-01-02 13:56:00': time data '2026-01-02 13:56:00' does not match format '%Y-%m-%dT%H:%M:%S.%fZ'
2026-08-12 23:24:46 | WARNING | Could not parse candle datetime '2026-01-02 13:57:00': time data '2026-01-02 13:57:00' does not match format '%Y-%m-%dT%H:%M:%S.%fZ'
2026-08-12 23:24:46 | WARNING | Could not parse candle datetime '2026-01-02 13:58:00': time data '2026-01-02 13:58:00' does not match format '%Y-%m-%dT%H:%M:%S.%fZ'
2026-08-12 23:24:46 | WARNING | Could not parse candle datetime '2026-01-02 13:59:00': time data '2026-01-02 13:59:00' does not match format '%Y-%m-%dT%H:%M:%S.%fZ'
2026-08-12 23:24:46 | WARNING | Could not parse candle datetime '2026-01-02 14:00:00': time data '2026-01-02 14:00:00' does not match format '%Y-%m-%dT%H:%M:%S.%fZ'
2026-08-12 23:24:46 | WARNING | Could not parse candle datetime '2026-01-02 14:01:00': time data '2026-01-02 14:01:00' does not match format '%Y-%m-%dT%H:%M:%S.%fZ'
2026-08-12 23:24:46 | WARNING | Could not parse candle datetime '2026-01-02 14:02:00': time data '2026-01-02 14:02:00' does not match format '%Y-%m-%dT%H:%M:%S.%fZ'
2026-08-12 23:24:46 | WARNING | Could not parse candle datetime '2026-01-02 14:03:00': time data '2026-01-02 14:03:00' does not match format '%Y-%m-%dT%H:%M:%S.%fZ'
2026-08-12 23:24:46 | WARNING | Could not parse candle datetime '2026-01-02 14:04:00': time data '2026-01-02 14:04:00' does not match format '%Y-%m-%dT%H:%M:%S.%fZ'
2026-08-12 23:24:46 | WARNING | Could not parse candle datetime '2026-01-02 14:05:00': time data '2026-01-02 14:05:00' does not match format '%Y-%m-%dT%H:%M:%S.%fZ'
2026-08-12 23:24:46 | WARNING | Could not parse candle datetime '2026-01-02 14:06:00': time data '2026-01-02 14:06:00' does not match format '%Y-%m-%dT%H:%M:%S.%fZ'
2026-08-12 23:24:46 | WARNING | Could not parse candle datetime '2026-01-02 14:07:00': time data '2026-01-02 14:07:00' does not match format '%Y-%m-%dT%H:%M:%S.%fZ'
2026-08-12 23:24:46 | WARNING | Could not parse candle datetime '2026-01-02 14:08:00': time data '2026-01-02 14:08:00' does not match format '%Y-%m-%dT%H:%M:%S.%fZ'
2026-08-12 23:24:46 | WARNING | Could not parse candle datetime '2026-01-02 14:09:00': time data '2026-01-02 14:09:00' does not match format '%Y-%m-%dT%H:%M:%S.%fZ'
2026-08-12 23:24:46 | WARNING | Could not parse candle datetime '2026-01-02 14:10:00': time data '2026-01-02 14:10:00' does not match format '%Y-%m-%dT%H:%M:%S.%fZ'
2026-08-12 23:24:46 | WARNING | Could not parse candle datetime '2026-01-02 14:11:00': time data '2026-01-02 14:11:00' does not match format '%Y-%m-%dT%H:%M:%S.%fZ'
2026-08-12 23:24:46 | WARNING | Could not parse candle datetime '2026-01-02 14:12:00': time data '2026-01-02 14:12:00' does not match format '%Y-%m-%dT%H:%M:%S.%fZ'
2026-08-12 23:24:46 | WARNING | Could not parse candle datetime '2026-01-02 14:13:00': time data '2026-01-02 14:13:00' does not match format '%Y-%m-%dT%H:%M:%S.%fZ'
2026-08-12 23:24:46 | WARNING | Could not parse candle datetime '2026-01-02 14:14:00': time data '2026-01-02 14:14:00' does not match format '%Y-%m-%dT%H:%M:%S.%fZ'
2026-08-12 23:24:46 | WARNING | Could not parse candle datetime '2026-01-02 14:15:00': time data '2026-01-02 14:15:00' does not match format '%Y-%m-%dT%H:%M:%S.%fZ'
2026-08-12 23:24:46 | WARNING | Could not parse candle datetime '2026-01-02 14:16:00': time data '2026-01-02 14:16:00' does not match format '%Y-%m-%dT%H:%M:%S.%fZ'
2026-08-12 23:24:46 | WARNING | Could not parse candle datetime '2026-01-02 14:17:00': time data '2026-01-02 14:17:00' does not match format '%Y-%m-%dT%H:%M:%S.%fZ'
2026-08-12 23:24:46 | WARNING | Could not parse candle datetime '2026-01-02 14:18:00': time data '2026-01-02 14:18:00' does not match format '%Y-%m-%dT%H:%M:%S.%fZ'
2026-08-12 23:24:46 | WARNING | Could not parse candle datetime '2026-01-02 14:19:00': time data '2026-01-02 14:19:00' does not match format '%Y-%m-%dT%H:%M:%S.%fZ'
2026-08-12 23:24:46 | WARNING | Could not parse candle datetime '2026-01-02 14:20:00': time data '2026-01-02 14:20:00' does not match format '%Y-%m-%dT%H:%M:%S.%fZ'
2026-08-12 23:24:46 | WARNING | Could not parse candle datetime '2026-01-02 14:21:00': time data '2026-01-02 14:21:00' does not match format '%Y-%m-%dT%H:%M:%S.%fZ'
2026-08-12 23:24:46 | WARNING | Could not parse candle datetime '2026-01-02 14:22:00': time data '2026-01-02 14:22:00' does not match format '%Y-%m-%dT%H:%M:%S.%fZ'
2026-08-12 23:24:46 | WARNING | Could not parse candle datetime '2026-01-02 14:23:00': time data '2026-01-02 14:23:00' does not match format '%Y-%m-%dT%H:%M:%S.%fZ'
2026-08-12 23:24:46 | WARNING | Could not parse candle datetime '2026-01-02 14:24:00': time data '2026-01-02 14:24:00' does not match format '%Y-%m-%dT%H:%M:%S.%fZ'
2026-08-12 23:24:46 | WARNING | Could not parse candle datetime '2026-01-02 14:25:00': time data '2026-01-02 14:25:00' does not match format '%Y-%m-%dT%H:%M:%S.%fZ'
2026-08-12 23:24:46 | WARNING | Could not parse candle datetime '2026-01-02 14:26:00': time data '2026-01-02 14:26:00' does not match format '%Y-%m-%dT%H:%M:%S.%fZ'
2026-08-12 23:24:46 | WARNING | Could not parse candle datetime '2026-01-02 14:27:00': time data '2026-01-02 14:27:00' does not match format '%Y-%m-%dT%H:%M:%S.%fZ'
2026-08-12 23:24:46 | WARNING | Could not parse candle datetime '2026-01-02 14:28:00': time data '2026-01-02 14:28:00' does not match format '%Y-%m-%dT%H:%M:%S.%fZ'
2026-08-12 23:24:46 | WARNING | Could not parse candle datetime '2026-01-02 14:29:00': time data '2026-01-02 14:29:00' does not match format '%Y-%m-%dT%H:%M:%S.%fZ'
2026-08-12 23:24:46 | WARNING | Could not parse candle datetime '2026-01-02 14:30:00': time data '2026-01-02 14:30:00' does not match format '%Y-%m-%dT%H:%M:%S.%fZ'
2026-08-12 23:24:46 | WARNING | Could not parse candle datetime '2026-01-02 14:31:00': time data '2026-01-02 14:31:00' does not match format '%Y-%m-%dT%H:%M:%S.%fZ'
2026-08-12 23:24:46 | WARNING | Could not parse candle datetime '2026-01-02 14:32:00': time data '2026-01-02 14:32:00' does not match format '%Y-%m-%dT%H:%M:%S.%fZ'
2026-08-12 23:24:46 | WARNING | Could not parse candle datetime '2026-01-02 14:33:00': time data '2026-01-02 14:33:00' does not match format '%Y-%m-%dT%H:%M:%S.%fZ'
2026-08-12 23:24:46 | WARNING | Could not parse candle datetime '2026-01-02 14:34:00': time data '2026-01-02 14:34:00' does not match format '%Y-%m-%dT%H:%M:%S.%fZ'
2026-08-12 23:24:46 | WARNING | Could not parse candle datetime '2026-01-02 14:35:00': time data '2026-01-02 14:35:00' does not match format '%Y-%m-%dT%H:%M:%S.%fZ'
2026-08-12 23:24:46 | WARNING | Could not parse candle datetime '2026-01-02 14:36:00': time data '2026-01-02 14:36:00' does not match format '%Y-%m-%dT%H:%M:%S.%fZ'
2026-08-12 23:24:46 | WARNING | Could not parse candle datetime '2026-01-02 14:37:00': time data '2026-01-02 14:37:00' does not match format '%Y-%m-%dT%H:%M:%S.%fZ'
2026-08-12 23:24:46 | WARNING | Could not parse candle datetime '2026-01-02 14:38:00': time data '2026-01-02 14:38:00' does not match format '%Y-%m-%dT%H:%M:%S.%fZ'
2026-08-12 23:24:46 | WARNING | Could not parse candle datetime '2026-01-02 14:39:00': time data '2026-01-02 14:39:00' does not match format '%Y-%m-%dT%H:%M:%S.%fZ'
2026-08-12 23:24:46 | WARNING | Could not parse candle datetime '2026-01-02 14:40:00': time data '2026-01-02 14:40:00' does not match format '%Y-%m-%dT%H:%M:%S.%fZ'
2026-08-12 23:24:46 | WARNING | Could not parse candle datetime '2026-01-02 14:41:00': time data '2026-01-02 14:41:00' does not match format '%Y-%m-%dT%H:%M:%S.%fZ'
2026-08-12 23:24:46 | WARNING | Could not parse candle datetime '2026-01-02 14:42:00': time data '2026-01-02 14:42:00' does not match format '%Y-%m-%dT%H:%M:%S.%fZ'
2026-08-12 23:24:46 | WARNING | Could not parse candle datetime '2026-01-02 14:43:00': time data '2026-01-02 14:43:00' does not match format '%Y-%m-%dT%H:%M:%S.%fZ'
2026-08-12 23:24:46 | WARNING | Could not parse candle datetime '2026-01-02 14:44:00': time data '2026-01-02 14:44:00' does not match format '%Y-%m-%dT%H:%M:%S.%fZ'
2026-08-12 23:24:46 | WARNING | Could not parse candle datetime '2026-01-02 14:45:00': time data '2026-01-02 14:45:00' does not match format '%Y-%m-%dT%H:%M:%S.%fZ'
2026-08-12 23:24:46 | WARNING | Could not parse candle datetime '2026-01-02 14:46:00': time data '2026-01-02 14:46:00' does not match format '%Y-%m-%dT%H:%M:%S.%fZ'
2026-08-12 23:24:46 | WARNING | Could not parse candle datetime '2026-01-02 14:47:00': time data '2026-01-02 14:47:00' does not match format '%Y-%m-%dT%H:%M:%S.%fZ'
2026-08-12 23:24:46 | WARNING | Could not parse candle datetime '2026-01-02 14:48:00': time data '2026-01-02 14:48:00' does not match format '%Y-%m-%dT%H:%M:%S.%fZ'
2026-08-12 23:24:46 | WARNING | Could not parse candle datetime '2026-01-02 14:49:00': time data '2026-01-02 14:49:00' does not match format '%Y-%m-%dT%H:%M:%S.%fZ'
2026-08-12 23:24:46 | WARNING | Could not parse candle datetime '2026-01-02 14:50:00': time data '2026-01-02 14:50:00' does not match format '%Y-%m-%dT%H:%M:%S.%fZ'
2026-08-12 23:24:46 | WARNING | Could not parse candle datetime '2026-01-02 14:51:00': time data '2026-01-02 14:51:00' does not match format '%Y-%m-%dT%H:%M:%S.%fZ'
2026-08-12 23:24:46 | WARNING | Could not parse candle datetime '2026-01-02 14:52:00': time data '2026-01-02 14:52:00' does not match format '%Y-%m-%dT%H:%M:%S.%fZ'
2026-08-12 23:24:46 | WARNING | Could not parse candle datetime '2026-01-02 14:53:00': time data '2026-01-02 14:53:00' does not match format '%Y-%m-%dT%H:%M:%S.%fZ'
2026-08-12 23:24:46 | WARNING | Could not parse candle datetime '2026-01-02 14:54:00': time data '2026-01-02 14:54:00' does not match format '%Y-%m-%dT%H:%M:%S.%fZ'
2026-08-12 23:24:46 | WARNING | Could not parse candle datetime '2026-01-02 14:55:00': time data '2026-01-02 14:55:00' does not match format '%Y-%m-%dT%H:%M:%S.%fZ'
2026-08-12 23:24:46 | WARNING | Could not parse candle datetime '2026-01-02 14:56:00': time data '2026-01-02 14:56:00' does not match format '%Y-%m-%dT%H:%M:%S.%fZ'
2026-08-12 23:24:46 | WARNING | Could not parse candle datetime '2026-01-02 14:57:00': time data '2026-01-02 14:57:00' does not match format '%Y-%m-%dT%H:%M:%S.%fZ'
2026-08-12 23:24:46 | WARNING | Could not parse candle datetime '2026-01-02 14:58:00': time data '2026-01-02 14:58:00' does not match format '%Y-%m-%dT%H:%M:%S.%fZ'
2026-08-12 23:24:46 | WARNING | Could not parse candle datetime '2026-01-02 14:59:00': time data '2026-01-02 14:59:00' does not match format '%Y-%m-%dT%H:%M:%S.%fZ'
2026-08-12 23:24:46 | WARNING | Could not parse candle datetime '2026-01-02 15:00:00': time data '2026-01-02 15:00:00' does not match format '%Y-%m-%dT%H:%M:%S.%fZ'
2026-08-12 23:24:46 | WARNING | Could not parse candle datetime '2026-01-02 15:01:00': time data '2026-01-02 15:01:00' does not match format '%Y-%m-%dT%H:%M:%S.%fZ'
2026-08-12 23:24:46 | WARNING | Could not parse candle datetime '2026-01-02 15:02:00': time data '2026-01-02 15:02:00' does not match format '%Y-%m-%dT%H:%M:%S.%fZ'
2026-08-12 23:24:46 | WARNING | Could not parse candle datetime '2026-01-02 15:03:00': time data '2026-01-02 15:03:00' does not match format '%Y-%m-%dT%H:%M:%S.%fZ'
2026-08-12 23:24:46 | WARNING | Could not parse candle datetime '2026-01-02 15:04:00': time data '2026-01-02 15:04:00' does not match format '%Y-%m-%dT%H:%M:%S.%fZ'
2026-08-12 23:24:46 | WARNING | Could not parse candle datetime '2026-01-02 15:05:00': time data '2026-01-02 15:05:00' does not match format '%Y-%m-%dT%H:%M:%S.%fZ'
2026-08-12 23:24:46 | WARNING | Could not parse candle datetime '2026-01-02 15:06:00': time data '2026-01-02 15:06:00' does not match format '%Y-%m-%dT%H:%M:%S.%fZ'
2026-08-12 23:24:46 | WARNING | Could not parse candle datetime '2026-01-02 15:07:00': time data '2026-01-02 15:07:00' does not match format '%Y-%m-%dT%H:%M:%S.%fZ'
2026-08-12 23:24:46 | WARNING | Could not parse candle datetime '2026-01-02 15:08:00': time data '2026-01-02 15:08:00' does not match format '%Y-%m-%dT%H:%M:%S.%fZ'
2026-08-12 23:24:46 | WARNING | Could not parse candle datetime '2026-01-02 15:09:00': time data '2026-01-02 15:09:00' does not match format '%Y-%m-%dT%H:%M:%S.%fZ'
2026-08-12 23:24:46 | WARNING | Could not parse candle datetime '2026-01-02 15:10:00': time data '2026-01-02 15:10:00' does not match format '%Y-%m-%dT%H:%M:%S.%fZ'
2026-08-12 23:24:46 | WARNING | Could not parse candle datetime '2026-01-02 15:11:00': time data '2026-01-02 15:11:00' does not match format '%Y-%m-%dT%H:%M:%S.%fZ'
2026-08-12 23:24:46 | WARNING | Could not parse candle datetime '2026-01-02 15:12:00': time data '2026-01-02 15:12:00' does not match format '%Y-%m-%dT%H:%M:%S.%fZ'
2026-08-12 23:24:46 | WARNING | Could not parse candle datetime '2026-01-02 15:13:00': time data '2026-01-02 15:13:00' does not match format '%Y-%m-%dT%H:%M:%S.%fZ'
2026-08-12 23:24:46 | WARNING | Could not parse candle datetime '2026-01-02 15:14:00': time data '2026-01-02 15:14:00' does not match format '%Y-%m-%dT%H:%M:%S.%fZ'
2026-08-12 23:24:46 | WARNING | Could not parse candle datetime '2026-01-02 15:15:00': time data '2026-01-02 15:15:00' does not match format '%Y-%m-%dT%H:%M:%S.%fZ'
2026-08-12 23:24:46 | WARNING | Could not parse candle datetime '2026-01-02 15:16:00': time data '2026-01-02 15:16:00' does not match format '%Y-%m-%dT%H:%M:%S.%fZ'
2026-08-12 23:24:46 | WARNING | Could not parse candle datetime '2026-01-02 15:17:00': time data '2026-01-02 15:17:00' does not match format '%Y-%m-%dT%H:%M:%S.%fZ'
2026-08-12 23:24:46 | WARNING | Could not parse candle datetime '2026-01-02 15:18:00': time data '2026-01-02 15:18:00' does not match format '%Y-%m-%dT%H:%M:%S.%fZ'
2026-08-12 23:24:46 | WARNING | Could not parse candle datetime '2026-01-02 15:19:00': time data '2026-01-02 15:19:00' does not match format '%Y-%m-%dT%H:%M:%S.%fZ'
2026-08-12 23:24:46 | WARNING | Could not parse candle datetime '2026-01-02 15:20:00': time data '2026-01-02 15:20:00' does not match format '%Y-%m-%dT%H:%M:%S.%fZ'
2026-08-12 23:24:46 | WARNING | Could not parse candle datetime '2026-01-02 15:21:00': time data '2026-01-02 15:21:00' does not match format '%Y-%m-%dT%H:%M:%S.%fZ'
2026-08-12 23:24:46 | WARNING | Could not parse candle datetime '2026-01-02 15:22:00': time data '2026-01-02 15:22:00' does not match format '%Y-%m-%dT%H:%M:%S.%fZ'
2026-08-12 23:24:46 | WARNING | Could not parse candle datetime '2026-01-02 15:23:00': time data '2026-01-02 15:23:00' does not match format '%Y-%m-%dT%H:%M:%S.%fZ'
2026-08-12 23:24:46 | WARNING | Could not parse candle datetime '2026-01-02 15:24:00': time data '2026-01-02 15:24:00' does not match format '%Y-%m-%dT%H:%M:%S.%fZ'
2026-08-12 23:24:46 | WARNING | Could not parse candle datetime '2026-01-02 15:25:00': time data '2026-01-02 15:25:00' does not match format '%Y-%m-%dT%H:%M:%S.%fZ'
2026-08-12 23:24:46 | WARNING | Could not parse candle datetime '2026-01-02 15:26:00': time data '2026-01-02 15:26:00' does not match format '%Y-%m-%dT%H:%M:%S.%fZ'
2026-08-12 23:24:46 | WARNING | Could not parse candle datetime '2026-01-02 15:27:00': time data '2026-01-02 15:27:00' does not match format '%Y-%m-%dT%H:%M:%S.%fZ'
2026-08-12 23:24:46 | WARNING | Could not parse candle datetime '2026-01-02 15:28:00': time data '2026-01-02 15:28:00' does not match format '%Y-%m-%dT%H:%M:%S.%fZ'
2026-08-12 23:24:46 | WARNING | Could not parse candle datetime '2026-01-02 15:29:00': time data '2026-01-02 15:29:00' does not match format '%Y-%m-%dT%H:%M:%S.%fZ'
2026-08-12 23:24:46 | WARNING | Could not parse candle datetime '2026-01-02 15:30:00': time data '2026-01-02 15:30:00' does not match format '%Y-%m-%dT%H:%M:%S.%fZ'
2026-08-12 23:24:46 | WARNING | Could not parse candle datetime '2026-01-02 15:31:00': time data '2026-01-02 15:31:00' does not match format '%Y-%m-%dT%H:%M:%S.%fZ'
2026-08-12 23:24:46 | INFO | Saved 2026-01-01: 0 candles -> data/raw/breeze\RELIND\1m\2026\01\2026-01-01.json
2026-08-12 23:24:46 | INFO | Saved 2026-01-02: 0 candles -> data/raw/breeze\RELIND\1m\2026\01\2026-01-02.json
2026-08-12 23:24:46 | INFO | Next trading day: 2026-01-05
2026-08-12 23:24:46 | INFO | Waiting 1.0 seconds...
2026-08-12 23:24:47 | INFO | 
2026-08-12 23:24:47 | INFO | ======================================================================
2026-08-12 23:24:47 | INFO | CHUNK #2
2026-08-12 23:24:47 | INFO | Trading days: 2026-01-05 -> 2026-01-06
2026-08-12 23:24:47 | INFO | Request: 2026-01-05T09:00:00.000Z -> 2026-01-06T15:45:00.000Z
2026-08-12 23:24:47 | INFO | ======================================================================
2026-08-12 23:24:47 | INFO | API request: 2026-01-05T09:00:00.000Z -> 2026-01-06T15:45:00.000Z (attempt 1/3)
2026-08-12 23:24:48 | INFO | API returned 756 candles.
2026-08-12 23:24:48 | WARNING | Could not parse candle datetime '2026-01-05 09:07:00': time data '2026-01-05 09:07:00' does not match format '%Y-%m-%dT%H:%M:%S.%fZ'
2026-08-12 23:24:48 | WARNING | Could not parse candle datetime '2026-01-05 09:15:00': time data '2026-01-05 09:15:00' does not match format '%Y-%m-%dT%H:%M:%S.%fZ'
2026-08-12 23:24:48 | WARNING | Could not parse candle datetime '2026-01-05 09:16:00': time data '2026-01-05 09:16:00' does not match format '%Y-%m-%dT%H:%M:%S.%fZ'
2026-08-12 23:24:48 | WARNING | Could not parse candle datetime '2026-01-05 09:17:00': time data '2026-01-05 09:17:00' does not match format '%Y-%m-%dT%H:%M:%S.%fZ'
2026-08-12 23:24:48 | WARNING | Could not parse candle datetime '2026-01-05 09:18:00': time data '2026-01-05 09:18:00' does not match format '%Y-%m-%dT%H:%M:%S.%fZ'
2026-08-12 23:24:48 | WARNING | Could not parse candle datetime '2026-01-05 09:19:00': time data '2026-01-05 09:19:00' does not match format '%Y-%m-%dT%H:%M:%S.%fZ'
2026-08-12 23:24:48 | WARNING | Could not parse candle datetime '2026-01-05 09:20:00': time data '2026-01-05 09:20:00' does not match format '%Y-%m-%dT%H:%M:%S.%fZ'
2026-08-12 23:24:48 | WARNING | Could not parse candle datetime '2026-01-05 09:21:00': time data '2026-01-05 09:21:00' does not match format '%Y-%m-%dT%H:%M:%S.%fZ'
2026-08-12 23:24:48 | WARNING | Could not parse candle datetime '2026-01-05 09:22:00': time data '2026-01-05 09:22:00' does not match format '%Y-%m-%dT%H:%M:%S.%fZ'
2026-08-12 23:24:48 | WARNING | Could not parse candle datetime '2026-01-05 09:23:00': time data '2026-01-05 09:23:00' does not match format '%Y-%m-%dT%H:%M:%S.%fZ'
2026-08-12 23:24:48 | WARNING | Could not parse candle datetime '2026-01-05 09:24:00': time data '2026-01-05 09:24:00' does not match format '%Y-%m-%dT%H:%M:%S.%fZ'
2026-08-12 23:24:48 | WARNING | Could not parse candle datetime '2026-01-05 09:25:00': time data '2026-01-05 09:25:00' does not match format '%Y-%m-%dT%H:%M:%S.%fZ'
2026-08-12 23:24:48 | WARNING | Could not parse candle datetime '2026-01-05 09:26:00': time data '2026-01-05 09:26:00' does not match format '%Y-%m-%dT%H:%M:%S.%fZ'
2026-08-12 23:24:48 | WARNING | Could not parse candle datetime '2026-01-05 09:27:00': time data '2026-01-05 09:27:00' does not match format '%Y-%m-%dT%H:%M:%S.%fZ'
2026-08-12 23:24:48 | WARNING | Could not parse candle datetime '2026-01-05 09:28:00': time data '2026-01-05 09:28:00' does not match format '%Y-%m-%dT%H:%M:%S.%fZ'
2026-08-12 23:24:48 | WARNING | Could not parse candle datetime '2026-01-05 09:29:00': time data '2026-01-05 09:29:00' does not match format '%Y-%m-%dT%H:%M:%S.%fZ'
2026-08-12 23:24:48 | WARNING | Could not parse candle datetime '2026-01-05 09:30:00': time data '2026-01-05 09:30:00' does not match format '%Y-%m-%dT%H:%M:%S.%fZ'
2026-08-12 23:24:48 | WARNING | Could not parse candle datetime '2026-01-05 09:31:00': time data '2026-01-05 09:31:00' does not match format '%Y-%m-%dT%H:%M:%S.%fZ'
2026-08-12 23:24:48 | WARNING | Could not parse candle datetime '2026-01-05 09:32:00': time data '2026-01-05 09:32:00' does not match format '%Y-%m-%dT%H:%M:%S.%fZ'
2026-08-12 23:24:48 | WARNING | Could not parse candle datetime '2026-01-05 09:33:00': time data '2026-01-05 09:33:00' does not match format '%Y-%m-%dT%H:%M:%S.%fZ'
2026-08-12 23:24:48 | WARNING | Could not parse candle datetime '2026-01-05 09:34:00': time data '2026-01-05 09:34:00' does not match format '%Y-%m-%dT%H:%M:%S.%fZ'
2026-08-12 23:24:48 | WARNING | Could not parse candle datetime '2026-01-05 09:35:00': time data '2026-01-05 09:35:00' does not match format '%Y-%m-%dT%H:%M:%S.%fZ'
2026-08-12 23:24:48 | WARNING | Could not parse candle datetime '2026-01-05 09:36:00': time data '2026-01-05 09:36:00' does not match format '%Y-%m-%dT%H:%M:%S.%fZ'
2026-08-12 23:24:48 | WARNING | Could not parse candle datetime '2026-01-05 09:37:00': time data '2026-01-05 09:37:00' does not match format '%Y-%m-%dT%H:%M:%S.%fZ'
2026-08-12 23:24:48 | WARNING | Could not parse candle datetime '2026-01-05 09:38:00': time data '2026-01-05 09:38:00' does not match format '%Y-%m-%dT%H:%M:%S.%fZ'
2026-08-12 23:24:48 | WARNING | Could not parse candle datetime '2026-01-05 09:39:00': time data '2026-01-05 09:39:00' does not match format '%Y-%m-%dT%H:%M:%S.%fZ'
2026-08-12 23:24:48 | WARNING | Could not parse candle datetime '2026-01-05 09:40:00': time data '2026-01-05 09:40:00' does not match format '%Y-%m-%dT%H:%M:%S.%fZ'
2026-08-12 23:24:48 | WARNING | Could not parse candle datetime '2026-01-05 09:41:00': time data '2026-01-05 09:41:00' does not match format '%Y-%m-%dT%H:%M:%S.%fZ'
2026-08-12 23:24:48 | WARNING | Could not parse candle datetime '2026-01-05 09:42:00': time data '2026-01-05 09:42:00' does not match format '%Y-%m-%dT%H:%M:%S.%fZ'
2026-08-12 23:24:48 | WARNING | Could not parse candle datetime '2026-01-05 09:43:00': time data '2026-01-05 09:43:00' does not match format '%Y-%m-%dT%H:%M:%S.%fZ'
2026-08-12 23:24:48 | WARNING | Could not parse candle datetime '2026-01-05 09:44:00': time data '2026-01-05 09:44:00' does not match format '%Y-%m-%dT%H:%M:%S.%fZ'
2026-08-12 23:24:48 | WARNING | Could not parse candle datetime '2026-01-05 09:45:00': time data '2026-01-05 09:45:00' does not match format '%Y-%m-%dT%H:%M:%S.%fZ'
2026-08-12 23:24:48 | WARNING | Could not parse candle datetime '2026-01-05 09:46:00': time data '2026-01-05 09:46:00' does not match format '%Y-%m-%dT%H:%M:%S.%fZ'
2026-08-12 23:24:48 | WARNING | Could not parse candle datetime '2026-01-05 09:47:00': time data '2026-01-05 09:47:00' does not match format '%Y-%m-%dT%H:%M:%S.%fZ'
2026-08-12 23:24:48 | WARNING | Could not parse candle datetime '2026-01-05 09:48:00': time data '2026-01-05 09:48:00' does not match format '%Y-%m-%dT%H:%M:%S.%fZ'
2026-08-12 23:24:48 | WARNING | Could not parse candle datetime '2026-01-05 09:49:00': time data '2026-01-05 09:49:00' does not match format '%Y-%m-%dT%H:%M:%S.%fZ'
2026-08-12 23:24:48 | WARNING | Could not parse candle datetime '2026-01-05 09:50:00': time data '2026-01-05 09:50:00' does not match format '%Y-%m-%dT%H:%M:%S.%fZ'
2026-08-12 23:24:48 | WARNING | Could not parse candle datetime '2026-01-05 09:51:00': time data '2026-01-05 09:51:00' does not match format '%Y-%m-%dT%H:%M:%S.%fZ'
2026-08-12 23:24:48 | WARNING | Could not parse candle datetime '2026-01-05 09:52:00': time data '2026-01-05 09:52:00' does not match format '%Y-%m-%dT%H:%M:%S.%fZ'
2026-08-12 23:24:48 | WARNING | Could not parse candle datetime '2026-01-05 09:53:00': time data '2026-01-05 09:53:00' does not match format '%Y-%m-%dT%H:%M:%S.%fZ'
2026-08-12 23:24:48 | WARNING | Could not parse candle datetime '2026-01-05 09:54:00': time data '2026-01-05 09:54:00' does not match format '%Y-%m-%dT%H:%M:%S.%fZ'
2026-08-12 23:24:48 | WARNING | Could not parse candle datetime '2026-01-05 09:55:00': time data '2026-01-05 09:55:00' does not match format '%Y-%m-%dT%H:%M:%S.%fZ'
2026-08-12 23:24:48 | WARNING | Could not parse candle datetime '2026-01-05 09:56:00': time data '2026-01-05 09:56:00' does not match format '%Y-%m-%dT%H:%M:%S.%fZ'
2026-08-12 23:24:48 | WARNING | Could not parse candle datetime '2026-01-05 09:57:00': time data '2026-01-05 09:57:00' does not match format '%Y-%m-%dT%H:%M:%S.%fZ'
2026-08-12 23:24:48 | WARNING | Could not parse candle datetime '2026-01-05 09:58:00': time data '2026-01-05 09:58:00' does not match format '%Y-%m-%dT%H:%M:%S.%fZ'
2026-08-12 23:24:48 | WARNING | Could not parse candle datetime '2026-01-05 09:59:00': time data '2026-01-05 09:59:00' does not match format '%Y-%m-%dT%H:%M:%S.%fZ'
2026-08-12 23:24:48 | WARNING | Could not parse candle datetime '2026-01-05 10:00:00': time data '2026-01-05 10:00:00' does not match format '%Y-%m-%dT%H:%M:%S.%fZ'
2026-08-12 23:24:48 | WARNING | Could not parse candle datetime '2026-01-05 10:01:00': time data '2026-01-05 10:01:00' does not match format '%Y-%m-%dT%H:%M:%S.%fZ'
2026-08-12 23:24:48 | WARNING | Could not parse candle datetime '2026-01-05 10:02:00': time data '2026-01-05 10:02:00' does not match format '%Y-%m-%dT%H:%M:%S.%fZ'
2026-08-12 23:24:48 | WARNING | Could not parse candle datetime '2026-01-05 10:03:00': time data '2026-01-05 10:03:00' does not match format '%Y-%m-%dT%H:%M:%S.%fZ'
2026-08-12 23:24:48 | WARNING | Could not parse candle datetime '2026-01-05 10:04:00': time data '2026-01-05 10:04:00' does not match format '%Y-%m-%dT%H:%M:%S.%fZ'
2026-08-12 23:24:48 | WARNING | Could not parse candle datetime '2026-01-05 10:05:00': time data '2026-01-05 10:05:00' does not match format '%Y-%m-%dT%H:%M:%S.%fZ'
2026-08-12 23:24:48 | WARNING | Could not parse candle datetime '2026-01-05 10:06:00': time data '2026-01-05 10:06:00' does not match format '%Y-%m-%dT%H:%M:%S.%fZ'
2026-08-12 23:24:48 | WARNING | Could not parse candle datetime '2026-01-05 10:07:00': time data '2026-01-05 10:07:00' does not match format '%Y-%m-%dT%H:%M:%S.%fZ'
2026-08-12 23:24:48 | WARNING | Could not parse candle datetime '2026-01-05 10:08:00': time data '2026-01-05 10:08:00' does not match format '%Y-%m-%dT%H:%M:%S.%fZ'
2026-08-12 23:24:48 | WARNING | Could not parse candle datetime '2026-01-05 10:09:00': time data '2026-01-05 10:09:00' does not match format '%Y-%m-%dT%H:%M:%S.%fZ'
2026-08-12 23:24:48 | WARNING | Could not parse candle datetime '2026-01-05 10:10:00': time data '2026-01-05 10:10:00' does not match format '%Y-%m-%dT%H:%M:%S.%fZ'
2026-08-12 23:24:48 | WARNING | Could not parse candle datetime '2026-01-05 10:11:00': time data '2026-01-05 10:11:00' does not match format '%Y-%m-%dT%H:%M:%S.%fZ'
2026-08-12 23:24:48 | WARNING | Could not parse candle datetime '2026-01-05 10:12:00': time data '2026-01-05 10:12:00' does not match format '%Y-%m-%dT%H:%M:%S.%fZ'
2026-08-12 23:24:48 | WARNING | Could not parse candle datetime '2026-01-05 10:13:00': time data '2026-01-05 10:13:00' does not match format '%Y-%m-%dT%H:%M:%S.%fZ'
2026-08-12 23:24:48 | WARNING | Could not parse candle datetime '2026-01-05 10:14:00': time data '2026-01-05 10:14:00' does not match format '%Y-%m-%dT%H:%M:%S.%fZ'
2026-08-12 23:24:48 | WARNING | Could not parse candle datetime '2026-01-05 10:15:00': time data '2026-01-05 10:15:00' does not match format '%Y-%m-%dT%H:%M:%S.%fZ'
2026-08-12 23:24:48 | WARNING | Could not parse candle datetime '2026-01-05 10:16:00': time data '2026-01-05 10:16:00' does not match format '%Y-%m-%dT%H:%M:%S.%fZ'
2026-08-12 23:24:48 | WARNING | Could not parse candle datetime '2026-01-05 10:17:00': time data '2026-01-05 10:17:00' does not match format '%Y-%m-%dT%H:%M:%S.%fZ'
2026-08-12 23:24:48 | WARNING | Could not parse candle datetime '2026-01-05 10:18:00': time data '2026-01-05 10:18:00' does not match format '%Y-%m-%dT%H:%M:%S.%fZ'
2026-08-12 23:24:48 | WARNING | Could not parse candle datetime '2026-01-05 10:19:00': time data '2026-01-05 10:19:00' does not match format '%Y-%m-%dT%H:%M:%S.%fZ'
2026-08-12 23:24:48 | WARNING | Could not parse candle datetime '2026-01-05 10:20:00': time data '2026-01-05 10:20:00' does not match format '%Y-%m-%dT%H:%M:%S.%fZ'
2026-08-12 23:24:48 | WARNING | Could not parse candle datetime '2026-01-05 10:21:00': time data '2026-01-05 10:21:00' does not match format '%Y-%m-%dT%H:%M:%S.%fZ'
2026-08-12 23:24:48 | WARNING | Could not parse candle datetime '2026-01-05 10:22:00': time data '2026-01-05 10:22:00' does not match format '%Y-%m-%dT%H:%M:%S.%fZ'
2026-08-12 23:24:48 | WARNING | Could not parse candle datetime '2026-01-05 10:23:00': time data '2026-01-05 10:23:00' does not match format '%Y-%m-%dT%H:%M:%S.%fZ'
2026-08-12 23:24:48 | WARNING | Could not parse candle datetime '2026-01-05 10:24:00': time data '2026-01-05 10:24:00' does not match format '%Y-%m-%dT%H:%M:%S.%fZ'
2026-08-12 23:24:48 | WARNING | Could not parse candle datetime '2026-01-05 10:25:00': time data '2026-01-05 10:25:00' does not match format '%Y-%m-%dT%H:%M:%S.%fZ'
2026-08-12 23:24:48 | WARNING | Could not parse candle datetime '2026-01-05 10:26:00': time data '2026-01-05 10:26:00' does not match format '%Y-%m-%dT%H:%M:%S.%fZ'
2026-08-12 23:24:48 | WARNING | Could not parse candle datetime '2026-01-05 10:27:00': time data '2026-01-05 10:27:00' does not match format '%Y-%m-%dT%H:%M:%S.%fZ'
2026-08-12 23:24:48 | WARNING | Could not parse candle datetime '2026-01-05 10:28:00': time data '2026-01-05 10:28:00' does not match format '%Y-%m-%dT%H:%M:%S.%fZ'
2026-08-12 23:24:48 | WARNING | Could not parse candle datetime '2026-01-05 10:29:00': time data '2026-01-05 10:29:00' does not match format '%Y-%m-%dT%H:%M:%S.%fZ'
2026-08-12 23:24:48 | WARNING | Could not parse candle datetime '2026-01-05 10:30:00': time data '2026-01-05 10:30:00' does not match format '%Y-%m-%dT%H:%M:%S.%fZ'
2026-08-12 23:24:48 | WARNING | Could not parse candle datetime '2026-01-05 10:31:00': time data '2026-01-05 10:31:00' does not match format '%Y-%m-%dT%H:%M:%S.%fZ'
2026-08-12 23:24:48 | WARNING | Could not parse candle datetime '2026-01-05 10:32:00': time data '2026-01-05 10:32:00' does not match format '%Y-%m-%dT%H:%M:%S.%fZ'
2026-08-12 23:24:48 | WARNING | Could not parse candle datetime '2026-01-05 10:33:00': time data '2026-01-05 10:33:00' does not match format '%Y-%m-%dT%H:%M:%S.%fZ'
2026-08-12 23:24:48 | WARNING | Could not parse candle datetime '2026-01-05 10:34:00': time data '2026-01-05 10:34:00' does not match format '%Y-%m-%dT%H:%M:%S.%fZ'
2026-08-12 23:24:48 | WARNING | Could not parse candle datetime '2026-01-05 10:35:00': time data '2026-01-05 10:35:00' does not match format '%Y-%m-%dT%H:%M:%S.%fZ'
2026-08-12 23:24:48 | WARNING | Could not parse candle datetime '2026-01-05 10:36:00': time data '2026-01-05 10:36:00' does not match format '%Y-%m-%dT%H:%M:%S.%fZ'
2026-08-12 23:24:48 | WARNING | Could not parse candle datetime '2026-01-05 10:37:00': time data '2026-01-05 10:37:00' does not match format '%Y-%m-%dT%H:%M:%S.%fZ'
2026-08-12 23:24:48 | WARNING | Could not parse candle datetime '2026-01-05 10:38:00': time data '2026-01-05 10:38:00' does not match format '%Y-%m-%dT%H:%M:%S.%fZ'
2026-08-12 23:24:48 | WARNING | Could not parse candle datetime '2026-01-05 10:39:00': time data '2026-01-05 10:39:00' does not match format '%Y-%m-%dT%H:%M:%S.%fZ'
2026-08-12 23:24:48 | WARNING | Could not parse candle datetime '2026-01-05 10:40:00': time data '2026-01-05 10:40:00' does not match format '%Y-%m-%dT%H:%M:%S.%fZ'
2026-08-12 23:24:48 | WARNING | Could not parse candle datetime '2026-01-05 10:41:00': time data '2026-01-05 10:41:00' does not match format '%Y-%m-%dT%H:%M:%S.%fZ'
2026-08-12 23:24:48 | WARNING | Could not parse candle datetime '2026-01-05 10:42:00': time data '2026-01-05 10:42:00' does not match format '%Y-%m-%dT%H:%M:%S.%fZ'
2026-08-12 23:24:48 | WARNING | Could not parse candle datetime '2026-01-05 10:43:00': time data '2026-01-05 10:43:00' does not match format '%Y-%m-%dT%H:%M:%S.%fZ'
2026-08-12 23:24:48 | WARNING | Could not parse candle datetime '2026-01-05 10:44:00': time data '2026-01-05 10:44:00' does not match format '%Y-%m-%dT%H:%M:%S.%fZ'
2026-08-12 23:24:48 | WARNING | Could not parse candle datetime '2026-01-05 10:45:00': time data '2026-01-05 10:45:00' does not match format '%Y-%m-%dT%H:%M:%S.%fZ'
2026-08-12 23:24:48 | WARNING | Could not parse candle datetime '2026-01-05 10:46:00': time data '2026-01-05 10:46:00' does not match format '%Y-%m-%dT%H:%M:%S.%fZ'
2026-08-12 23:24:48 | WARNING | Could not parse candle datetime '2026-01-05 10:47:00': time data '2026-01-05 10:47:00' does not match format '%Y-%m-%dT%H:%M:%S.%fZ'
2026-08-12 23:24:48 | WARNING | Could not parse candle datetime '2026-01-05 10:48:00': time data '2026-01-05 10:48:00' does not match format '%Y-%m-%dT%H:%M:%S.%fZ'
2026-08-12 23:24:48 | WARNING | Could not parse candle datetime '2026-01-05 10:49:00': time data '2026-01-05 10:49:00' does not match format '%Y-%m-%dT%H:%M:%S.%fZ'
2026-08-12 23:24:48 | WARNING | Could not parse candle datetime '2026-01-05 10:50:00': time data '2026-01-05 10:50:00' does not match format '%Y-%m-%dT%H:%M:%S.%fZ'
2026-08-12 23:24:48 | WARNING | Could not parse candle datetime '2026-01-05 10:51:00': time data '2026-01-05 10:51:00' does not match format '%Y-%m-%dT%H:%M:%S.%fZ'
2026-08-12 23:24:48 | WARNING | Could not parse candle datetime '2026-01-05 10:52:00': time data '2026-01-05 10:52:00' does not match format '%Y-%m-%dT%H:%M:%S.%fZ'
2026-08-12 23:24:48 | WARNING | Could not parse candle datetime '2026-01-05 10:53:00': time data '2026-01-05 10:53:00' does not match format '%Y-%m-%dT%H:%M:%S.%fZ'
2026-08-12 23:24:48 | WARNING | Could not parse candle datetime '2026-01-05 10:54:00': time data '2026-01-05 10:54:00' does not match format '%Y-%m-%dT%H:%M:%S.%fZ'
2026-08-12 23:24:48 | WARNING | Could not parse candle datetime '2026-01-05 10:55:00': time data '2026-01-05 10:55:00' does not match format '%Y-%m-%dT%H:%M:%S.%fZ'
2026-08-12 23:24:48 | WARNING | Could not parse candle datetime '2026-01-05 10:56:00': time data '2026-01-05 10:56:00' does not match format '%Y-%m-%dT%H:%M:%S.%fZ'
2026-08-12 23:24:48 | WARNING | Could not parse candle datetime '2026-01-05 10:57:00': time data '2026-01-05 10:57:00' does not match format '%Y-%m-%dT%H:%M:%S.%fZ'
2026-08-12 23:24:48 | WARNING | Could not parse candle datetime '2026-01-05 10:58:00': time data '2026-01-05 10:58:00' does not match format '%Y-%m-%dT%H:%M:%S.%fZ'
2026-08-12 23:24:48 | WARNING | Could not parse candle datetime '2026-01-05 10:59:00': time data '2026-01-05 10:59:00' does not match format '%Y-%m-%dT%H:%M:%S.%fZ'
2026-08-12 23:24:48 | WARNING | Could not parse candle datetime '2026-01-05 11:00:00': time data '2026-01-05 11:00:00' does not match format '%Y-%m-%dT%H:%M:%S.%fZ'
2026-08-12 23:24:48 | WARNING | Could not parse candle datetime '2026-01-05 11:01:00': time data '2026-01-05 11:01:00' does not match format '%Y-%m-%dT%H:%M:%S.%fZ'
2026-08-12 23:24:48 | WARNING | Could not parse candle datetime '2026-01-05 11:02:00': time data '2026-01-05 11:02:00' does not match format '%Y-%m-%dT%H:%M:%S.%fZ'
2026-08-12 23:24:48 | WARNING | Could not parse candle datetime '2026-01-05 11:03:00': time data '2026-01-05 11:03:00' does not match format '%Y-%m-%dT%H:%M:%S.%fZ'
2026-08-12 23:24:48 | WARNING | Could not parse candle datetime '2026-01-05 11:04:00': time data '2026-01-05 11:04:00' does not match format '%Y-%m-%dT%H:%M:%S.%fZ'
2026-08-12 23:24:48 | WARNING | Could not parse candle datetime '2026-01-05 11:05:00': time data '2026-01-05 11:05:00' does not match format '%Y-%m-%dT%H:%M:%S.%fZ'
2026-08-12 23:24:48 | WARNING | Could not parse candle datetime '2026-01-05 11:06:00': time data '2026-01-05 11:06:00' does not match format '%Y-%m-%dT%H:%M:%S.%fZ'
2026-08-12 23:24:48 | WARNING | Could not parse candle datetime '2026-01-05 11:07:00': time data '2026-01-05 11:07:00' does not match format '%Y-%m-%dT%H:%M:%S.%fZ'
2026-08-12 23:24:48 | WARNING | Could not parse candle datetime '2026-01-05 11:08:00': time data '2026-01-05 11:08:00' does not match format '%Y-%m-%dT%H:%M:%S.%fZ'
2026-08-12 23:24:48 | WARNING | Could not parse candle datetime '2026-01-05 11:09:00': time data '2026-01-05 11:09:00' does not match format '%Y-%m-%dT%H:%M:%S.%fZ'
2026-08-12 23:24:48 | WARNING | Could not parse candle datetime '2026-01-05 11:10:00': time data '2026-01-05 11:10:00' does not match format '%Y-%m-%dT%H:%M:%S.%fZ'
2026-08-12 23:24:48 | WARNING | Could not parse candle datetime '2026-01-05 11:11:00': time data '2026-01-05 11:11:00' does not match format '%Y-%m-%dT%H:%M:%S.%fZ'
2026-08-12 23:24:48 | WARNING | Could not parse candle datetime '2026-01-05 11:12:00': time data '2026-01-05 11:12:00' does not match format '%Y-%m-%dT%H:%M:%S.%fZ'
2026-08-12 23:24:48 | WARNING | Could not parse candle datetime '2026-01-05 11:13:00': time data '2026-01-05 11:13:00' does not match format '%Y-%m-%dT%H:%M:%S.%fZ'
2026-08-12 23:24:48 | WARNING | Could not parse candle datetime '2026-01-05 11:14:00': time data '2026-01-05 11:14:00' does not match format '%Y-%m-%dT%H:%M:%S.%fZ'
2026-08-12 23:24:48 | WARNING | Could not parse candle datetime '2026-01-05 11:15:00': time data '2026-01-05 11:15:00' does not match format '%Y-%m-%dT%H:%M:%S.%fZ'
2026-08-12 23:24:48 | WARNING | Could not parse candle datetime '2026-01-05 11:16:00': time data '2026-01-05 11:16:00' does not match format '%Y-%m-%dT%H:%M:%S.%fZ'
2026-08-12 23:24:48 | WARNING | Could not parse candle datetime '2026-01-05 11:17:00': time data '2026-01-05 11:17:00' does not match format '%Y-%m-%dT%H:%M:%S.%fZ'
2026-08-12 23:24:48 | WARNING | Could not parse candle datetime '2026-01-05 11:18:00': time data '2026-01-05 11:18:00' does not match format '%Y-%m-%dT%H:%M:%S.%fZ'
2026-08-12 23:24:48 | WARNING | Could not parse candle datetime '2026-01-05 11:19:00': time data '2026-01-05 11:19:00' does not match format '%Y-%m-%dT%H:%M:%S.%fZ'
2026-08-12 23:24:48 | WARNING | Could not parse candle datetime '2026-01-05 11:20:00': time data '2026-01-05 11:20:00' does not match format '%Y-%m-%dT%H:%M:%S.%fZ'
2026-08-12 23:24:48 | WARNING | Could not parse candle datetime '2026-01-05 11:21:00': time data '2026-01-05 11:21:00' does not match format '%Y-%m-%dT%H:%M:%S.%fZ'
2026-08-12 23:24:48 | WARNING | Could not parse candle datetime '2026-01-05 11:22:00': time data '2026-01-05 11:22:00' does not match format '%Y-%m-%dT%H:%M:%S.%fZ'
2026-08-12 23:24:48 | WARNING | Could not parse candle datetime '2026-01-05 11:23:00': time data '2026-01-05 11:23:00' does not match format '%Y-%m-%dT%H:%M:%S.%fZ'
2026-08-12 23:24:48 | WARNING | Could not parse candle datetime '2026-01-05 11:24:00': time data '2026-01-05 11:24:00' does not match format '%Y-%m-%dT%H:%M:%S.%fZ'
2026-08-12 23:24:48 | WARNING | Could not parse candle datetime '2026-01-05 11:25:00': time data '2026-01-05 11:25:00' does not match format '%Y-%m-%dT%H:%M:%S.%fZ'
2026-08-12 23:24:48 | WARNING | Could not parse candle datetime '2026-01-05 11:26:00': time data '2026-01-05 11:26:00' does not match format '%Y-%m-%dT%H:%M:%S.%fZ'
2026-08-12 23:24:48 | WARNING | Could not parse candle datetime '2026-01-05 11:27:00': time data '2026-01-05 11:27:00' does not match format '%Y-%m-%dT%H:%M:%S.%fZ'
2026-08-12 23:24:48 | WARNING | Could not parse candle datetime '2026-01-05 11:28:00': time data '2026-01-05 11:28:00' does not match format '%Y-%m-%dT%H:%M:%S.%fZ'
2026-08-12 23:24:48 | WARNING | Could not parse candle datetime '2026-01-05 11:29:00': time data '2026-01-05 11:29:00' does not match format '%Y-%m-%dT%H:%M:%S.%fZ'
2026-08-12 23:24:48 | WARNING | Could not parse candle datetime '2026-01-05 11:30:00': time data '2026-01-05 11:30:00' does not match format '%Y-%m-%dT%H:%M:%S.%fZ'
2026-08-12 23:24:48 | WARNING | Could not parse candle datetime '2026-01-05 11:31:00': time data '2026-01-05 11:31:00' does not match format '%Y-%m-%dT%H:%M:%S.%fZ'
2026-08-12 23:24:48 | WARNING | Could not parse candle datetime '2026-01-05 11:32:00': time data '2026-01-05 11:32:00' does not match format '%Y-%m-%dT%H:%M:%S.%fZ'
2026-08-12 23:24:48 | WARNING | Could not parse candle datetime '2026-01-05 11:33:00': time data '2026-01-05 11:33:00' does not match format '%Y-%m-%dT%H:%M:%S.%fZ'
2026-08-12 23:24:48 | WARNING | Could not parse candle datetime '2026-01-05 11:34:00': time data '2026-01-05 11:34:00' does not match format '%Y-%m-%dT%H:%M:%S.%fZ'
2026-08-12 23:24:48 | WARNING | Could not parse candle datetime '2026-01-05 11:35:00': time data '2026-01-05 11:35:00' does not match format '%Y-%m-%dT%H:%M:%S.%fZ'
2026-08-12 23:24:48 | WARNING | Could not parse candle datetime '2026-01-05 11:36:00': time data '2026-01-05 11:36:00' does not match format '%Y-%m-%dT%H:%M:%S.%fZ'
2026-08-12 23:24:48 | WARNING | Could not parse candle datetime '2026-01-05 11:37:00': time data '2026-01-05 11:37:00' does not match format '%Y-%m-%dT%H:%M:%S.%fZ'
2026-08-12 23:24:48 | WARNING | Could not parse candle datetime '2026-01-05 11:38:00': time data '2026-01-05 11:38:00' does not match format '%Y-%m-%dT%H:%M:%S.%fZ'
2026-08-12 23:24:48 | WARNING | Could not parse candle datetime '2026-01-05 11:39:00': time data '2026-01-05 11:39:00' does not match format '%Y-%m-%dT%H:%M:%S.%fZ'
2026-08-12 23:24:48 | WARNING | Could not parse candle datetime '2026-01-05 11:40:00': time data '2026-01-05 11:40:00' does not match format '%Y-%m-%dT%H:%M:%S.%fZ'
2026-08-12 23:24:48 | WARNING | Could not parse candle datetime '2026-01-05 11:41:00': time data '2026-01-05 11:41:00' does not match format '%Y-%m-%dT%H:%M:%S.%fZ'
2026-08-12 23:24:48 | WARNING | Could not parse candle datetime '2026-01-05 11:42:00': time data '2026-01-05 11:42:00' does not match format '%Y-%m-%dT%H:%M:%S.%fZ'
2026-08-12 23:24:48 | WARNING | Could not parse candle datetime '2026-01-05 11:43:00': time data '2026-01-05 11:43:00' does not match format '%Y-%m-%dT%H:%M:%S.%fZ'
2026-08-12 23:24:48 | WARNING | Could not parse candle datetime '2026-01-05 11:44:00': time data '2026-01-05 11:44:00' does not match format '%Y-%m-%dT%H:%M:%S.%fZ'
2026-08-12 23:24:48 | WARNING | Could not parse candle datetime '2026-01-05 11:45:00': time data '2026-01-05 11:45:00' does not match format '%Y-%m-%dT%H:%M:%S.%fZ'
2026-08-12 23:24:48 | WARNING | Could not parse candle datetime '2026-01-05 11:46:00': time data '2026-01-05 11:46:00' does not match format '%Y-%m-%dT%H:%M:%S.%fZ'
2026-08-12 23:24:48 | WARNING | Could not parse candle datetime '2026-01-05 11:47:00': time data '2026-01-05 11:47:00' does not match format '%Y-%m-%dT%H:%M:%S.%fZ'
2026-08-12 23:24:48 | WARNING | Could not parse candle datetime '2026-01-05 11:48:00': time data '2026-01-05 11:48:00' does not match format '%Y-%m-%dT%H:%M:%S.%fZ'
2026-08-12 23:24:48 | WARNING | Could not parse candle datetime '2026-01-05 11:49:00': time data '2026-01-05 11:49:00' does not match format '%Y-%m-%dT%H:%M:%S.%fZ'
2026-08-12 23:24:48 | WARNING | Could not parse candle datetime '2026-01-05 11:50:00': time data '2026-01-05 11:50:00' does not match format '%Y-%m-%dT%H:%M:%S.%fZ'
2026-08-12 23:24:48 | WARNING | Could not parse candle datetime '2026-01-05 11:51:00': time data '2026-01-05 11:51:00' does not match format '%Y-%m-%dT%H:%M:%S.%fZ'
2026-08-12 23:24:48 | WARNING | Could not parse candle datetime '2026-01-05 11:52:00': time data '2026-01-05 11:52:00' does not match format '%Y-%m-%dT%H:%M:%S.%fZ'
2026-08-12 23:24:48 | WARNING | Could not parse candle datetime '2026-01-05 11:53:00': time data '2026-01-05 11:53:00' does not match format '%Y-%m-%dT%H:%M:%S.%fZ'
2026-08-12 23:24:48 | WARNING | Could not parse candle datetime '2026-01-05 11:54:00': time data '2026-01-05 11:54:00' does not match format '%Y-%m-%dT%H:%M:%S.%fZ'
2026-08-12 23:24:48 | WARNING | Could not parse candle datetime '2026-01-05 11:55:00': time data '2026-01-05 11:55:00' does not match format '%Y-%m-%dT%H:%M:%S.%fZ'
2026-08-12 23:24:48 | WARNING | Could not parse candle datetime '2026-01-05 11:56:00': time data '2026-01-05 11:56:00' does not match format '%Y-%m-%dT%H:%M:%S.%fZ'
2026-08-12 23:24:48 | WARNING | Could not parse candle datetime '2026-01-05 11:57:00': time data '2026-01-05 11:57:00' does not match format '%Y-%m-%dT%H:%M:%S.%fZ'
2026-08-12 23:24:48 | WARNING | Could not parse candle datetime '2026-01-05 11:58:00': time data '2026-01-05 11:58:00' does not match format '%Y-%m-%dT%H:%M:%S.%fZ'
2026-08-12 23:24:48 | WARNING | Could not parse candle datetime '2026-01-05 11:59:00': time data '2026-01-05 11:59:00' does not match format '%Y-%m-%dT%H:%M:%S.%fZ'
2026-08-12 23:24:48 | WARNING | Could not parse candle datetime '2026-01-05 12:00:00': time data '2026-01-05 12:00:00' does not match format '%Y-%m-%dT%H:%M:%S.%fZ'
2026-08-12 23:24:48 | WARNING | Could not parse candle datetime '2026-01-05 12:01:00': time data '2026-01-05 12:01:00' does not match format '%Y-%m-%dT%H:%M:%S.%fZ'
2026-08-12 23:24:48 | WARNING | Could not parse candle datetime '2026-01-05 12:02:00': time data '2026-01-05 12:02:00' does not match format '%Y-%m-%dT%H:%M:%S.%fZ'
2026-08-12 23:24:48 | WARNING | Could not parse candle datetime '2026-01-05 12:03:00': time data '2026-01-05 12:03:00' does not match format '%Y-%m-%dT%H:%M:%S.%fZ'
2026-08-12 23:24:48 | WARNING | Could not parse candle datetime '2026-01-05 12:04:00': time data '2026-01-05 12:04:00' does not match format '%Y-%m-%dT%H:%M:%S.%fZ'
2026-08-12 23:24:48 | WARNING | Could not parse candle datetime '2026-01-05 12:05:00': time data '2026-01-05 12:05:00' does not match format '%Y-%m-%dT%H:%M:%S.%fZ'
2026-08-12 23:24:48 | WARNING | Could not parse candle datetime '2026-01-05 12:06:00': time data '2026-01-05 12:06:00' does not match format '%Y-%m-%dT%H:%M:%S.%fZ'
2026-08-12 23:24:48 | WARNING | Could not parse candle datetime '2026-01-05 12:07:00': time data '2026-01-05 12:07:00' does not match format '%Y-%m-%dT%H:%M:%S.%fZ'
2026-08-12 23:24:48 | WARNING | Could not parse candle datetime '2026-01-05 12:08:00': time data '2026-01-05 12:08:00' does not match format '%Y-%m-%dT%H:%M:%S.%fZ'
2026-08-12 23:24:48 | WARNING | Could not parse candle datetime '2026-01-05 12:09:00': time data '2026-01-05 12:09:00' does not match format '%Y-%m-%dT%H:%M:%S.%fZ'
2026-08-12 23:24:48 | WARNING | Could not parse candle datetime '2026-01-05 12:10:00': time data '2026-01-05 12:10:00' does not match format '%Y-%m-%dT%H:%M:%S.%fZ'
2026-08-12 23:24:48 | WARNING | Could not parse candle datetime '2026-01-05 12:11:00': time data '2026-01-05 12:11:00' does not match format '%Y-%m-%dT%H:%M:%S.%fZ'
2026-08-12 23:24:48 | WARNING | Could not parse candle datetime '2026-01-05 12:12:00': time data '2026-01-05 12:12:00' does not match format '%Y-%m-%dT%H:%M:%S.%fZ'
2026-08-12 23:24:48 | WARNING | Could not parse candle datetime '2026-01-05 12:13:00': time data '2026-01-05 12:13:00' does not match format '%Y-%m-%dT%H:%M:%S.%fZ'
2026-08-12 23:24:48 | WARNING | Could not parse candle datetime '2026-01-05 12:14:00': time data '2026-01-05 12:14:00' does not match format '%Y-%m-%dT%H:%M:%S.%fZ'
2026-08-12 23:24:48 | WARNING | Could not parse candle datetime '2026-01-05 12:15:00': time data '2026-01-05 12:15:00' does not match format '%Y-%m-%dT%H:%M:%S.%fZ'
2026-08-12 23:24:48 | WARNING | Could not parse candle datetime '2026-01-05 12:16:00': time data '2026-01-05 12:16:00' does not match format '%Y-%m-%dT%H:%M:%S.%fZ'
2026-08-12 23:24:48 | WARNING | Could not parse candle datetime '2026-01-05 12:17:00': time data '2026-01-05 12:17:00' does not match format '%Y-%m-%dT%H:%M:%S.%fZ'
2026-08-12 23:24:48 | WARNING | Could not parse candle datetime '2026-01-05 12:18:00': time data '2026-01-05 12:18:00' does not match format '%Y-%m-%dT%H:%M:%S.%fZ'
2026-08-12 23:24:48 | WARNING | Could not parse candle datetime '2026-01-05 12:19:00': time data '2026-01-05 12:19:00' does not match format '%Y-%m-%dT%H:%M:%S.%fZ'
2026-08-12 23:24:48 | WARNING | Could not parse candle datetime '2026-01-05 12:20:00': time data '2026-01-05 12:20:00' does not match format '%Y-%m-%dT%H:%M:%S.%fZ'
2026-08-12 23:24:48 | WARNING | Could not parse candle datetime '2026-01-05 12:21:00': time data '2026-01-05 12:21:00' does not match format '%Y-%m-%dT%H:%M:%S.%fZ'
2026-08-12 23:24:48 | WARNING | Could not parse candle datetime '2026-01-05 12:22:00': time data '2026-01-05 12:22:00' does not match format '%Y-%m-%dT%H:%M:%S.%fZ'
2026-08-12 23:24:48 | WARNING | Could not parse candle datetime '2026-01-05 12:23:00': time data '2026-01-05 12:23:00' does not match format '%Y-%m-%dT%H:%M:%S.%fZ'
2026-08-12 23:24:48 | WARNING | Could not parse candle datetime '2026-01-05 12:24:00': time data '2026-01-05 12:24:00' does not match format '%Y-%m-%dT%H:%M:%S.%fZ'
2026-08-12 23:24:48 | WARNING | Could not parse candle datetime '2026-01-05 12:25:00': time data '2026-01-05 12:25:00' does not match format '%Y-%m-%dT%H:%M:%S.%fZ'
2026-08-12 23:24:48 | WARNING | Could not parse candle datetime '2026-01-05 12:26:00': time data '2026-01-05 12:26:00' does not match format '%Y-%m-%dT%H:%M:%S.%fZ'
2026-08-12 23:24:48 | WARNING | Could not parse candle datetime '2026-01-05 12:27:00': time data '2026-01-05 12:27:00' does not match format '%Y-%m-%dT%H:%M:%S.%fZ'
2026-08-12 23:24:48 | WARNING | Could not parse candle datetime '2026-01-05 12:28:00': time data '2026-01-05 12:28:00' does not match format '%Y-%m-%dT%H:%M:%S.%fZ'
2026-08-12 23:24:48 | WARNING | Could not parse candle datetime '2026-01-05 12:29:00': time data '2026-01-05 12:29:00' does not match format '%Y-%m-%dT%H:%M:%S.%fZ'
2026-08-12 23:24:48 | WARNING | Could not parse candle datetime '2026-01-05 12:30:00': time data '2026-01-05 12:30:00' does not match format '%Y-%m-%dT%H:%M:%S.%fZ'
2026-08-12 23:24:48 | WARNING | Could not parse candle datetime '2026-01-05 12:31:00': time data '2026-01-05 12:31:00' does not match format '%Y-%m-%dT%H:%M:%S.%fZ'
2026-08-12 23:24:48 | WARNING | Could not parse candle datetime '2026-01-05 12:32:00': time data '2026-01-05 12:32:00' does not match format '%Y-%m-%dT%H:%M:%S.%fZ'
2026-08-12 23:24:48 | WARNING | Could not parse candle datetime '2026-01-05 12:33:00': time data '2026-01-05 12:33:00' does not match format '%Y-%m-%dT%H:%M:%S.%fZ'
2026-08-12 23:24:48 | WARNING | Could not parse candle datetime '2026-01-05 12:34:00': time data '2026-01-05 12:34:00' does not match format '%Y-%m-%dT%H:%M:%S.%fZ'
2026-08-12 23:24:48 | WARNING | Could not parse candle datetime '2026-01-05 12:35:00': time data '2026-01-05 12:35:00' does not match format '%Y-%m-%dT%H:%M:%S.%fZ'
2026-08-12 23:24:48 | WARNING | Could not parse candle datetime '2026-01-05 12:36:00': time data '2026-01-05 12:36:00' does not match format '%Y-%m-%dT%H:%M:%S.%fZ'
2026-08-12 23:24:48 | WARNING | Could not parse candle datetime '2026-01-05 12:37:00': time data '2026-01-05 12:37:00' does not match format '%Y-%m-%dT%H:%M:%S.%fZ'
2026-08-12 23:24:48 | WARNING | Could not parse candle datetime '2026-01-05 12:38:00': time data '2026-01-05 12:38:00' does not match format '%Y-%m-%dT%H:%M:%S.%fZ'
2026-08-12 23:24:48 | WARNING | Could not parse candle datetime '2026-01-05 12:39:00': time data '2026-01-05 12:39:00' does not match format '%Y-%m-%dT%H:%M:%S.%fZ'
2026-08-12 23:24:48 | WARNING | Could not parse candle datetime '2026-01-05 12:40:00': time data '2026-01-05 12:40:00' does not match format '%Y-%m-%dT%H:%M:%S.%fZ'
2026-08-12 23:24:48 | WARNING | Could not parse candle datetime '2026-01-05 12:41:00': time data '2026-01-05 12:41:00' does not match format '%Y-%m-%dT%H:%M:%S.%fZ'
2026-08-12 23:24:48 | WARNING | Could not parse candle datetime '2026-01-05 12:42:00': time data '2026-01-05 12:42:00' does not match format '%Y-%m-%dT%H:%M:%S.%fZ'
2026-08-12 23:24:48 | WARNING | Could not parse candle datetime '2026-01-05 12:43:00': time data '2026-01-05 12:43:00' does not match format '%Y-%m-%dT%H:%M:%S.%fZ'
2026-08-12 23:24:48 | WARNING | Could not parse candle datetime '2026-01-05 12:44:00': time data '2026-01-05 12:44:00' does not match format '%Y-%m-%dT%H:%M:%S.%fZ'
2026-08-12 23:24:48 | WARNING | Could not parse candle datetime '2026-01-05 12:45:00': time data '2026-01-05 12:45:00' does not match format '%Y-%m-%dT%H:%M:%S.%fZ'
2026-08-12 23:24:48 | WARNING | Could not parse candle datetime '2026-01-05 12:46:00': time data '2026-01-05 12:46:00' does not match format '%Y-%m-%dT%H:%M:%S.%fZ'
2026-08-12 23:24:48 | WARNING | Could not parse candle datetime '2026-01-05 12:47:00': time data '2026-01-05 12:47:00' does not match format '%Y-%m-%dT%H:%M:%S.%fZ'
2026-08-12 23:24:48 | WARNING | Could not parse candle datetime '2026-01-05 12:48:00': time data '2026-01-05 12:48:00' does not match format '%Y-%m-%dT%H:%M:%S.%fZ'
2026-08-12 23:24:48 | WARNING | Could not parse candle datetime '2026-01-05 12:49:00': time data '2026-01-05 12:49:00' does not match format '%Y-%m-%dT%H:%M:%S.%fZ'
2026-08-12 23:24:48 | WARNING | Could not parse candle datetime '2026-01-05 12:50:00': time data '2026-01-05 12:50:00' does not match format '%Y-%m-%dT%H:%M:%S.%fZ'
2026-08-12 23:24:48 | WARNING | Could not parse candle datetime '2026-01-05 12:51:00': time data '2026-01-05 12:51:00' does not match format '%Y-%m-%dT%H:%M:%S.%fZ'
2026-08-12 23:24:48 | WARNING | Could not parse candle datetime '2026-01-05 12:52:00': time data '2026-01-05 12:52:00' does not match format '%Y-%m-%dT%H:%M:%S.%fZ'
2026-08-12 23:24:48 | WARNING | Could not parse candle datetime '2026-01-05 12:53:00': time data '2026-01-05 12:53:00' does not match format '%Y-%m-%dT%H:%M:%S.%fZ'
2026-08-12 23:24:48 | WARNING | Could not parse candle datetime '2026-01-05 12:54:00': time data '2026-01-05 12:54:00' does not match format '%Y-%m-%dT%H:%M:%S.%fZ'
2026-08-12 23:24:48 | WARNING | Could not parse candle datetime '2026-01-05 12:55:00': time data '2026-01-05 12:55:00' does not match format '%Y-%m-%dT%H:%M:%S.%fZ'
2026-08-12 23:24:48 | WARNING | Could not parse candle datetime '2026-01-05 12:56:00': time data '2026-01-05 12:56:00' does not match format '%Y-%m-%dT%H:%M:%S.%fZ'
2026-08-12 23:24:48 | WARNING | Could not parse candle datetime '2026-01-05 12:57:00': time data '2026-01-05 12:57:00' does not match format '%Y-%m-%dT%H:%M:%S.%fZ'
2026-08-12 23:24:48 | WARNING | Could not parse candle datetime '2026-01-05 12:58:00': time data '2026-01-05 12:58:00' does not match format '%Y-%m-%dT%H:%M:%S.%fZ'
2026-08-12 23:24:48 | WARNING | Could not parse candle datetime '2026-01-05 12:59:00': time data '2026-01-05 12:59:00' does not match format '%Y-%m-%dT%H:%M:%S.%fZ'
2026-08-12 23:24:48 | WARNING | Could not parse candle datetime '2026-01-05 13:00:00': time data '2026-01-05 13:00:00' does not match format '%Y-%m-%dT%H:%M:%S.%fZ'
2026-08-12 23:24:48 | WARNING | Could not parse candle datetime '2026-01-05 13:01:00': time data '2026-01-05 13:01:00' does not match format '%Y-%m-%dT%H:%M:%S.%fZ'
2026-08-12 23:24:48 | WARNING | Could not parse candle datetime '2026-01-05 13:02:00': time data '2026-01-05 13:02:00' does not match format '%Y-%m-%dT%H:%M:%S.%fZ'
2026-08-12 23:24:48 | WARNING | Could not parse candle datetime '2026-01-05 13:03:00': time data '2026-01-05 13:03:00' does not match format '%Y-%m-%dT%H:%M:%S.%fZ'
2026-08-12 23:24:48 | WARNING | Could not parse candle datetime '2026-01-05 13:04:00': time data '2026-01-05 13:04:00' does not match format '%Y-%m-%dT%H:%M:%S.%fZ'
2026-08-12 23:24:48 | WARNING | Could not parse candle datetime '2026-01-05 13:05:00': time data '2026-01-05 13:05:00' does not match format '%Y-%m-%dT%H:%M:%S.%fZ'
2026-08-12 23:24:48 | WARNING | Could not parse candle datetime '2026-01-05 13:06:00': time data '2026-01-05 13:06:00' does not match format '%Y-%m-%dT%H:%M:%S.%fZ'
2026-08-12 23:24:48 | WARNING | Could not parse candle datetime '2026-01-05 13:07:00': time data '2026-01-05 13:07:00' does not match format '%Y-%m-%dT%H:%M:%S.%fZ'
2026-08-12 23:24:48 | WARNING | Could not parse candle datetime '2026-01-05 13:08:00': time data '2026-01-05 13:08:00' does not match format '%Y-%m-%dT%H:%M:%S.%fZ'
2026-08-12 23:24:48 | WARNING | Could not parse candle datetime '2026-01-05 13:09:00': time data '2026-01-05 13:09:00' does not match format '%Y-%m-%dT%H:%M:%S.%fZ'
2026-08-12 23:24:48 | WARNING | Could not parse candle datetime '2026-01-05 13:10:00': time data '2026-01-05 13:10:00' does not match format '%Y-%m-%dT%H:%M:%S.%fZ'
2026-08-12 23:24:48 | WARNING | Could not parse candle datetime '2026-01-05 13:11:00': time data '2026-01-05 13:11:00' does not match format '%Y-%m-%dT%H:%M:%S.%fZ'
2026-08-12 23:24:48 | WARNING | Could not parse candle datetime '2026-01-05 13:12:00': time data '2026-01-05 13:12:00' does not match format '%Y-%m-%dT%H:%M:%S.%fZ'
2026-08-12 23:24:48 | WARNING | Could not parse candle datetime '2026-01-05 13:13:00': time data '2026-01-05 13:13:00' does not match format '%Y-%m-%dT%H:%M:%S.%fZ'
2026-08-12 23:24:48 | WARNING | Could not parse candle datetime '2026-01-05 13:14:00': time data '2026-01-05 13:14:00' does not match format '%Y-%m-%dT%H:%M:%S.%fZ'
2026-08-12 23:24:48 | WARNING | Could not parse candle datetime '2026-01-05 13:15:00': time data '2026-01-05 13:15:00' does not match format '%Y-%m-%dT%H:%M:%S.%fZ'
2026-08-12 23:24:48 | WARNING | Could not parse candle datetime '2026-01-05 13:16:00': time data '2026-01-05 13:16:00' does not match format '%Y-%m-%dT%H:%M:%S.%fZ'
2026-08-12 23:24:48 | WARNING | Could not parse candle datetime '2026-01-05 13:17:00': time data '2026-01-05 13:17:00' does not match format '%Y-%m-%dT%H:%M:%S.%fZ'
2026-08-12 23:24:48 | WARNING | Could not parse candle datetime '2026-01-05 13:18:00': time data '2026-01-05 13:18:00' does not match format '%Y-%m-%dT%H:%M:%S.%fZ'
2026-08-12 23:24:48 | WARNING | Could not parse candle datetime '2026-01-05 13:19:00': time data '2026-01-05 13:19:00' does not match format '%Y-%m-%dT%H:%M:%S.%fZ'
2026-08-12 23:24:48 | WARNING | Could not parse candle datetime '2026-01-05 13:20:00': time data '2026-01-05 13:20:00' does not match format '%Y-%m-%dT%H:%M:%S.%fZ'
2026-08-12 23:24:48 | WARNING | Could not parse candle datetime '2026-01-05 13:21:00': time data '2026-01-05 13:21:00' does not match format '%Y-%m-%dT%H:%M:%S.%fZ'
2026-08-12 23:24:48 | WARNING | Could not parse candle datetime '2026-01-05 13:22:00': time data '2026-01-05 13:22:00' does not match format '%Y-%m-%dT%H:%M:%S.%fZ'
2026-08-12 23:24:48 | WARNING | Could not parse candle datetime '2026-01-05 13:23:00': time data '2026-01-05 13:23:00' does not match format '%Y-%m-%dT%H:%M:%S.%fZ'
2026-08-12 23:24:48 | WARNING | Could not parse candle datetime '2026-01-05 13:24:00': time data '2026-01-05 13:24:00' does not match format '%Y-%m-%dT%H:%M:%S.%fZ'
2026-08-12 23:24:48 | WARNING | Could not parse candle datetime '2026-01-05 13:25:00': time data '2026-01-05 13:25:00' does not match format '%Y-%m-%dT%H:%M:%S.%fZ'
2026-08-12 23:24:48 | WARNING | Could not parse candle datetime '2026-01-05 13:26:00': time data '2026-01-05 13:26:00' does not match format '%Y-%m-%dT%H:%M:%S.%fZ'
2026-08-12 23:24:48 | WARNING | Could not parse candle datetime '2026-01-05 13:27:00': time data '2026-01-05 13:27:00' does not match format '%Y-%m-%dT%H:%M:%S.%fZ'
2026-08-12 23:24:48 | WARNING | Could not parse candle datetime '2026-01-05 13:28:00': time data '2026-01-05 13:28:00' does not match format '%Y-%m-%dT%H:%M:%S.%fZ'
2026-08-12 23:24:48 | WARNING | Could not parse candle datetime '2026-01-05 13:29:00': time data '2026-01-05 13:29:00' does not match format '%Y-%m-%dT%H:%M:%S.%fZ'
2026-08-12 23:24:48 | WARNING | Could not parse candle datetime '2026-01-05 13:30:00': time data '2026-01-05 13:30:00' does not match format '%Y-%m-%dT%H:%M:%S.%fZ'
2026-08-12 23:24:48 | WARNING | Could not parse candle datetime '2026-01-05 13:31:00': time data '2026-01-05 13:31:00' does not match format '%Y-%m-%dT%H:%M:%S.%fZ'
2026-08-12 23:24:48 | WARNING | Could not parse candle datetime '2026-01-05 13:32:00': time data '2026-01-05 13:32:00' does not match format '%Y-%m-%dT%H:%M:%S.%fZ'
2026-08-12 23:24:48 | WARNING | Could not parse candle datetime '2026-01-05 13:33:00': time data '2026-01-05 13:33:00' does not match format '%Y-%m-%dT%H:%M:%S.%fZ'
2026-08-12 23:24:48 | WARNING | Could not parse candle datetime '2026-01-05 13:34:00': time data '2026-01-05 13:34:00' does not match format '%Y-%m-%dT%H:%M:%S.%fZ'
2026-08-12 23:24:48 | WARNING | Could not parse candle datetime '2026-01-05 13:35:00': time data '2026-01-05 13:35:00' does not match format '%Y-%m-%dT%H:%M:%S.%fZ'
2026-08-12 23:24:48 | WARNING | Could not parse candle datetime '2026-01-05 13:36:00': time data '2026-01-05 13:36:00' does not match format '%Y-%m-%dT%H:%M:%S.%fZ'
2026-08-12 23:24:48 | WARNING | Could not parse candle datetime '2026-01-05 13:37:00': time data '2026-01-05 13:37:00' does not match format '%Y-%m-%dT%H:%M:%S.%fZ'
2026-08-12 23:24:48 | WARNING | Could not parse candle datetime '2026-01-05 13:38:00': time data '2026-01-05 13:38:00' does not match format '%Y-%m-%dT%H:%M:%S.%fZ'
2026-08-12 23:24:48 | WARNING | Could not parse candle datetime '2026-01-05 13:39:00': time data '2026-01-05 13:39:00' does not match format '%Y-%m-%dT%H:%M:%S.%fZ'
2026-08-12 23:24:48 | WARNING | Could not parse candle datetime '2026-01-05 13:40:00': time data '2026-01-05 13:40:00' does not match format '%Y-%m-%dT%H:%M:%S.%fZ'
2026-08-12 23:24:48 | WARNING | Could not parse candle datetime '2026-01-05 13:41:00': time data '2026-01-05 13:41:00' does not match format '%Y-%m-%dT%H:%M:%S.%fZ'
2026-08-12 23:24:48 | WARNING | Could not parse candle datetime '2026-01-05 13:42:00': time data '2026-01-05 13:42:00' does not match format '%Y-%m-%dT%H:%M:%S.%fZ'
2026-08-12 23:24:48 | WARNING | Could not parse candle datetime '2026-01-05 13:43:00': time data '2026-01-05 13:43:00' does not match format '%Y-%m-%dT%H:%M:%S.%fZ'
2026-08-12 23:24:48 | WARNING | Could not parse candle datetime '2026-01-05 13:44:00': time data '2026-01-05 13:44:00' does not match format '%Y-%m-%dT%H:%M:%S.%fZ'
2026-08-12 23:24:48 | WARNING | Could not parse candle datetime '2026-01-05 13:45:00': time data '2026-01-05 13:45:00' does not match format '%Y-%m-%dT%H:%M:%S.%fZ'
2026-08-12 23:24:48 | WARNING | Could not parse candle datetime '2026-01-05 13:46:00': time data '2026-01-05 13:46:00' does not match format '%Y-%m-%dT%H:%M:%S.%fZ'
2026-08-12 23:24:48 | WARNING | Could not parse candle datetime '2026-01-05 13:47:00': time data '2026-01-05 13:47:00' does not match format '%Y-%m-%dT%H:%M:%S.%fZ'
2026-08-12 23:24:48 | WARNING | Could not parse candle datetime '2026-01-05 13:48:00': time data '2026-01-05 13:48:00' does not match format '%Y-%m-%dT%H:%M:%S.%fZ'
2026-08-12 23:24:48 | WARNING | Could not parse candle datetime '2026-01-05 13:49:00': time data '2026-01-05 13:49:00' does not match format '%Y-%m-%dT%H:%M:%S.%fZ'
2026-08-12 23:24:48 | WARNING | Could not parse candle datetime '2026-01-05 13:50:00': time data '2026-01-05 13:50:00' does not match format '%Y-%m-%dT%H:%M:%S.%fZ'
2026-08-12 23:24:48 | WARNING | Could not parse candle datetime '2026-01-05 13:51:00': time data '2026-01-05 13:51:00' does not match format '%Y-%m-%dT%H:%M:%S.%fZ'
2026-08-12 23:24:48 | WARNING | Could not parse candle datetime '2026-01-05 13:52:00': time data '2026-01-05 13:52:00' does not match format '%Y-%m-%dT%H:%M:%S.%fZ'
2026-08-12 23:24:48 | WARNING | Could not parse candle datetime '2026-01-05 13:53:00': time data '2026-01-05 13:53:00' does not match format '%Y-%m-%dT%H:%M:%S.%fZ'
2026-08-12 23:24:48 | WARNING | Could not parse candle datetime '2026-01-05 13:54:00': time data '2026-01-05 13:54:00' does not match format '%Y-%m-%dT%H:%M:%S.%fZ'
2026-08-12 23:24:48 | WARNING | Could not parse candle datetime '2026-01-05 13:55:00': time data '2026-01-05 13:55:00' does not match format '%Y-%m-%dT%H:%M:%S.%fZ'
2026-08-12 23:24:48 | WARNING | Could not parse candle datetime '2026-01-05 13:56:00': time data '2026-01-05 13:56:00' does not match format '%Y-%m-%dT%H:%M:%S.%fZ'
2026-08-12 23:24:48 | WARNING | Could not parse candle datetime '2026-01-05 13:57:00': time data '2026-01-05 13:57:00' does not match format '%Y-%m-%dT%H:%M:%S.%fZ'
2026-08-12 23:24:48 | WARNING | Could not parse candle datetime '2026-01-05 13:58:00': time data '2026-01-05 13:58:00' does not match format '%Y-%m-%dT%H:%M:%S.%fZ'
2026-08-12 23:24:48 | WARNING | Could not parse candle datetime '2026-01-05 13:59:00': time data '2026-01-05 13:59:00' does not match format '%Y-%m-%dT%H:%M:%S.%fZ'
2026-08-12 23:24:48 | WARNING | Could not parse candle datetime '2026-01-05 14:00:00': time data '2026-01-05 14:00:00' does not match format '%Y-%m-%dT%H:%M:%S.%fZ'
2026-08-12 23:24:48 | WARNING | Could not parse candle datetime '2026-01-05 14:01:00': time data '2026-01-05 14:01:00' does not match format '%Y-%m-%dT%H:%M:%S.%fZ'
2026-08-12 23:24:48 | WARNING | Could not parse candle datetime '2026-01-05 14:02:00': time data '2026-01-05 14:02:00' does not match format '%Y-%m-%dT%H:%M:%S.%fZ'
2026-08-12 23:24:48 | WARNING | Could not parse candle datetime '2026-01-05 14:03:00': time data '2026-01-05 14:03:00' does not match format '%Y-%m-%dT%H:%M:%S.%fZ'
2026-08-12 23:24:48 | WARNING | Could not parse candle datetime '2026-01-05 14:04:00': time data '2026-01-05 14:04:00' does not match format '%Y-%m-%dT%H:%M:%S.%fZ'
2026-08-12 23:24:48 | WARNING | Could not parse candle datetime '2026-01-05 14:05:00': time data '2026-01-05 14:05:00' does not match format '%Y-%m-%dT%H:%M:%S.%fZ'
2026-08-12 23:24:48 | WARNING | Could not parse candle datetime '2026-01-05 14:06:00': time data '2026-01-05 14:06:00' does not match format '%Y-%m-%dT%H:%M:%S.%fZ'
2026-08-12 23:24:48 | WARNING | Could not parse candle datetime '2026-01-05 14:07:00': time data '2026-01-05 14:07:00' does not match format '%Y-%m-%dT%H:%M:%S.%fZ'
2026-08-12 23:24:48 | WARNING | Could not parse candle datetime '2026-01-05 14:08:00': time data '2026-01-05 14:08:00' does not match format '%Y-%m-%dT%H:%M:%S.%fZ'
2026-08-12 23:24:48 | WARNING | Could not parse candle datetime '2026-01-05 14:09:00': time data '2026-01-05 14:09:00' does not match format '%Y-%m-%dT%H:%M:%S.%fZ'
2026-08-12 23:24:48 | WARNING | Could not parse candle datetime '2026-01-05 14:10:00': time data '2026-01-05 14:10:00' does not match format '%Y-%m-%dT%H:%M:%S.%fZ'
2026-08-12 23:24:48 | WARNING | Could not parse candle datetime '2026-01-05 14:11:00': time data '2026-01-05 14:11:00' does not match format '%Y-%m-%dT%H:%M:%S.%fZ'
2026-08-12 23:24:48 | WARNING | Could not parse candle datetime '2026-01-05 14:12:00': time data '2026-01-05 14:12:00' does not match format '%Y-%m-%dT%H:%M:%S.%fZ'
2026-08-12 23:24:48 | WARNING | Could not parse candle datetime '2026-01-05 14:13:00': time data '2026-01-05 14:13:00' does not match format '%Y-%m-%dT%H:%M:%S.%fZ'
2026-08-12 23:24:48 | WARNING | Could not parse candle datetime '2026-01-05 14:14:00': time data '2026-01-05 14:14:00' does not match format '%Y-%m-%dT%H:%M:%S.%fZ'
2026-08-12 23:24:48 | WARNING | Could not parse candle datetime '2026-01-05 14:15:00': time data '2026-01-05 14:15:00' does not match format '%Y-%m-%dT%H:%M:%S.%fZ'
2026-08-12 23:24:48 | WARNING | Could not parse candle datetime '2026-01-05 14:16:00': time data '2026-01-05 14:16:00' does not match format '%Y-%m-%dT%H:%M:%S.%fZ'
2026-08-12 23:24:48 | WARNING | Could not parse candle datetime '2026-01-05 14:17:00': time data '2026-01-05 14:17:00' does not match format '%Y-%m-%dT%H:%M:%S.%fZ'
2026-08-12 23:24:48 | WARNING | Could not parse candle datetime '2026-01-05 14:18:00': time data '2026-01-05 14:18:00' does not match format '%Y-%m-%dT%H:%M:%S.%fZ'
2026-08-12 23:24:48 | WARNING | Could not parse candle datetime '2026-01-05 14:19:00': time data '2026-01-05 14:19:00' does not match format '%Y-%m-%dT%H:%M:%S.%fZ'
2026-08-12 23:24:48 | WARNING | Could not parse candle datetime '2026-01-05 14:20:00': time data '2026-01-05 14:20:00' does not match format '%Y-%m-%dT%H:%M:%S.%fZ'
2026-08-12 23:24:48 | WARNING | Could not parse candle datetime '2026-01-05 14:21:00': time data '2026-01-05 14:21:00' does not match format '%Y-%m-%dT%H:%M:%S.%fZ'
2026-08-12 23:24:48 | WARNING | Could not parse candle datetime '2026-01-05 14:22:00': time data '2026-01-05 14:22:00' does not match format '%Y-%m-%dT%H:%M:%S.%fZ'
2026-08-12 23:24:48 | WARNING | Could not parse candle datetime '2026-01-05 14:23:00': time data '2026-01-05 14:23:00' does not match format '%Y-%m-%dT%H:%M:%S.%fZ'
2026-08-12 23:24:48 | WARNING | Could not parse candle datetime '2026-01-05 14:24:00': time data '2026-01-05 14:24:00' does not match format '%Y-%m-%dT%H:%M:%S.%fZ'
2026-08-12 23:24:48 | WARNING | Could not parse candle datetime '2026-01-05 14:25:00': time data '2026-01-05 14:25:00' does not match format '%Y-%m-%dT%H:%M:%S.%fZ'
2026-08-12 23:24:48 | WARNING | Could not parse candle datetime '2026-01-05 14:26:00': time data '2026-01-05 14:26:00' does not match format '%Y-%m-%dT%H:%M:%S.%fZ'
2026-08-12 23:24:48 | WARNING | Could not parse candle datetime '2026-01-05 14:27:00': time data '2026-01-05 14:27:00' does not match format '%Y-%m-%dT%H:%M:%S.%fZ'
2026-08-12 23:24:48 | WARNING | Could not parse candle datetime '2026-01-05 14:28:00': time data '2026-01-05 14:28:00' does not match format '%Y-%m-%dT%H:%M:%S.%fZ'
2026-08-12 23:24:48 | WARNING | Could not parse candle datetime '2026-01-05 14:29:00': time data '2026-01-05 14:29:00' does not match format '%Y-%m-%dT%H:%M:%S.%fZ'
2026-08-12 23:24:48 | WARNING | Could not parse candle datetime '2026-01-05 14:30:00': time data '2026-01-05 14:30:00' does not match format '%Y-%m-%dT%H:%M:%S.%fZ'
2026-08-12 23:24:48 | WARNING | Could not parse candle datetime '2026-01-05 14:31:00': time data '2026-01-05 14:31:00' does not match format '%Y-%m-%dT%H:%M:%S.%fZ'
2026-08-12 23:24:48 | WARNING | Could not parse candle datetime '2026-01-05 14:32:00': time data '2026-01-05 14:32:00' does not match format '%Y-%m-%dT%H:%M:%S.%fZ'
2026-08-12 23:24:48 | WARNING | Could not parse candle datetime '2026-01-05 14:33:00': time data '2026-01-05 14:33:00' does not match format '%Y-%m-%dT%H:%M:%S.%fZ'
2026-08-12 23:24:48 | WARNING | Could not parse candle datetime '2026-01-05 14:34:00': time data '2026-01-05 14:34:00' does not match format '%Y-%m-%dT%H:%M:%S.%fZ'
2026-08-12 23:24:48 | WARNING | Could not parse candle datetime '2026-01-05 14:35:00': time data '2026-01-05 14:35:00' does not match format '%Y-%m-%dT%H:%M:%S.%fZ'
2026-08-12 23:24:48 | WARNING | Could not parse candle datetime '2026-01-05 14:36:00': time data '2026-01-05 14:36:00' does not match format '%Y-%m-%dT%H:%M:%S.%fZ'
2026-08-12 23:24:48 | WARNING | Could not parse candle datetime '2026-01-05 14:37:00': time data '2026-01-05 14:37:00' does not match format '%Y-%m-%dT%H:%M:%S.%fZ'
2026-08-12 23:24:48 | WARNING | Could not parse candle datetime '2026-01-05 14:38:00': time data '2026-01-05 14:38:00' does not match format '%Y-%m-%dT%H:%M:%S.%fZ'
2026-08-12 23:24:48 | WARNING | Could not parse candle datetime '2026-01-05 14:39:00': time data '2026-01-05 14:39:00' does not match format '%Y-%m-%dT%H:%M:%S.%fZ'
2026-08-12 23:24:48 | WARNING | Could not parse candle datetime '2026-01-05 14:40:00': time data '2026-01-05 14:40:00' does not match format '%Y-%m-%dT%H:%M:%S.%fZ'
2026-08-12 23:24:48 | WARNING | Could not parse candle datetime '2026-01-05 14:41:00': time data '2026-01-05 14:41:00' does not match format '%Y-%m-%dT%H:%M:%S.%fZ'
2026-08-12 23:24:48 | WARNING | Could not parse candle datetime '2026-01-05 14:42:00': time data '2026-01-05 14:42:00' does not match format '%Y-%m-%dT%H:%M:%S.%fZ'
2026-08-12 23:24:48 | WARNING | Could not parse candle datetime '2026-01-05 14:43:00': time data '2026-01-05 14:43:00' does not match format '%Y-%m-%dT%H:%M:%S.%fZ'
2026-08-12 23:24:48 | WARNING | Could not parse candle datetime '2026-01-05 14:44:00': time data '2026-01-05 14:44:00' does not match format '%Y-%m-%dT%H:%M:%S.%fZ'
2026-08-12 23:24:48 | WARNING | Could not parse candle datetime '2026-01-05 14:45:00': time data '2026-01-05 14:45:00' does not match format '%Y-%m-%dT%H:%M:%S.%fZ'
2026-08-12 23:24:48 | WARNING | Could not parse candle datetime '2026-01-05 14:46:00': time data '2026-01-05 14:46:00' does not match format '%Y-%m-%dT%H:%M:%S.%fZ'
2026-08-12 23:24:48 | WARNING | Could not parse candle datetime '2026-01-05 14:47:00': time data '2026-01-05 14:47:00' does not match format '%Y-%m-%dT%H:%M:%S.%fZ'
2026-08-12 23:24:48 | WARNING | Could not parse candle datetime '2026-01-05 14:48:00': time data '2026-01-05 14:48:00' does not match format '%Y-%m-%dT%H:%M:%S.%fZ'
2026-08-12 23:24:48 | WARNING | Could not parse candle datetime '2026-01-05 14:49:00': time data '2026-01-05 14:49:00' does not match format '%Y-%m-%dT%H:%M:%S.%fZ'
2026-08-12 23:24:48 | WARNING | Could not parse candle datetime '2026-01-05 14:50:00': time data '2026-01-05 14:50:00' does not match format '%Y-%m-%dT%H:%M:%S.%fZ'
2026-08-12 23:24:48 | WARNING | Could not parse candle datetime '2026-01-05 14:51:00': time data '2026-01-05 14:51:00' does not match format '%Y-%m-%dT%H:%M:%S.%fZ'
2026-08-12 23:24:48 | WARNING | Could not parse candle datetime '2026-01-05 14:52:00': time data '2026-01-05 14:52:00' does not match format '%Y-%m-%dT%H:%M:%S.%fZ'
2026-08-12 23:24:48 | WARNING | Could not parse candle datetime '2026-01-05 14:53:00': time data '2026-01-05 14:53:00' does not match format '%Y-%m-%dT%H:%M:%S.%fZ'
2026-08-12 23:24:48 | WARNING | Could not parse candle datetime '2026-01-05 14:54:00': time data '2026-01-05 14:54:00' does not match format '%Y-%m-%dT%H:%M:%S.%fZ'
2026-08-12 23:24:48 | WARNING | Could not parse candle datetime '2026-01-05 14:55:00': time data '2026-01-05 14:55:00' does not match format '%Y-%m-%dT%H:%M:%S.%fZ'
2026-08-12 23:24:48 | WARNING | Could not parse candle datetime '2026-01-05 14:56:00': time data '2026-01-05 14:56:00' does not match format '%Y-%m-%dT%H:%M:%S.%fZ'
2026-08-12 23:24:48 | WARNING | Could not parse candle datetime '2026-01-05 14:57:00': time data '2026-01-05 14:57:00' does not match format '%Y-%m-%dT%H:%M:%S.%fZ'
2026-08-12 23:24:48 | WARNING | Could not parse candle datetime '2026-01-05 14:58:00': time data '2026-01-05 14:58:00' does not match format '%Y-%m-%dT%H:%M:%S.%fZ'
2026-08-12 23:24:48 | WARNING | Could not parse candle datetime '2026-01-05 14:59:00': time data '2026-01-05 14:59:00' does not match format '%Y-%m-%dT%H:%M:%S.%fZ'
2026-08-12 23:24:48 | WARNING | Could not parse candle datetime '2026-01-05 15:00:00': time data '2026-01-05 15:00:00' does not match format '%Y-%m-%dT%H:%M:%S.%fZ'
2026-08-12 23:24:48 | WARNING | Could not parse candle datetime '2026-01-05 15:01:00': time data '2026-01-05 15:01:00' does not match format '%Y-%m-%dT%H:%M:%S.%fZ'
2026-08-12 23:24:48 | WARNING | Could not parse candle datetime '2026-01-05 15:02:00': time data '2026-01-05 15:02:00' does not match format '%Y-%m-%dT%H:%M:%S.%fZ'
2026-08-12 23:24:48 | WARNING | Could not parse candle datetime '2026-01-05 15:03:00': time data '2026-01-05 15:03:00' does not match format '%Y-%m-%dT%H:%M:%S.%fZ'
2026-08-12 23:24:48 | WARNING | Could not parse candle datetime '2026-01-05 15:04:00': time data '2026-01-05 15:04:00' does not match format '%Y-%m-%dT%H:%M:%S.%fZ'
2026-08-12 23:24:48 | WARNING | Could not parse candle datetime '2026-01-05 15:05:00': time data '2026-01-05 15:05:00' does not match format '%Y-%m-%dT%H:%M:%S.%fZ'
2026-08-12 23:24:48 | WARNING | Could not parse candle datetime '2026-01-05 15:06:00': time data '2026-01-05 15:06:00' does not match format '%Y-%m-%dT%H:%M:%S.%fZ'
2026-08-12 23:24:48 | WARNING | Could not parse candle datetime '2026-01-05 15:07:00': time data '2026-01-05 15:07:00' does not match format '%Y-%m-%dT%H:%M:%S.%fZ'
2026-08-12 23:24:48 | WARNING | Could not parse candle datetime '2026-01-05 15:08:00': time data '2026-01-05 15:08:00' does not match format '%Y-%m-%dT%H:%M:%S.%fZ'
2026-08-12 23:24:48 | WARNING | Could not parse candle datetime '2026-01-05 15:09:00': time data '2026-01-05 15:09:00' does not match format '%Y-%m-%dT%H:%M:%S.%fZ'
2026-08-12 23:24:48 | WARNING | Could not parse candle datetime '2026-01-05 15:10:00': time data '2026-01-05 15:10:00' does not match format '%Y-%m-%dT%H:%M:%S.%fZ'
2026-08-12 23:24:48 | WARNING | Could not parse candle datetime '2026-01-05 15:11:00': time data '2026-01-05 15:11:00' does not match format '%Y-%m-%dT%H:%M:%S.%fZ'
2026-08-12 23:24:48 | WARNING | Could not parse candle datetime '2026-01-05 15:12:00': time data '2026-01-05 15:12:00' does not match format '%Y-%m-%dT%H:%M:%S.%fZ'
2026-08-12 23:24:48 | WARNING | Could not parse candle datetime '2026-01-05 15:13:00': time data '2026-01-05 15:13:00' does not match format '%Y-%m-%dT%H:%M:%S.%fZ'
2026-08-12 23:24:48 | WARNING | Could not parse candle datetime '2026-01-05 15:14:00': time data '2026-01-05 15:14:00' does not match format '%Y-%m-%dT%H:%M:%S.%fZ'
2026-08-12 23:24:48 | WARNING | Could not parse candle datetime '2026-01-05 15:15:00': time data '2026-01-05 15:15:00' does not match format '%Y-%m-%dT%H:%M:%S.%fZ'
2026-08-12 23:24:48 | WARNING | Could not parse candle datetime '2026-01-05 15:16:00': time data '2026-01-05 15:16:00' does not match format '%Y-%m-%dT%H:%M:%S.%fZ'
2026-08-12 23:24:48 | WARNING | Could not parse candle datetime '2026-01-05 15:17:00': time data '2026-01-05 15:17:00' does not match format '%Y-%m-%dT%H:%M:%S.%fZ'
2026-08-12 23:24:48 | WARNING | Could not parse candle datetime '2026-01-05 15:18:00': time data '2026-01-05 15:18:00' does not match format '%Y-%m-%dT%H:%M:%S.%fZ'
2026-08-12 23:24:48 | WARNING | Could not parse candle datetime '2026-01-05 15:19:00': time data '2026-01-05 15:19:00' does not match format '%Y-%m-%dT%H:%M:%S.%fZ'
2026-08-12 23:24:48 | WARNING | Could not parse candle datetime '2026-01-05 15:20:00': time data '2026-01-05 15:20:00' does not match format '%Y-%m-%dT%H:%M:%S.%fZ'
2026-08-12 23:24:48 | WARNING | Could not parse candle datetime '2026-01-05 15:21:00': time data '2026-01-05 15:21:00' does not match format '%Y-%m-%dT%H:%M:%S.%fZ'
2026-08-12 23:24:48 | WARNING | Could not parse candle datetime '2026-01-05 15:22:00': time data '2026-01-05 15:22:00' does not match format '%Y-%m-%dT%H:%M:%S.%fZ'
2026-08-12 23:24:48 | WARNING | Could not parse candle datetime '2026-01-05 15:23:00': time data '2026-01-05 15:23:00' does not match format '%Y-%m-%dT%H:%M:%S.%fZ'
2026-08-12 23:24:48 | WARNING | Could not parse candle datetime '2026-01-05 15:24:00': time data '2026-01-05 15:24:00' does not match format '%Y-%m-%dT%H:%M:%S.%fZ'
2026-08-12 23:24:48 | WARNING | Could not parse candle datetime '2026-01-05 15:25:00': time data '2026-01-05 15:25:00' does not match format '%Y-%m-%dT%H:%M:%S.%fZ'
2026-08-12 23:24:48 | WARNING | Could not parse candle datetime '2026-01-05 15:26:00': time data '2026-01-05 15:26:00' does not match format '%Y-%m-%dT%H:%M:%S.%fZ'
2026-08-12 23:24:48 | WARNING | Could not parse candle datetime '2026-01-05 15:27:00': time data '2026-01-05 15:27:00' does not match format '%Y-%m-%dT%H:%M:%S.%fZ'
2026-08-12 23:24:48 | WARNING | Could not parse candle datetime '2026-01-05 15:28:00': time data '2026-01-05 15:28:00' does not match format '%Y-%m-%dT%H:%M:%S.%fZ'
2026-08-12 23:24:48 | WARNING | Could not parse candle datetime '2026-01-05 15:29:00': time data '2026-01-05 15:29:00' does not match format '%Y-%m-%dT%H:%M:%S.%fZ'
2026-08-12 23:24:48 | WARNING | Could not parse candle datetime '2026-01-05 15:30:00': time data '2026-01-05 15:30:00' does not match format '%Y-%m-%dT%H:%M:%S.%fZ'
2026-08-12 23:24:48 | WARNING | Could not parse candle datetime '2026-01-05 15:31:00': time data '2026-01-05 15:31:00' does not match format '%Y-%m-%dT%H:%M:%S.%fZ'
2026-08-12 23:24:48 | WARNING | Could not parse candle datetime '2026-01-06 09:07:00': time data '2026-01-06 09:07:00' does not match format '%Y-%m-%dT%H:%M:%S.%fZ'
2026-08-12 23:24:48 | WARNING | Could not parse candle datetime '2026-01-06 09:15:00': time data '2026-01-06 09:15:00' does not match format '%Y-%m-%dT%H:%M:%S.%fZ'
2026-08-12 23:24:48 | WARNING | Could not parse candle datetime '2026-01-06 09:16:00': time data '2026-01-06 09:16:00' does not match format '%Y-%m-%dT%H:%M:%S.%fZ'
2026-08-12 23:24:48 | WARNING | Could not parse candle datetime '2026-01-06 09:17:00': time data '2026-01-06 09:17:00' does not match format '%Y-%m-%dT%H:%M:%S.%fZ'
2026-08-12 23:24:48 | WARNING | Could not parse candle datetime '2026-01-06 09:18:00': time data '2026-01-06 09:18:00' does not match format '%Y-%m-%dT%H:%M:%S.%fZ'
2026-08-12 23:24:48 | WARNING | Could not parse candle datetime '2026-01-06 09:19:00': time data '2026-01-06 09:19:00' does not match format '%Y-%m-%dT%H:%M:%S.%fZ'
2026-08-12 23:24:48 | WARNING | Could not parse candle datetime '2026-01-06 09:20:00': time data '2026-01-06 09:20:00' does not match format '%Y-%m-%dT%H:%M:%S.%fZ'
2026-08-12 23:24:48 | WARNING | Could not parse candle datetime '2026-01-06 09:21:00': time data '2026-01-06 09:21:00' does not match format '%Y-%m-%dT%H:%M:%S.%fZ'
2026-08-12 23:24:48 | WARNING | Could not parse candle datetime '2026-01-06 09:22:00': time data '2026-01-06 09:22:00' does not match format '%Y-%m-%dT%H:%M:%S.%fZ'
2026-08-12 23:24:48 | WARNING | Could not parse candle datetime '2026-01-06 09:23:00': time data '2026-01-06 09:23:00' does not match format '%Y-%m-%dT%H:%M:%S.%fZ'
2026-08-12 23:24:48 | WARNING | Could not parse candle datetime '2026-01-06 09:24:00': time data '2026-01-06 09:24:00' does not match format '%Y-%m-%dT%H:%M:%S.%fZ'
2026-08-12 23:24:48 | WARNING | Could not parse candle datetime '2026-01-06 09:25:00': time data '2026-01-06 09:25:00' does not match format '%Y-%m-%dT%H:%M:%S.%fZ'
2026-08-12 23:24:48 | WARNING | Could not parse candle datetime '2026-01-06 09:26:00': time data '2026-01-06 09:26:00' does not match format '%Y-%m-%dT%H:%M:%S.%fZ'
2026-08-12 23:24:48 | WARNING | Could not parse candle datetime '2026-01-06 09:27:00': time data '2026-01-06 09:27:00' does not match format '%Y-%m-%dT%H:%M:%S.%fZ'
2026-08-12 23:24:48 | WARNING | Could not parse candle datetime '2026-01-06 09:28:00': time data '2026-01-06 09:28:00' does not match format '%Y-%m-%dT%H:%M:%S.%fZ'
2026-08-12 23:24:48 | WARNING | Could not parse candle datetime '2026-01-06 09:29:00': time data '2026-01-06 09:29:00' does not match format '%Y-%m-%dT%H:%M:%S.%fZ'
2026-08-12 23:24:48 | WARNING | Could not parse candle datetime '2026-01-06 09:30:00': time data '2026-01-06 09:30:00' does not match format '%Y-%m-%dT%H:%M:%S.%fZ'
2026-08-12 23:24:48 | WARNING | Could not parse candle datetime '2026-01-06 09:31:00': time data '2026-01-06 09:31:00' does not match format '%Y-%m-%dT%H:%M:%S.%fZ'
2026-08-12 23:24:48 | WARNING | Could not parse candle datetime '2026-01-06 09:32:00': time data '2026-01-06 09:32:00' does not match format '%Y-%m-%dT%H:%M:%S.%fZ'
2026-08-12 23:24:48 | WARNING | Could not parse candle datetime '2026-01-06 09:33:00': time data '2026-01-06 09:33:00' does not match format '%Y-%m-%dT%H:%M:%S.%fZ'
2026-08-12 23:24:48 | WARNING | Could not parse candle datetime '2026-01-06 09:34:00': time data '2026-01-06 09:34:00' does not match format '%Y-%m-%dT%H:%M:%S.%fZ'
2026-08-12 23:24:48 | WARNING | Could not parse candle datetime '2026-01-06 09:35:00': time data '2026-01-06 09:35:00' does not match format '%Y-%m-%dT%H:%M:%S.%fZ'
2026-08-12 23:24:48 | WARNING | Could not parse candle datetime '2026-01-06 09:36:00': time data '2026-01-06 09:36:00' does not match format '%Y-%m-%dT%H:%M:%S.%fZ'
2026-08-12 23:24:48 | WARNING | Could not parse candle datetime '2026-01-06 09:37:00': time data '2026-01-06 09:37:00' does not match format '%Y-%m-%dT%H:%M:%S.%fZ'
2026-08-12 23:24:48 | WARNING | Could not parse candle datetime '2026-01-06 09:38:00': time data '2026-01-06 09:38:00' does not match format '%Y-%m-%dT%H:%M:%S.%fZ'
2026-08-12 23:24:48 | WARNING | Could not parse candle datetime '2026-01-06 09:39:00': time data '2026-01-06 09:39:00' does not match format '%Y-%m-%dT%H:%M:%S.%fZ'
2026-08-12 23:24:48 | WARNING | Could not parse candle datetime '2026-01-06 09:40:00': time data '2026-01-06 09:40:00' does not match format '%Y-%m-%dT%H:%M:%S.%fZ'
2026-08-12 23:24:48 | WARNING | Could not parse candle datetime '2026-01-06 09:41:00': time data '2026-01-06 09:41:00' does not match format '%Y-%m-%dT%H:%M:%S.%fZ'
2026-08-12 23:24:48 | WARNING | Could not parse candle datetime '2026-01-06 09:42:00': time data '2026-01-06 09:42:00' does not match format '%Y-%m-%dT%H:%M:%S.%fZ'
2026-08-12 23:24:48 | WARNING | Could not parse candle datetime '2026-01-06 09:43:00': time data '2026-01-06 09:43:00' does not match format '%Y-%m-%dT%H:%M:%S.%fZ'
2026-08-12 23:24:48 | WARNING | Could not parse candle datetime '2026-01-06 09:44:00': time data '2026-01-06 09:44:00' does not match format '%Y-%m-%dT%H:%M:%S.%fZ'
2026-08-12 23:24:48 | WARNING | Could not parse candle datetime '2026-01-06 09:45:00': time data '2026-01-06 09:45:00' does not match format '%Y-%m-%dT%H:%M:%S.%fZ'
2026-08-12 23:24:48 | WARNING | Could not parse candle datetime '2026-01-06 09:46:00': time data '2026-01-06 09:46:00' does not match format '%Y-%m-%dT%H:%M:%S.%fZ'
2026-08-12 23:24:48 | WARNING | Could not parse candle datetime '2026-01-06 09:47:00': time data '2026-01-06 09:47:00' does not match format '%Y-%m-%dT%H:%M:%S.%fZ'
2026-08-12 23:24:48 | WARNING | Could not parse candle datetime '2026-01-06 09:48:00': time data '2026-01-06 09:48:00' does not match format '%Y-%m-%dT%H:%M:%S.%fZ'
2026-08-12 23:24:48 | WARNING | Could not parse candle datetime '2026-01-06 09:49:00': time data '2026-01-06 09:49:00' does not match format '%Y-%m-%dT%H:%M:%S.%fZ'
2026-08-12 23:24:48 | WARNING | Could not parse candle datetime '2026-01-06 09:50:00': time data '2026-01-06 09:50:00' does not match format '%Y-%m-%dT%H:%M:%S.%fZ'
2026-08-12 23:24:48 | WARNING | Could not parse candle datetime '2026-01-06 09:51:00': time data '2026-01-06 09:51:00' does not match format '%Y-%m-%dT%H:%M:%S.%fZ'
2026-08-12 23:24:48 | WARNING | Could not parse candle datetime '2026-01-06 09:52:00': time data '2026-01-06 09:52:00' does not match format '%Y-%m-%dT%H:%M:%S.%fZ'
2026-08-12 23:24:48 | WARNING | Could not parse candle datetime '2026-01-06 09:53:00': time data '2026-01-06 09:53:00' does not match format '%Y-%m-%dT%H:%M:%S.%fZ'
2026-08-12 23:24:48 | WARNING | Could not parse candle datetime '2026-01-06 09:54:00': time data '2026-01-06 09:54:00' does not match format '%Y-%m-%dT%H:%M:%S.%fZ'
2026-08-12 23:24:48 | WARNING | Could not parse candle datetime '2026-01-06 09:55:00': time data '2026-01-06 09:55:00' does not match format '%Y-%m-%dT%H:%M:%S.%fZ'
2026-08-12 23:24:48 | WARNING | Could not parse candle datetime '2026-01-06 09:56:00': time data '2026-01-06 09:56:00' does not match format '%Y-%m-%dT%H:%M:%S.%fZ'
2026-08-12 23:24:48 | WARNING | Could not parse candle datetime '2026-01-06 09:57:00': time data '2026-01-06 09:57:00' does not match format '%Y-%m-%dT%H:%M:%S.%fZ'
2026-08-12 23:24:48 | WARNING | Could not parse candle datetime '2026-01-06 09:58:00': time data '2026-01-06 09:58:00' does not match format '%Y-%m-%dT%H:%M:%S.%fZ'
2026-08-12 23:24:48 | WARNING | Could not parse candle datetime '2026-01-06 09:59:00': time data '2026-01-06 09:59:00' does not match format '%Y-%m-%dT%H:%M:%S.%fZ'
2026-08-12 23:24:48 | WARNING | Could not parse candle datetime '2026-01-06 10:00:00': time data '2026-01-06 10:00:00' does not match format '%Y-%m-%dT%H:%M:%S.%fZ'
2026-08-12 23:24:48 | WARNING | Could not parse candle datetime '2026-01-06 10:01:00': time data '2026-01-06 10:01:00' does not match format '%Y-%m-%dT%H:%M:%S.%fZ'
2026-08-12 23:24:48 | WARNING | Could not parse candle datetime '2026-01-06 10:02:00': time data '2026-01-06 10:02:00' does not match format '%Y-%m-%dT%H:%M:%S.%fZ'
2026-08-12 23:24:48 | WARNING | Could not parse candle datetime '2026-01-06 10:03:00': time data '2026-01-06 10:03:00' does not match format '%Y-%m-%dT%H:%M:%S.%fZ'
2026-08-12 23:24:48 | WARNING | Could not parse candle datetime '2026-01-06 10:04:00': time data '2026-01-06 10:04:00' does not match format '%Y-%m-%dT%H:%M:%S.%fZ'
2026-08-12 23:24:48 | WARNING | Could not parse candle datetime '2026-01-06 10:05:00': time data '2026-01-06 10:05:00' does not match format '%Y-%m-%dT%H:%M:%S.%fZ'
2026-08-12 23:24:48 | WARNING | Could not parse candle datetime '2026-01-06 10:06:00': time data '2026-01-06 10:06:00' does not match format '%Y-%m-%dT%H:%M:%S.%fZ'
2026-08-12 23:24:48 | WARNING | Could not parse candle datetime '2026-01-06 10:07:00': time data '2026-01-06 10:07:00' does not match format '%Y-%m-%dT%H:%M:%S.%fZ'
2026-08-12 23:24:48 | WARNING | Could not parse candle datetime '2026-01-06 10:08:00': time data '2026-01-06 10:08:00' does not match format '%Y-%m-%dT%H:%M:%S.%fZ'
2026-08-12 23:24:48 | WARNING | Could not parse candle datetime '2026-01-06 10:09:00': time data '2026-01-06 10:09:00' does not match format '%Y-%m-%dT%H:%M:%S.%fZ'
2026-08-12 23:24:48 | WARNING | Could not parse candle datetime '2026-01-06 10:10:00': time data '2026-01-06 10:10:00' does not match format '%Y-%m-%dT%H:%M:%S.%fZ'
2026-08-12 23:24:48 | WARNING | Could not parse candle datetime '2026-01-06 10:11:00': time data '2026-01-06 10:11:00' does not match format '%Y-%m-%dT%H:%M:%S.%fZ'
2026-08-12 23:24:48 | WARNING | Could not parse candle datetime '2026-01-06 10:12:00': time data '2026-01-06 10:12:00' does not match format '%Y-%m-%dT%H:%M:%S.%fZ'
2026-08-12 23:24:48 | WARNING | Could not parse candle datetime '2026-01-06 10:13:00': time data '2026-01-06 10:13:00' does not match format '%Y-%m-%dT%H:%M:%S.%fZ'
2026-08-12 23:24:48 | WARNING | Could not parse candle datetime '2026-01-06 10:14:00': time data '2026-01-06 10:14:00' does not match format '%Y-%m-%dT%H:%M:%S.%fZ'
2026-08-12 23:24:48 | WARNING | Could not parse candle datetime '2026-01-06 10:15:00': time data '2026-01-06 10:15:00' does not match format '%Y-%m-%dT%H:%M:%S.%fZ'
2026-08-12 23:24:48 | WARNING | Could not parse candle datetime '2026-01-06 10:16:00': time data '2026-01-06 10:16:00' does not match format '%Y-%m-%dT%H:%M:%S.%fZ'
2026-08-12 23:24:48 | WARNING | Could not parse candle datetime '2026-01-06 10:17:00': time data '2026-01-06 10:17:00' does not match format '%Y-%m-%dT%H:%M:%S.%fZ'
2026-08-12 23:24:48 | WARNING | Could not parse candle datetime '2026-01-06 10:18:00': time data '2026-01-06 10:18:00' does not match format '%Y-%m-%dT%H:%M:%S.%fZ'
2026-08-12 23:24:48 | WARNING | Could not parse candle datetime '2026-01-06 10:19:00': time data '2026-01-06 10:19:00' does not match format '%Y-%m-%dT%H:%M:%S.%fZ'
2026-08-12 23:24:48 | WARNING | Could not parse candle datetime '2026-01-06 10:20:00': time data '2026-01-06 10:20:00' does not match format '%Y-%m-%dT%H:%M:%S.%fZ'
2026-08-12 23:24:48 | WARNING | Could not parse candle datetime '2026-01-06 10:21:00': time data '2026-01-06 10:21:00' does not match format '%Y-%m-%dT%H:%M:%S.%fZ'
2026-08-12 23:24:48 | WARNING | Could not parse candle datetime '2026-01-06 10:22:00': time data '2026-01-06 10:22:00' does not match format '%Y-%m-%dT%H:%M:%S.%fZ'
2026-08-12 23:24:48 | WARNING | Could not parse candle datetime '2026-01-06 10:23:00': time data '2026-01-06 10:23:00' does not match format '%Y-%m-%dT%H:%M:%S.%fZ'
2026-08-12 23:24:48 | WARNING | Could not parse candle datetime '2026-01-06 10:24:00': time data '2026-01-06 10:24:00' does not match format '%Y-%m-%dT%H:%M:%S.%fZ'
2026-08-12 23:24:48 | WARNING | Could not parse candle datetime '2026-01-06 10:25:00': time data '2026-01-06 10:25:00' does not match format '%Y-%m-%dT%H:%M:%S.%fZ'
2026-08-12 23:24:48 | WARNING | Could not parse candle datetime '2026-01-06 10:26:00': time data '2026-01-06 10:26:00' does not match format '%Y-%m-%dT%H:%M:%S.%fZ'
2026-08-12 23:24:48 | WARNING | Could not parse candle datetime '2026-01-06 10:27:00': time data '2026-01-06 10:27:00' does not match format '%Y-%m-%dT%H:%M:%S.%fZ'
2026-08-12 23:24:48 | WARNING | Could not parse candle datetime '2026-01-06 10:28:00': time data '2026-01-06 10:28:00' does not match format '%Y-%m-%dT%H:%M:%S.%fZ'
2026-08-12 23:24:48 | WARNING | Could not parse candle datetime '2026-01-06 10:29:00': time data '2026-01-06 10:29:00' does not match format '%Y-%m-%dT%H:%M:%S.%fZ'
2026-08-12 23:24:48 | WARNING | Could not parse candle datetime '2026-01-06 10:30:00': time data '2026-01-06 10:30:00' does not match format '%Y-%m-%dT%H:%M:%S.%fZ'
2026-08-12 23:24:48 | WARNING | Could not parse candle datetime '2026-01-06 10:31:00': time data '2026-01-06 10:31:00' does not match format '%Y-%m-%dT%H:%M:%S.%fZ'
2026-08-12 23:24:48 | WARNING | Could not parse candle datetime '2026-01-06 10:32:00': time data '2026-01-06 10:32:00' does not match format '%Y-%m-%dT%H:%M:%S.%fZ'
2026-08-12 23:24:48 | WARNING | Could not parse candle datetime '2026-01-06 10:33:00': time data '2026-01-06 10:33:00' does not match format '%Y-%m-%dT%H:%M:%S.%fZ'
2026-08-12 23:24:48 | WARNING | Could not parse candle datetime '2026-01-06 10:34:00': time data '2026-01-06 10:34:00' does not match format '%Y-%m-%dT%H:%M:%S.%fZ'
2026-08-12 23:24:48 | WARNING | Could not parse candle datetime '2026-01-06 10:35:00': time data '2026-01-06 10:35:00' does not match format '%Y-%m-%dT%H:%M:%S.%fZ'
2026-08-12 23:24:48 | WARNING | Could not parse candle datetime '2026-01-06 10:36:00': time data '2026-01-06 10:36:00' does not match format '%Y-%m-%dT%H:%M:%S.%fZ'
2026-08-12 23:24:48 | WARNING | Could not parse candle datetime '2026-01-06 10:37:00': time data '2026-01-06 10:37:00' does not match format '%Y-%m-%dT%H:%M:%S.%fZ'
2026-08-12 23:24:48 | WARNING | Could not parse candle datetime '2026-01-06 10:38:00': time data '2026-01-06 10:38:00' does not match format '%Y-%m-%dT%H:%M:%S.%fZ'
2026-08-12 23:24:48 | WARNING | Could not parse candle datetime '2026-01-06 10:39:00': time data '2026-01-06 10:39:00' does not match format '%Y-%m-%dT%H:%M:%S.%fZ'
2026-08-12 23:24:48 | WARNING | Could not parse candle datetime '2026-01-06 10:40:00': time data '2026-01-06 10:40:00' does not match format '%Y-%m-%dT%H:%M:%S.%fZ'
2026-08-12 23:24:48 | WARNING | Could not parse candle datetime '2026-01-06 10:41:00': time data '2026-01-06 10:41:00' does not match format '%Y-%m-%dT%H:%M:%S.%fZ'
2026-08-12 23:24:48 | WARNING | Could not parse candle datetime '2026-01-06 10:42:00': time data '2026-01-06 10:42:00' does not match format '%Y-%m-%dT%H:%M:%S.%fZ'
2026-08-12 23:24:48 | WARNING | Could not parse candle datetime '2026-01-06 10:43:00': time data '2026-01-06 10:43:00' does not match format '%Y-%m-%dT%H:%M:%S.%fZ'
2026-08-12 23:24:48 | WARNING | Could not parse candle datetime '2026-01-06 10:44:00': time data '2026-01-06 10:44:00' does not match format '%Y-%m-%dT%H:%M:%S.%fZ'
2026-08-12 23:24:48 | WARNING | Could not parse candle datetime '2026-01-06 10:45:00': time data '2026-01-06 10:45:00' does not match format '%Y-%m-%dT%H:%M:%S.%fZ'
2026-08-12 23:24:48 | WARNING | Could not parse candle datetime '2026-01-06 10:46:00': time data '2026-01-06 10:46:00' does not match format '%Y-%m-%dT%H:%M:%S.%fZ'
2026-08-12 23:24:48 | WARNING | Could not parse candle datetime '2026-01-06 10:47:00': time data '2026-01-06 10:47:00' does not match format '%Y-%m-%dT%H:%M:%S.%fZ'
2026-08-12 23:24:48 | WARNING | Could not parse candle datetime '2026-01-06 10:48:00': time data '2026-01-06 10:48:00' does not match format '%Y-%m-%dT%H:%M:%S.%fZ'
2026-08-12 23:24:48 | WARNING | Could not parse candle datetime '2026-01-06 10:49:00': time data '2026-01-06 10:49:00' does not match format '%Y-%m-%dT%H:%M:%S.%fZ'
2026-08-12 23:24:48 | WARNING | Could not parse candle datetime '2026-01-06 10:50:00': time data '2026-01-06 10:50:00' does not match format '%Y-%m-%dT%H:%M:%S.%fZ'
2026-08-12 23:24:48 | WARNING | Could not parse candle datetime '2026-01-06 10:51:00': time data '2026-01-06 10:51:00' does not match format '%Y-%m-%dT%H:%M:%S.%fZ'
2026-08-12 23:24:48 | WARNING | Could not parse candle datetime '2026-01-06 10:52:00': time data '2026-01-06 10:52:00' does not match format '%Y-%m-%dT%H:%M:%S.%fZ'
2026-08-12 23:24:48 | WARNING | Could not parse candle datetime '2026-01-06 10:53:00': time data '2026-01-06 10:53:00' does not match format '%Y-%m-%dT%H:%M:%S.%fZ'
2026-08-12 23:24:48 | WARNING | Could not parse candle datetime '2026-01-06 10:54:00': time data '2026-01-06 10:54:00' does not match format '%Y-%m-%dT%H:%M:%S.%fZ'
2026-08-12 23:24:48 | WARNING | Could not parse candle datetime '2026-01-06 10:55:00': time data '2026-01-06 10:55:00' does not match format '%Y-%m-%dT%H:%M:%S.%fZ'
2026-08-12 23:24:48 | WARNING | Could not parse candle datetime '2026-01-06 10:56:00': time data '2026-01-06 10:56:00' does not match format '%Y-%m-%dT%H:%M:%S.%fZ'
2026-08-12 23:24:48 | WARNING | Could not parse candle datetime '2026-01-06 10:57:00': time data '2026-01-06 10:57:00' does not match format '%Y-%m-%dT%H:%M:%S.%fZ'
2026-08-12 23:24:48 | WARNING | Could not parse candle datetime '2026-01-06 10:58:00': time data '2026-01-06 10:58:00' does not match format '%Y-%m-%dT%H:%M:%S.%fZ'
2026-08-12 23:24:48 | WARNING | Could not parse candle datetime '2026-01-06 10:59:00': time data '2026-01-06 10:59:00' does not match format '%Y-%m-%dT%H:%M:%S.%fZ'
2026-08-12 23:24:48 | WARNING | Could not parse candle datetime '2026-01-06 11:00:00': time data '2026-01-06 11:00:00' does not match format '%Y-%m-%dT%H:%M:%S.%fZ'
2026-08-12 23:24:48 | WARNING | Could not parse candle datetime '2026-01-06 11:01:00': time data '2026-01-06 11:01:00' does not match format '%Y-%m-%dT%H:%M:%S.%fZ'
2026-08-12 23:24:48 | WARNING | Could not parse candle datetime '2026-01-06 11:02:00': time data '2026-01-06 11:02:00' does not match format '%Y-%m-%dT%H:%M:%S.%fZ'
2026-08-12 23:24:48 | WARNING | Could not parse candle datetime '2026-01-06 11:03:00': time data '2026-01-06 11:03:00' does not match format '%Y-%m-%dT%H:%M:%S.%fZ'
2026-08-12 23:24:48 | WARNING | Could not parse candle datetime '2026-01-06 11:04:00': time data '2026-01-06 11:04:00' does not match format '%Y-%m-%dT%H:%M:%S.%fZ'
2026-08-12 23:24:48 | WARNING | Could not parse candle datetime '2026-01-06 11:05:00': time data '2026-01-06 11:05:00' does not match format '%Y-%m-%dT%H:%M:%S.%fZ'
2026-08-12 23:24:48 | WARNING | Could not parse candle datetime '2026-01-06 11:06:00': time data '2026-01-06 11:06:00' does not match format '%Y-%m-%dT%H:%M:%S.%fZ'
2026-08-12 23:24:48 | WARNING | Could not parse candle datetime '2026-01-06 11:07:00': time data '2026-01-06 11:07:00' does not match format '%Y-%m-%dT%H:%M:%S.%fZ'
2026-08-12 23:24:48 | WARNING | Could not parse candle datetime '2026-01-06 11:08:00': time data '2026-01-06 11:08:00' does not match format '%Y-%m-%dT%H:%M:%S.%fZ'
2026-08-12 23:24:48 | WARNING | Could not parse candle datetime '2026-01-06 11:09:00': time data '2026-01-06 11:09:00' does not match format '%Y-%m-%dT%H:%M:%S.%fZ'
2026-08-12 23:24:48 | WARNING | Could not parse candle datetime '2026-01-06 11:10:00': time data '2026-01-06 11:10:00' does not match format '%Y-%m-%dT%H:%M:%S.%fZ'
2026-08-12 23:24:48 | WARNING | Could not parse candle datetime '2026-01-06 11:11:00': time data '2026-01-06 11:11:00' does not match format '%Y-%m-%dT%H:%M:%S.%fZ'
2026-08-12 23:24:48 | WARNING | Could not parse candle datetime '2026-01-06 11:12:00': time data '2026-01-06 11:12:00' does not match format '%Y-%m-%dT%H:%M:%S.%fZ'
2026-08-12 23:24:48 | WARNING | Could not parse candle datetime '2026-01-06 11:13:00': time data '2026-01-06 11:13:00' does not match format '%Y-%m-%dT%H:%M:%S.%fZ'
2026-08-12 23:24:48 | WARNING | Could not parse candle datetime '2026-01-06 11:14:00': time data '2026-01-06 11:14:00' does not match format '%Y-%m-%dT%H:%M:%S.%fZ'
2026-08-12 23:24:48 | WARNING | Could not parse candle datetime '2026-01-06 11:15:00': time data '2026-01-06 11:15:00' does not match format '%Y-%m-%dT%H:%M:%S.%fZ'
2026-08-12 23:24:48 | WARNING | Could not parse candle datetime '2026-01-06 11:16:00': time data '2026-01-06 11:16:00' does not match format '%Y-%m-%dT%H:%M:%S.%fZ'
2026-08-12 23:24:48 | WARNING | Could not parse candle datetime '2026-01-06 11:17:00': time data '2026-01-06 11:17:00' does not match format '%Y-%m-%dT%H:%M:%S.%fZ'
2026-08-12 23:24:48 | WARNING | Could not parse candle datetime '2026-01-06 11:18:00': time data '2026-01-06 11:18:00' does not match format '%Y-%m-%dT%H:%M:%S.%fZ'
2026-08-12 23:24:48 | WARNING | Could not parse candle datetime '2026-01-06 11:19:00': time data '2026-01-06 11:19:00' does not match format '%Y-%m-%dT%H:%M:%S.%fZ'
2026-08-12 23:24:48 | WARNING | Could not parse candle datetime '2026-01-06 11:20:00': time data '2026-01-06 11:20:00' does not match format '%Y-%m-%dT%H:%M:%S.%fZ'
2026-08-12 23:24:48 | WARNING | Could not parse candle datetime '2026-01-06 11:21:00': time data '2026-01-06 11:21:00' does not match format '%Y-%m-%dT%H:%M:%S.%fZ'
2026-08-12 23:24:48 | WARNING | Could not parse candle datetime '2026-01-06 11:22:00': time data '2026-01-06 11:22:00' does not match format '%Y-%m-%dT%H:%M:%S.%fZ'
2026-08-12 23:24:48 | WARNING | Could not parse candle datetime '2026-01-06 11:23:00': time data '2026-01-06 11:23:00' does not match format '%Y-%m-%dT%H:%M:%S.%fZ'
2026-08-12 23:24:48 | WARNING | Could not parse candle datetime '2026-01-06 11:24:00': time data '2026-01-06 11:24:00' does not match format '%Y-%m-%dT%H:%M:%S.%fZ'
2026-08-12 23:24:48 | WARNING | Could not parse candle datetime '2026-01-06 11:25:00': time data '2026-01-06 11:25:00' does not match format '%Y-%m-%dT%H:%M:%S.%fZ'
2026-08-12 23:24:48 | WARNING | Could not parse candle datetime '2026-01-06 11:26:00': time data '2026-01-06 11:26:00' does not match format '%Y-%m-%dT%H:%M:%S.%fZ'
2026-08-12 23:24:48 | WARNING | Could not parse candle datetime '2026-01-06 11:27:00': time data '2026-01-06 11:27:00' does not match format '%Y-%m-%dT%H:%M:%S.%fZ'
2026-08-12 23:24:48 | WARNING | Could not parse candle datetime '2026-01-06 11:28:00': time data '2026-01-06 11:28:00' does not match format '%Y-%m-%dT%H:%M:%S.%fZ'
2026-08-12 23:24:48 | WARNING | Could not parse candle datetime '2026-01-06 11:29:00': time data '2026-01-06 11:29:00' does not match format '%Y-%m-%dT%H:%M:%S.%fZ'
2026-08-12 23:24:48 | WARNING | Could not parse candle datetime '2026-01-06 11:30:00': time data '2026-01-06 11:30:00' does not match format '%Y-%m-%dT%H:%M:%S.%fZ'
2026-08-12 23:24:48 | WARNING | Could not parse candle datetime '2026-01-06 11:31:00': time data '2026-01-06 11:31:00' does not match format '%Y-%m-%dT%H:%M:%S.%fZ'
2026-08-12 23:24:48 | WARNING | Could not parse candle datetime '2026-01-06 11:32:00': time data '2026-01-06 11:32:00' does not match format '%Y-%m-%dT%H:%M:%S.%fZ'
2026-08-12 23:24:48 | WARNING | Could not parse candle datetime '2026-01-06 11:33:00': time data '2026-01-06 11:33:00' does not match format '%Y-%m-%dT%H:%M:%S.%fZ'
2026-08-12 23:24:48 | WARNING | Could not parse candle datetime '2026-01-06 11:34:00': time data '2026-01-06 11:34:00' does not match format '%Y-%m-%dT%H:%M:%S.%fZ'
2026-08-12 23:24:48 | WARNING | Could not parse candle datetime '2026-01-06 11:35:00': time data '2026-01-06 11:35:00' does not match format '%Y-%m-%dT%H:%M:%S.%fZ'
2026-08-12 23:24:48 | WARNING | Could not parse candle datetime '2026-01-06 11:36:00': time data '2026-01-06 11:36:00' does not match format '%Y-%m-%dT%H:%M:%S.%fZ'
2026-08-12 23:24:48 | WARNING | Could not parse candle datetime '2026-01-06 11:37:00': time data '2026-01-06 11:37:00' does not match format '%Y-%m-%dT%H:%M:%S.%fZ'
2026-08-12 23:24:48 | WARNING | Could not parse candle datetime '2026-01-06 11:38:00': time data '2026-01-06 11:38:00' does not match format '%Y-%m-%dT%H:%M:%S.%fZ'
2026-08-12 23:24:48 | WARNING | Could not parse candle datetime '2026-01-06 11:39:00': time data '2026-01-06 11:39:00' does not match format '%Y-%m-%dT%H:%M:%S.%fZ'
2026-08-12 23:24:48 | WARNING | Could not parse candle datetime '2026-01-06 11:40:00': time data '2026-01-06 11:40:00' does not match format '%Y-%m-%dT%H:%M:%S.%fZ'
2026-08-12 23:24:48 | WARNING | Could not parse candle datetime '2026-01-06 11:41:00': time data '2026-01-06 11:41:00' does not match format '%Y-%m-%dT%H:%M:%S.%fZ'
2026-08-12 23:24:48 | WARNING | Could not parse candle datetime '2026-01-06 11:42:00': time data '2026-01-06 11:42:00' does not match format '%Y-%m-%dT%H:%M:%S.%fZ'
2026-08-12 23:24:48 | WARNING | Could not parse candle datetime '2026-01-06 11:43:00': time data '2026-01-06 11:43:00' does not match format '%Y-%m-%dT%H:%M:%S.%fZ'
2026-08-12 23:24:48 | WARNING | Could not parse candle datetime '2026-01-06 11:44:00': time data '2026-01-06 11:44:00' does not match format '%Y-%m-%dT%H:%M:%S.%fZ'
2026-08-12 23:24:48 | WARNING | Could not parse candle datetime '2026-01-06 11:45:00': time data '2026-01-06 11:45:00' does not match format '%Y-%m-%dT%H:%M:%S.%fZ'
2026-08-12 23:24:48 | WARNING | Could not parse candle datetime '2026-01-06 11:46:00': time data '2026-01-06 11:46:00' does not match format '%Y-%m-%dT%H:%M:%S.%fZ'
2026-08-12 23:24:48 | WARNING | Could not parse candle datetime '2026-01-06 11:47:00': time data '2026-01-06 11:47:00' does not match format '%Y-%m-%dT%H:%M:%S.%fZ'
2026-08-12 23:24:48 | WARNING | Could not parse candle datetime '2026-01-06 11:48:00': time data '2026-01-06 11:48:00' does not match format '%Y-%m-%dT%H:%M:%S.%fZ'
2026-08-12 23:24:48 | WARNING | Could not parse candle datetime '2026-01-06 11:49:00': time data '2026-01-06 11:49:00' does not match format '%Y-%m-%dT%H:%M:%S.%fZ'
2026-08-12 23:24:48 | WARNING | Could not parse candle datetime '2026-01-06 11:50:00': time data '2026-01-06 11:50:00' does not match format '%Y-%m-%dT%H:%M:%S.%fZ'
2026-08-12 23:24:48 | WARNING | Could not parse candle datetime '2026-01-06 11:51:00': time data '2026-01-06 11:51:00' does not match format '%Y-%m-%dT%H:%M:%S.%fZ'
2026-08-12 23:24:48 | WARNING | Could not parse candle datetime '2026-01-06 11:52:00': time data '2026-01-06 11:52:00' does not match format '%Y-%m-%dT%H:%M:%S.%fZ'
2026-08-12 23:24:48 | WARNING | Could not parse candle datetime '2026-01-06 11:53:00': time data '2026-01-06 11:53:00' does not match format '%Y-%m-%dT%H:%M:%S.%fZ'
2026-08-12 23:24:48 | WARNING | Could not parse candle datetime '2026-01-06 11:54:00': time data '2026-01-06 11:54:00' does not match format '%Y-%m-%dT%H:%M:%S.%fZ'
2026-08-12 23:24:48 | WARNING | Could not parse candle datetime '2026-01-06 11:55:00': time data '2026-01-06 11:55:00' does not match format '%Y-%m-%dT%H:%M:%S.%fZ'
2026-08-12 23:24:48 | WARNING | Could not parse candle datetime '2026-01-06 11:56:00': time data '2026-01-06 11:56:00' does not match format '%Y-%m-%dT%H:%M:%S.%fZ'
2026-08-12 23:24:48 | WARNING | Could not parse candle datetime '2026-01-06 11:57:00': time data '2026-01-06 11:57:00' does not match format '%Y-%m-%dT%H:%M:%S.%fZ'
2026-08-12 23:24:48 | WARNING | Could not parse candle datetime '2026-01-06 11:58:00': time data '2026-01-06 11:58:00' does not match format '%Y-%m-%dT%H:%M:%S.%fZ'
2026-08-12 23:24:48 | WARNING | Could not parse candle datetime '2026-01-06 11:59:00': time data '2026-01-06 11:59:00' does not match format '%Y-%m-%dT%H:%M:%S.%fZ'
2026-08-12 23:24:48 | WARNING | Could not parse candle datetime '2026-01-06 12:00:00': time data '2026-01-06 12:00:00' does not match format '%Y-%m-%dT%H:%M:%S.%fZ'
2026-08-12 23:24:48 | WARNING | Could not parse candle datetime '2026-01-06 12:01:00': time data '2026-01-06 12:01:00' does not match format '%Y-%m-%dT%H:%M:%S.%fZ'
2026-08-12 23:24:48 | WARNING | Could not parse candle datetime '2026-01-06 12:02:00': time data '2026-01-06 12:02:00' does not match format '%Y-%m-%dT%H:%M:%S.%fZ'
2026-08-12 23:24:48 | WARNING | Could not parse candle datetime '2026-01-06 12:03:00': time data '2026-01-06 12:03:00' does not match format '%Y-%m-%dT%H:%M:%S.%fZ'
2026-08-12 23:24:48 | WARNING | Could not parse candle datetime '2026-01-06 12:04:00': time data '2026-01-06 12:04:00' does not match format '%Y-%m-%dT%H:%M:%S.%fZ'
2026-08-12 23:24:48 | WARNING | Could not parse candle datetime '2026-01-06 12:05:00': time data '2026-01-06 12:05:00' does not match format '%Y-%m-%dT%H:%M:%S.%fZ'
2026-08-12 23:24:48 | WARNING | Could not parse candle datetime '2026-01-06 12:06:00': time data '2026-01-06 12:06:00' does not match format '%Y-%m-%dT%H:%M:%S.%fZ'
2026-08-12 23:24:48 | WARNING | Could not parse candle datetime '2026-01-06 12:07:00': time data '2026-01-06 12:07:00' does not match format '%Y-%m-%dT%H:%M:%S.%fZ'
2026-08-12 23:24:48 | WARNING | Could not parse candle datetime '2026-01-06 12:08:00': time data '2026-01-06 12:08:00' does not match format '%Y-%m-%dT%H:%M:%S.%fZ'
2026-08-12 23:24:48 | WARNING | Could not parse candle datetime '2026-01-06 12:09:00': time data '2026-01-06 12:09:00' does not match format '%Y-%m-%dT%H:%M:%S.%fZ'
2026-08-12 23:24:48 | WARNING | Could not parse candle datetime '2026-01-06 12:10:00': time data '2026-01-06 12:10:00' does not match format '%Y-%m-%dT%H:%M:%S.%fZ'
2026-08-12 23:24:48 | WARNING | Could not parse candle datetime '2026-01-06 12:11:00': time data '2026-01-06 12:11:00' does not match format '%Y-%m-%dT%H:%M:%S.%fZ'
2026-08-12 23:24:48 | WARNING | Could not parse candle datetime '2026-01-06 12:12:00': time data '2026-01-06 12:12:00' does not match format '%Y-%m-%dT%H:%M:%S.%fZ'
2026-08-12 23:24:48 | WARNING | Could not parse candle datetime '2026-01-06 12:13:00': time data '2026-01-06 12:13:00' does not match format '%Y-%m-%dT%H:%M:%S.%fZ'
2026-08-12 23:24:48 | WARNING | Could not parse candle datetime '2026-01-06 12:14:00': time data '2026-01-06 12:14:00' does not match format '%Y-%m-%dT%H:%M:%S.%fZ'
2026-08-12 23:24:48 | WARNING | Could not parse candle datetime '2026-01-06 12:15:00': time data '2026-01-06 12:15:00' does not match format '%Y-%m-%dT%H:%M:%S.%fZ'
2026-08-12 23:24:48 | WARNING | Could not parse candle datetime '2026-01-06 12:16:00': time data '2026-01-06 12:16:00' does not match format '%Y-%m-%dT%H:%M:%S.%fZ'
2026-08-12 23:24:48 | WARNING | Could not parse candle datetime '2026-01-06 12:17:00': time data '2026-01-06 12:17:00' does not match format '%Y-%m-%dT%H:%M:%S.%fZ'
2026-08-12 23:24:48 | WARNING | Could not parse candle datetime '2026-01-06 12:18:00': time data '2026-01-06 12:18:00' does not match format '%Y-%m-%dT%H:%M:%S.%fZ'
2026-08-12 23:24:48 | WARNING | Could not parse candle datetime '2026-01-06 12:19:00': time data '2026-01-06 12:19:00' does not match format '%Y-%m-%dT%H:%M:%S.%fZ'
2026-08-12 23:24:48 | WARNING | Could not parse candle datetime '2026-01-06 12:20:00': time data '2026-01-06 12:20:00' does not match format '%Y-%m-%dT%H:%M:%S.%fZ'
2026-08-12 23:24:48 | WARNING | Could not parse candle datetime '2026-01-06 12:21:00': time data '2026-01-06 12:21:00' does not match format '%Y-%m-%dT%H:%M:%S.%fZ'
2026-08-12 23:24:48 | WARNING | Could not parse candle datetime '2026-01-06 12:22:00': time data '2026-01-06 12:22:00' does not match format '%Y-%m-%dT%H:%M:%S.%fZ'
2026-08-12 23:24:48 | WARNING | Could not parse candle datetime '2026-01-06 12:23:00': time data '2026-01-06 12:23:00' does not match format '%Y-%m-%dT%H:%M:%S.%fZ'
2026-08-12 23:24:48 | WARNING | Could not parse candle datetime '2026-01-06 12:24:00': time data '2026-01-06 12:24:00' does not match format '%Y-%m-%dT%H:%M:%S.%fZ'
2026-08-12 23:24:48 | WARNING | Could not parse candle datetime '2026-01-06 12:25:00': time data '2026-01-06 12:25:00' does not match format '%Y-%m-%dT%H:%M:%S.%fZ'
2026-08-12 23:24:48 | WARNING | Could not parse candle datetime '2026-01-06 12:26:00': time data '2026-01-06 12:26:00' does not match format '%Y-%m-%dT%H:%M:%S.%fZ'
2026-08-12 23:24:48 | WARNING | Could not parse candle datetime '2026-01-06 12:27:00': time data '2026-01-06 12:27:00' does not match format '%Y-%m-%dT%H:%M:%S.%fZ'
2026-08-12 23:24:48 | WARNING | Could not parse candle datetime '2026-01-06 12:28:00': time data '2026-01-06 12:28:00' does not match format '%Y-%m-%dT%H:%M:%S.%fZ'
2026-08-12 23:24:48 | WARNING | Could not parse candle datetime '2026-01-06 12:29:00': time data '2026-01-06 12:29:00' does not match format '%Y-%m-%dT%H:%M:%S.%fZ'
2026-08-12 23:24:48 | WARNING | Could not parse candle datetime '2026-01-06 12:30:00': time data '2026-01-06 12:30:00' does not match format '%Y-%m-%dT%H:%M:%S.%fZ'
2026-08-12 23:24:48 | WARNING | Could not parse candle datetime '2026-01-06 12:31:00': time data '2026-01-06 12:31:00' does not match format '%Y-%m-%dT%H:%M:%S.%fZ'
2026-08-12 23:24:48 | WARNING | Could not parse candle datetime '2026-01-06 12:32:00': time data '2026-01-06 12:32:00' does not match format '%Y-%m-%dT%H:%M:%S.%fZ'
2026-08-12 23:24:48 | WARNING | Could not parse candle datetime '2026-01-06 12:33:00': time data '2026-01-06 12:33:00' does not match format '%Y-%m-%dT%H:%M:%S.%fZ'
2026-08-12 23:24:48 | WARNING | Could not parse candle datetime '2026-01-06 12:34:00': time data '2026-01-06 12:34:00' does not match format '%Y-%m-%dT%H:%M:%S.%fZ'
2026-08-12 23:24:48 | WARNING | Could not parse candle datetime '2026-01-06 12:35:00': time data '2026-01-06 12:35:00' does not match format '%Y-%m-%dT%H:%M:%S.%fZ'
2026-08-12 23:24:48 | WARNING | Could not parse candle datetime '2026-01-06 12:36:00': time data '2026-01-06 12:36:00' does not match format '%Y-%m-%dT%H:%M:%S.%fZ'
2026-08-12 23:24:48 | WARNING | Could not parse candle datetime '2026-01-06 12:37:00': time data '2026-01-06 12:37:00' does not match format '%Y-%m-%dT%H:%M:%S.%fZ'
2026-08-12 23:24:48 | WARNING | Could not parse candle datetime '2026-01-06 12:38:00': time data '2026-01-06 12:38:00' does not match format '%Y-%m-%dT%H:%M:%S.%fZ'
2026-08-12 23:24:48 | WARNING | Could not parse candle datetime '2026-01-06 12:39:00': time data '2026-01-06 12:39:00' does not match format '%Y-%m-%dT%H:%M:%S.%fZ'
2026-08-12 23:24:48 | WARNING | Could not parse candle datetime '2026-01-06 12:40:00': time data '2026-01-06 12:40:00' does not match format '%Y-%m-%dT%H:%M:%S.%fZ'
2026-08-12 23:24:48 | WARNING | Could not parse candle datetime '2026-01-06 12:41:00': time data '2026-01-06 12:41:00' does not match format '%Y-%m-%dT%H:%M:%S.%fZ'
2026-08-12 23:24:48 | WARNING | Could not parse candle datetime '2026-01-06 12:42:00': time data '2026-01-06 12:42:00' does not match format '%Y-%m-%dT%H:%M:%S.%fZ'
2026-08-12 23:24:48 | WARNING | Could not parse candle datetime '2026-01-06 12:43:00': time data '2026-01-06 12:43:00' does not match format '%Y-%m-%dT%H:%M:%S.%fZ'
2026-08-12 23:24:48 | WARNING | Could not parse candle datetime '2026-01-06 12:44:00': time data '2026-01-06 12:44:00' does not match format '%Y-%m-%dT%H:%M:%S.%fZ'
2026-08-12 23:24:48 | WARNING | Could not parse candle datetime '2026-01-06 12:45:00': time data '2026-01-06 12:45:00' does not match format '%Y-%m-%dT%H:%M:%S.%fZ'
2026-08-12 23:24:48 | WARNING | Could not parse candle datetime '2026-01-06 12:46:00': time data '2026-01-06 12:46:00' does not match format '%Y-%m-%dT%H:%M:%S.%fZ'
2026-08-12 23:24:48 | WARNING | Could not parse candle datetime '2026-01-06 12:47:00': time data '2026-01-06 12:47:00' does not match format '%Y-%m-%dT%H:%M:%S.%fZ'
2026-08-12 23:24:48 | WARNING | Could not parse candle datetime '2026-01-06 12:48:00': time data '2026-01-06 12:48:00' does not match format '%Y-%m-%dT%H:%M:%S.%fZ'
2026-08-12 23:24:48 | WARNING | Could not parse candle datetime '2026-01-06 12:49:00': time data '2026-01-06 12:49:00' does not match format '%Y-%m-%dT%H:%M:%S.%fZ'
2026-08-12 23:24:48 | WARNING | Could not parse candle datetime '2026-01-06 12:50:00': time data '2026-01-06 12:50:00' does not match format '%Y-%m-%dT%H:%M:%S.%fZ'
2026-08-12 23:24:48 | WARNING | Could not parse candle datetime '2026-01-06 12:51:00': time data '2026-01-06 12:51:00' does not match format '%Y-%m-%dT%H:%M:%S.%fZ'
2026-08-12 23:24:48 | WARNING | Could not parse candle datetime '2026-01-06 12:52:00': time data '2026-01-06 12:52:00' does not match format '%Y-%m-%dT%H:%M:%S.%fZ'
2026-08-12 23:24:48 | WARNING | Could not parse candle datetime '2026-01-06 12:53:00': time data '2026-01-06 12:53:00' does not match format '%Y-%m-%dT%H:%M:%S.%fZ'
2026-08-12 23:24:48 | WARNING | Could not parse candle datetime '2026-01-06 12:54:00': time data '2026-01-06 12:54:00' does not match format '%Y-%m-%dT%H:%M:%S.%fZ'
2026-08-12 23:24:48 | WARNING | Could not parse candle datetime '2026-01-06 12:55:00': time data '2026-01-06 12:55:00' does not match format '%Y-%m-%dT%H:%M:%S.%fZ'
2026-08-12 23:24:48 | WARNING | Could not parse candle datetime '2026-01-06 12:56:00': time data '2026-01-06 12:56:00' does not match format '%Y-%m-%dT%H:%M:%S.%fZ'
2026-08-12 23:24:48 | WARNING | Could not parse candle datetime '2026-01-06 12:57:00': time data '2026-01-06 12:57:00' does not match format '%Y-%m-%dT%H:%M:%S.%fZ'
2026-08-12 23:24:48 | WARNING | Could not parse candle datetime '2026-01-06 12:58:00': time data '2026-01-06 12:58:00' does not match format '%Y-%m-%dT%H:%M:%S.%fZ'
2026-08-12 23:24:48 | WARNING | Could not parse candle datetime '2026-01-06 12:59:00': time data '2026-01-06 12:59:00' does not match format '%Y-%m-%dT%H:%M:%S.%fZ'
2026-08-12 23:24:48 | WARNING | Could not parse candle datetime '2026-01-06 13:00:00': time data '2026-01-06 13:00:00' does not match format '%Y-%m-%dT%H:%M:%S.%fZ'
2026-08-12 23:24:48 | WARNING | Could not parse candle datetime '2026-01-06 13:01:00': time data '2026-01-06 13:01:00' does not match format '%Y-%m-%dT%H:%M:%S.%fZ'
2026-08-12 23:24:48 | WARNING | Could not parse candle datetime '2026-01-06 13:02:00': time data '2026-01-06 13:02:00' does not match format '%Y-%m-%dT%H:%M:%S.%fZ'
2026-08-12 23:24:48 | WARNING | Could not parse candle datetime '2026-01-06 13:03:00': time data '2026-01-06 13:03:00' does not match format '%Y-%m-%dT%H:%M:%S.%fZ'
2026-08-12 23:24:48 | WARNING | Could not parse candle datetime '2026-01-06 13:04:00': time data '2026-01-06 13:04:00' does not match format '%Y-%m-%dT%H:%M:%S.%fZ'
2026-08-12 23:24:48 | WARNING | Could not parse candle datetime '2026-01-06 13:05:00': time data '2026-01-06 13:05:00' does not match format '%Y-%m-%dT%H:%M:%S.%fZ'
2026-08-12 23:24:48 | WARNING | Could not parse candle datetime '2026-01-06 13:06:00': time data '2026-01-06 13:06:00' does not match format '%Y-%m-%dT%H:%M:%S.%fZ'
2026-08-12 23:24:48 | WARNING | Could not parse candle datetime '2026-01-06 13:07:00': time data '2026-01-06 13:07:00' does not match format '%Y-%m-%dT%H:%M:%S.%fZ'
2026-08-12 23:24:48 | WARNING | Could not parse candle datetime '2026-01-06 13:08:00': time data '2026-01-06 13:08:00' does not match format '%Y-%m-%dT%H:%M:%S.%fZ'
2026-08-12 23:24:48 | WARNING | Could not parse candle datetime '2026-01-06 13:09:00': time data '2026-01-06 13:09:00' does not match format '%Y-%m-%dT%H:%M:%S.%fZ'
2026-08-12 23:24:48 | WARNING | Could not parse candle datetime '2026-01-06 13:10:00': time data '2026-01-06 13:10:00' does not match format '%Y-%m-%dT%H:%M:%S.%fZ'
2026-08-12 23:24:48 | WARNING | Could not parse candle datetime '2026-01-06 13:11:00': time data '2026-01-06 13:11:00' does not match format '%Y-%m-%dT%H:%M:%S.%fZ'
2026-08-12 23:24:48 | WARNING | Could not parse candle datetime '2026-01-06 13:12:00': time data '2026-01-06 13:12:00' does not match format '%Y-%m-%dT%H:%M:%S.%fZ'
2026-08-12 23:24:48 | WARNING | Could not parse candle datetime '2026-01-06 13:13:00': time data '2026-01-06 13:13:00' does not match format '%Y-%m-%dT%H:%M:%S.%fZ'
2026-08-12 23:24:48 | WARNING | Could not parse candle datetime '2026-01-06 13:14:00': time data '2026-01-06 13:14:00' does not match format '%Y-%m-%dT%H:%M:%S.%fZ'
2026-08-12 23:24:48 | WARNING | Could not parse candle datetime '2026-01-06 13:15:00': time data '2026-01-06 13:15:00' does not match format '%Y-%m-%dT%H:%M:%S.%fZ'
2026-08-12 23:24:48 | WARNING | Could not parse candle datetime '2026-01-06 13:16:00': time data '2026-01-06 13:16:00' does not match format '%Y-%m-%dT%H:%M:%S.%fZ'
2026-08-12 23:24:48 | WARNING | Could not parse candle datetime '2026-01-06 13:17:00': time data '2026-01-06 13:17:00' does not match format '%Y-%m-%dT%H:%M:%S.%fZ'
2026-08-12 23:24:48 | WARNING | Could not parse candle datetime '2026-01-06 13:18:00': time data '2026-01-06 13:18:00' does not match format '%Y-%m-%dT%H:%M:%S.%fZ'
2026-08-12 23:24:48 | WARNING | Could not parse candle datetime '2026-01-06 13:19:00': time data '2026-01-06 13:19:00' does not match format '%Y-%m-%dT%H:%M:%S.%fZ'
2026-08-12 23:24:48 | WARNING | Could not parse candle datetime '2026-01-06 13:20:00': time data '2026-01-06 13:20:00' does not match format '%Y-%m-%dT%H:%M:%S.%fZ'
2026-08-12 23:24:48 | WARNING | Could not parse candle datetime '2026-01-06 13:21:00': time data '2026-01-06 13:21:00' does not match format '%Y-%m-%dT%H:%M:%S.%fZ'
2026-08-12 23:24:48 | WARNING | Could not parse candle datetime '2026-01-06 13:22:00': time data '2026-01-06 13:22:00' does not match format '%Y-%m-%dT%H:%M:%S.%fZ'
2026-08-12 23:24:48 | WARNING | Could not parse candle datetime '2026-01-06 13:23:00': time data '2026-01-06 13:23:00' does not match format '%Y-%m-%dT%H:%M:%S.%fZ'
2026-08-12 23:24:48 | WARNING | Could not parse candle datetime '2026-01-06 13:24:00': time data '2026-01-06 13:24:00' does not match format '%Y-%m-%dT%H:%M:%S.%fZ'
2026-08-12 23:24:48 | WARNING | Could not parse candle datetime '2026-01-06 13:25:00': time data '2026-01-06 13:25:00' does not match format '%Y-%m-%dT%H:%M:%S.%fZ'
2026-08-12 23:24:48 | WARNING | Could not parse candle datetime '2026-01-06 13:26:00': time data '2026-01-06 13:26:00' does not match format '%Y-%m-%dT%H:%M:%S.%fZ'
2026-08-12 23:24:48 | WARNING | Could not parse candle datetime '2026-01-06 13:27:00': time data '2026-01-06 13:27:00' does not match format '%Y-%m-%dT%H:%M:%S.%fZ'
2026-08-12 23:24:48 | WARNING | Could not parse candle datetime '2026-01-06 13:28:00': time data '2026-01-06 13:28:00' does not match format '%Y-%m-%dT%H:%M:%S.%fZ'
2026-08-12 23:24:48 | WARNING | Could not parse candle datetime '2026-01-06 13:29:00': time data '2026-01-06 13:29:00' does not match format '%Y-%m-%dT%H:%M:%S.%fZ'
2026-08-12 23:24:48 | WARNING | Could not parse candle datetime '2026-01-06 13:30:00': time data '2026-01-06 13:30:00' does not match format '%Y-%m-%dT%H:%M:%S.%fZ'
2026-08-12 23:24:48 | WARNING | Could not parse candle datetime '2026-01-06 13:31:00': time data '2026-01-06 13:31:00' does not match format '%Y-%m-%dT%H:%M:%S.%fZ'
2026-08-12 23:24:48 | WARNING | Could not parse candle datetime '2026-01-06 13:32:00': time data '2026-01-06 13:32:00' does not match format '%Y-%m-%dT%H:%M:%S.%fZ'
2026-08-12 23:24:48 | WARNING | Could not parse candle datetime '2026-01-06 13:33:00': time data '2026-01-06 13:33:00' does not match format '%Y-%m-%dT%H:%M:%S.%fZ'
2026-08-12 23:24:48 | WARNING | Could not parse candle datetime '2026-01-06 13:34:00': time data '2026-01-06 13:34:00' does not match format '%Y-%m-%dT%H:%M:%S.%fZ'
2026-08-12 23:24:48 | WARNING | Could not parse candle datetime '2026-01-06 13:35:00': time data '2026-01-06 13:35:00' does not match format '%Y-%m-%dT%H:%M:%S.%fZ'
2026-08-12 23:24:48 | WARNING | Could not parse candle datetime '2026-01-06 13:36:00': time data '2026-01-06 13:36:00' does not match format '%Y-%m-%dT%H:%M:%S.%fZ'
2026-08-12 23:24:48 | WARNING | Could not parse candle datetime '2026-01-06 13:37:00': time data '2026-01-06 13:37:00' does not match format '%Y-%m-%dT%H:%M:%S.%fZ'
2026-08-12 23:24:48 | WARNING | Could not parse candle datetime '2026-01-06 13:38:00': time data '2026-01-06 13:38:00' does not match format '%Y-%m-%dT%H:%M:%S.%fZ'
2026-08-12 23:24:48 | WARNING | Could not parse candle datetime '2026-01-06 13:39:00': time data '2026-01-06 13:39:00' does not match format '%Y-%m-%dT%H:%M:%S.%fZ'
2026-08-12 23:24:48 | WARNING | Could not parse candle datetime '2026-01-06 13:40:00': time data '2026-01-06 13:40:00' does not match format '%Y-%m-%dT%H:%M:%S.%fZ'
2026-08-12 23:24:48 | WARNING | Could not parse candle datetime '2026-01-06 13:41:00': time data '2026-01-06 13:41:00' does not match format '%Y-%m-%dT%H:%M:%S.%fZ'
2026-08-12 23:24:48 | WARNING | Could not parse candle datetime '2026-01-06 13:42:00': time data '2026-01-06 13:42:00' does not match format '%Y-%m-%dT%H:%M:%S.%fZ'
2026-08-12 23:24:48 | WARNING | Could not parse candle datetime '2026-01-06 13:43:00': time data '2026-01-06 13:43:00' does not match format '%Y-%m-%dT%H:%M:%S.%fZ'
2026-08-12 23:24:48 | WARNING | Could not parse candle datetime '2026-01-06 13:44:00': time data '2026-01-06 13:44:00' does not match format '%Y-%m-%dT%H:%M:%S.%fZ'
2026-08-12 23:24:48 | WARNING | Could not parse candle datetime '2026-01-06 13:45:00': time data '2026-01-06 13:45:00' does not match format '%Y-%m-%dT%H:%M:%S.%fZ'
2026-08-12 23:24:48 | WARNING | Could not parse candle datetime '2026-01-06 13:46:00': time data '2026-01-06 13:46:00' does not match format '%Y-%m-%dT%H:%M:%S.%fZ'
2026-08-12 23:24:48 | WARNING | Could not parse candle datetime '2026-01-06 13:47:00': time data '2026-01-06 13:47:00' does not match format '%Y-%m-%dT%H:%M:%S.%fZ'
2026-08-12 23:24:48 | WARNING | Could not parse candle datetime '2026-01-06 13:48:00': time data '2026-01-06 13:48:00' does not match format '%Y-%m-%dT%H:%M:%S.%fZ'
2026-08-12 23:24:48 | WARNING | Could not parse candle datetime '2026-01-06 13:49:00': time data '2026-01-06 13:49:00' does not match format '%Y-%m-%dT%H:%M:%S.%fZ'
2026-08-12 23:24:48 | WARNING | Could not parse candle datetime '2026-01-06 13:50:00': time data '2026-01-06 13:50:00' does not match format '%Y-%m-%dT%H:%M:%S.%fZ'
2026-08-12 23:24:48 | WARNING | Could not parse candle datetime '2026-01-06 13:51:00': time data '2026-01-06 13:51:00' does not match format '%Y-%m-%dT%H:%M:%S.%fZ'
2026-08-12 23:24:48 | WARNING | Could not parse candle datetime '2026-01-06 13:52:00': time data '2026-01-06 13:52:00' does not match format '%Y-%m-%dT%H:%M:%S.%fZ'
2026-08-12 23:24:48 | WARNING | Could not parse candle datetime '2026-01-06 13:53:00': time data '2026-01-06 13:53:00' does not match format '%Y-%m-%dT%H:%M:%S.%fZ'
2026-08-12 23:24:48 | WARNING | Could not parse candle datetime '2026-01-06 13:54:00': time data '2026-01-06 13:54:00' does not match format '%Y-%m-%dT%H:%M:%S.%fZ'
2026-08-12 23:24:48 | WARNING | Could not parse candle datetime '2026-01-06 13:55:00': time data '2026-01-06 13:55:00' does not match format '%Y-%m-%dT%H:%M:%S.%fZ'
2026-08-12 23:24:48 | WARNING | Could not parse candle datetime '2026-01-06 13:56:00': time data '2026-01-06 13:56:00' does not match format '%Y-%m-%dT%H:%M:%S.%fZ'
2026-08-12 23:24:48 | WARNING | Could not parse candle datetime '2026-01-06 13:57:00': time data '2026-01-06 13:57:00' does not match format '%Y-%m-%dT%H:%M:%S.%fZ'
2026-08-12 23:24:48 | WARNING | Could not parse candle datetime '2026-01-06 13:58:00': time data '2026-01-06 13:58:00' does not match format '%Y-%m-%dT%H:%M:%S.%fZ'
2026-08-12 23:24:48 | WARNING | Could not parse candle datetime '2026-01-06 13:59:00': time data '2026-01-06 13:59:00' does not match format '%Y-%m-%dT%H:%M:%S.%fZ'
2026-08-12 23:24:48 | WARNING | Could not parse candle datetime '2026-01-06 14:00:00': time data '2026-01-06 14:00:00' does not match format '%Y-%m-%dT%H:%M:%S.%fZ'
2026-08-12 23:24:48 | WARNING | Could not parse candle datetime '2026-01-06 14:01:00': time data '2026-01-06 14:01:00' does not match format '%Y-%m-%dT%H:%M:%S.%fZ'
2026-08-12 23:24:48 | WARNING | Could not parse candle datetime '2026-01-06 14:02:00': time data '2026-01-06 14:02:00' does not match format '%Y-%m-%dT%H:%M:%S.%fZ'
2026-08-12 23:24:48 | WARNING | Could not parse candle datetime '2026-01-06 14:03:00': time data '2026-01-06 14:03:00' does not match format '%Y-%m-%dT%H:%M:%S.%fZ'
2026-08-12 23:24:48 | WARNING | Could not parse candle datetime '2026-01-06 14:04:00': time data '2026-01-06 14:04:00' does not match format '%Y-%m-%dT%H:%M:%S.%fZ'
2026-08-12 23:24:48 | WARNING | Could not parse candle datetime '2026-01-06 14:05:00': time data '2026-01-06 14:05:00' does not match format '%Y-%m-%dT%H:%M:%S.%fZ'
2026-08-12 23:24:48 | WARNING | Could not parse candle datetime '2026-01-06 14:06:00': time data '2026-01-06 14:06:00' does not match format '%Y-%m-%dT%H:%M:%S.%fZ'
2026-08-12 23:24:48 | WARNING | Could not parse candle datetime '2026-01-06 14:07:00': time data '2026-01-06 14:07:00' does not match format '%Y-%m-%dT%H:%M:%S.%fZ'
2026-08-12 23:24:48 | WARNING | Could not parse candle datetime '2026-01-06 14:08:00': time data '2026-01-06 14:08:00' does not match format '%Y-%m-%dT%H:%M:%S.%fZ'
2026-08-12 23:24:48 | WARNING | Could not parse candle datetime '2026-01-06 14:09:00': time data '2026-01-06 14:09:00' does not match format '%Y-%m-%dT%H:%M:%S.%fZ'
2026-08-12 23:24:48 | WARNING | Could not parse candle datetime '2026-01-06 14:10:00': time data '2026-01-06 14:10:00' does not match format '%Y-%m-%dT%H:%M:%S.%fZ'
2026-08-12 23:24:48 | WARNING | Could not parse candle datetime '2026-01-06 14:11:00': time data '2026-01-06 14:11:00' does not match format '%Y-%m-%dT%H:%M:%S.%fZ'
2026-08-12 23:24:48 | WARNING | Could not parse candle datetime '2026-01-06 14:12:00': time data '2026-01-06 14:12:00' does not match format '%Y-%m-%dT%H:%M:%S.%fZ'
2026-08-12 23:24:48 | WARNING | Could not parse candle datetime '2026-01-06 14:13:00': time data '2026-01-06 14:13:00' does not match format '%Y-%m-%dT%H:%M:%S.%fZ'
2026-08-12 23:24:48 | WARNING | Could not parse candle datetime '2026-01-06 14:14:00': time data '2026-01-06 14:14:00' does not match format '%Y-%m-%dT%H:%M:%S.%fZ'
2026-08-12 23:24:48 | WARNING | Could not parse candle datetime '2026-01-06 14:15:00': time data '2026-01-06 14:15:00' does not match format '%Y-%m-%dT%H:%M:%S.%fZ'
2026-08-12 23:24:48 | WARNING | Could not parse candle datetime '2026-01-06 14:16:00': time data '2026-01-06 14:16:00' does not match format '%Y-%m-%dT%H:%M:%S.%fZ'
2026-08-12 23:24:48 | WARNING | Could not parse candle datetime '2026-01-06 14:17:00': time data '2026-01-06 14:17:00' does not match format '%Y-%m-%dT%H:%M:%S.%fZ'
2026-08-12 23:24:48 | WARNING | Could not parse candle datetime '2026-01-06 14:18:00': time data '2026-01-06 14:18:00' does not match format '%Y-%m-%dT%H:%M:%S.%fZ'
2026-08-12 23:24:48 | WARNING | Could not parse candle datetime '2026-01-06 14:19:00': time data '2026-01-06 14:19:00' does not match format '%Y-%m-%dT%H:%M:%S.%fZ'
2026-08-12 23:24:48 | WARNING | Could not parse candle datetime '2026-01-06 14:20:00': time data '2026-01-06 14:20:00' does not match format '%Y-%m-%dT%H:%M:%S.%fZ'
2026-08-12 23:24:48 | WARNING | Could not parse candle datetime '2026-01-06 14:21:00': time data '2026-01-06 14:21:00' does not match format '%Y-%m-%dT%H:%M:%S.%fZ'
2026-08-12 23:24:48 | WARNING | Could not parse candle datetime '2026-01-06 14:22:00': time data '2026-01-06 14:22:00' does not match format '%Y-%m-%dT%H:%M:%S.%fZ'
2026-08-12 23:24:48 | WARNING | Could not parse candle datetime '2026-01-06 14:23:00': time data '2026-01-06 14:23:00' does not match format '%Y-%m-%dT%H:%M:%S.%fZ'
2026-08-12 23:24:48 | WARNING | Could not parse candle datetime '2026-01-06 14:24:00': time data '2026-01-06 14:24:00' does not match format '%Y-%m-%dT%H:%M:%S.%fZ'
2026-08-12 23:24:48 | WARNING | Could not parse candle datetime '2026-01-06 14:25:00': time data '2026-01-06 14:25:00' does not match format '%Y-%m-%dT%H:%M:%S.%fZ'
2026-08-12 23:24:48 | WARNING | Could not parse candle datetime '2026-01-06 14:26:00': time data '2026-01-06 14:26:00' does not match format '%Y-%m-%dT%H:%M:%S.%fZ'
2026-08-12 23:24:48 | WARNING | Could not parse candle datetime '2026-01-06 14:27:00': time data '2026-01-06 14:27:00' does not match format '%Y-%m-%dT%H:%M:%S.%fZ'
2026-08-12 23:24:48 | WARNING | Could not parse candle datetime '2026-01-06 14:28:00': time data '2026-01-06 14:28:00' does not match format '%Y-%m-%dT%H:%M:%S.%fZ'
2026-08-12 23:24:48 | WARNING | Could not parse candle datetime '2026-01-06 14:29:00': time data '2026-01-06 14:29:00' does not match format '%Y-%m-%dT%H:%M:%S.%fZ'
2026-08-12 23:24:48 | WARNING | Could not parse candle datetime '2026-01-06 14:30:00': time data '2026-01-06 14:30:00' does not match format '%Y-%m-%dT%H:%M:%S.%fZ'
2026-08-12 23:24:48 | WARNING | Could not parse candle datetime '2026-01-06 14:31:00': time data '2026-01-06 14:31:00' does not match format '%Y-%m-%dT%H:%M:%S.%fZ'
2026-08-12 23:24:48 | WARNING | Could not parse candle datetime '2026-01-06 14:32:00': time data '2026-01-06 14:32:00' does not match format '%Y-%m-%dT%H:%M:%S.%fZ'
2026-08-12 23:24:48 | WARNING | Could not parse candle datetime '2026-01-06 14:33:00': time data '2026-01-06 14:33:00' does not match format '%Y-%m-%dT%H:%M:%S.%fZ'
2026-08-12 23:24:48 | WARNING | Could not parse candle datetime '2026-01-06 14:34:00': time data '2026-01-06 14:34:00' does not match format '%Y-%m-%dT%H:%M:%S.%fZ'
2026-08-12 23:24:48 | WARNING | Could not parse candle datetime '2026-01-06 14:35:00': time data '2026-01-06 14:35:00' does not match format '%Y-%m-%dT%H:%M:%S.%fZ'
2026-08-12 23:24:48 | WARNING | Could not parse candle datetime '2026-01-06 14:36:00': time data '2026-01-06 14:36:00' does not match format '%Y-%m-%dT%H:%M:%S.%fZ'
2026-08-12 23:24:48 | WARNING | Could not parse candle datetime '2026-01-06 14:37:00': time data '2026-01-06 14:37:00' does not match format '%Y-%m-%dT%H:%M:%S.%fZ'
2026-08-12 23:24:48 | WARNING | Could not parse candle datetime '2026-01-06 14:38:00': time data '2026-01-06 14:38:00' does not match format '%Y-%m-%dT%H:%M:%S.%fZ'
2026-08-12 23:24:48 | WARNING | Could not parse candle datetime '2026-01-06 14:39:00': time data '2026-01-06 14:39:00' does not match format '%Y-%m-%dT%H:%M:%S.%fZ'
2026-08-12 23:24:48 | WARNING | Could not parse candle datetime '2026-01-06 14:40:00': time data '2026-01-06 14:40:00' does not match format '%Y-%m-%dT%H:%M:%S.%fZ'
2026-08-12 23:24:48 | WARNING | Could not parse candle datetime '2026-01-06 14:41:00': time data '2026-01-06 14:41:00' does not match format '%Y-%m-%dT%H:%M:%S.%fZ'
2026-08-12 23:24:48 | WARNING | Could not parse candle datetime '2026-01-06 14:42:00': time data '2026-01-06 14:42:00' does not match format '%Y-%m-%dT%H:%M:%S.%fZ'
2026-08-12 23:24:48 | WARNING | Could not parse candle datetime '2026-01-06 14:43:00': time data '2026-01-06 14:43:00' does not match format '%Y-%m-%dT%H:%M:%S.%fZ'
2026-08-12 23:24:48 | WARNING | Could not parse candle datetime '2026-01-06 14:44:00': time data '2026-01-06 14:44:00' does not match format '%Y-%m-%dT%H:%M:%S.%fZ'
2026-08-12 23:24:48 | WARNING | Could not parse candle datetime '2026-01-06 14:45:00': time data '2026-01-06 14:45:00' does not match format '%Y-%m-%dT%H:%M:%S.%fZ'
2026-08-12 23:24:48 | WARNING | Could not parse candle datetime '2026-01-06 14:46:00': time data '2026-01-06 14:46:00' does not match format '%Y-%m-%dT%H:%M:%S.%fZ'
2026-08-12 23:24:48 | WARNING | Could not parse candle datetime '2026-01-06 14:47:00': time data '2026-01-06 14:47:00' does not match format '%Y-%m-%dT%H:%M:%S.%fZ'
2026-08-12 23:24:48 | WARNING | Could not parse candle datetime '2026-01-06 14:48:00': time data '2026-01-06 14:48:00' does not match format '%Y-%m-%dT%H:%M:%S.%fZ'
2026-08-12 23:24:48 | WARNING | Could not parse candle datetime '2026-01-06 14:49:00': time data '2026-01-06 14:49:00' does not match format '%Y-%m-%dT%H:%M:%S.%fZ'
2026-08-12 23:24:48 | WARNING | Could not parse candle datetime '2026-01-06 14:50:00': time data '2026-01-06 14:50:00' does not match format '%Y-%m-%dT%H:%M:%S.%fZ'
2026-08-12 23:24:48 | WARNING | Could not parse candle datetime '2026-01-06 14:51:00': time data '2026-01-06 14:51:00' does not match format '%Y-%m-%dT%H:%M:%S.%fZ'
2026-08-12 23:24:48 | WARNING | Could not parse candle datetime '2026-01-06 14:52:00': time data '2026-01-06 14:52:00' does not match format '%Y-%m-%dT%H:%M:%S.%fZ'
2026-08-12 23:24:48 | WARNING | Could not parse candle datetime '2026-01-06 14:53:00': time data '2026-01-06 14:53:00' does not match format '%Y-%m-%dT%H:%M:%S.%fZ'
2026-08-12 23:24:48 | WARNING | Could not parse candle datetime '2026-01-06 14:54:00': time data '2026-01-06 14:54:00' does not match format '%Y-%m-%dT%H:%M:%S.%fZ'
2026-08-12 23:24:48 | WARNING | Could not parse candle datetime '2026-01-06 14:55:00': time data '2026-01-06 14:55:00' does not match format '%Y-%m-%dT%H:%M:%S.%fZ'
2026-08-12 23:24:48 | WARNING | Could not parse candle datetime '2026-01-06 14:56:00': time data '2026-01-06 14:56:00' does not match format '%Y-%m-%dT%H:%M:%S.%fZ'
2026-08-12 23:24:48 | WARNING | Could not parse candle datetime '2026-01-06 14:57:00': time data '2026-01-06 14:57:00' does not match format '%Y-%m-%dT%H:%M:%S.%fZ'
2026-08-12 23:24:48 | WARNING | Could not parse candle datetime '2026-01-06 14:58:00': time data '2026-01-06 14:58:00' does not match format '%Y-%m-%dT%H:%M:%S.%fZ'
2026-08-12 23:24:48 | WARNING | Could not parse candle datetime '2026-01-06 14:59:00': time data '2026-01-06 14:59:00' does not match format '%Y-%m-%dT%H:%M:%S.%fZ'
2026-08-12 23:24:48 | WARNING | Could not parse candle datetime '2026-01-06 15:00:00': time data '2026-01-06 15:00:00' does not match format '%Y-%m-%dT%H:%M:%S.%fZ'
2026-08-12 23:24:48 | WARNING | Could not parse candle datetime '2026-01-06 15:01:00': time data '2026-01-06 15:01:00' does not match format '%Y-%m-%dT%H:%M:%S.%fZ'
2026-08-12 23:24:48 | WARNING | Could not parse candle datetime '2026-01-06 15:02:00': time data '2026-01-06 15:02:00' does not match format '%Y-%m-%dT%H:%M:%S.%fZ'
2026-08-12 23:24:48 | WARNING | Could not parse candle datetime '2026-01-06 15:03:00': time data '2026-01-06 15:03:00' does not match format '%Y-%m-%dT%H:%M:%S.%fZ'
2026-08-12 23:24:48 | WARNING | Could not parse candle datetime '2026-01-06 15:04:00': time data '2026-01-06 15:04:00' does not match format '%Y-%m-%dT%H:%M:%S.%fZ'
2026-08-12 23:24:48 | WARNING | Could not parse candle datetime '2026-01-06 15:05:00': time data '2026-01-06 15:05:00' does not match format '%Y-%m-%dT%H:%M:%S.%fZ'
2026-08-12 23:24:48 | WARNING | Could not parse candle datetime '2026-01-06 15:06:00': time data '2026-01-06 15:06:00' does not match format '%Y-%m-%dT%H:%M:%S.%fZ'
2026-08-12 23:24:48 | WARNING | Could not parse candle datetime '2026-01-06 15:07:00': time data '2026-01-06 15:07:00' does not match format '%Y-%m-%dT%H:%M:%S.%fZ'
2026-08-12 23:24:48 | WARNING | Could not parse candle datetime '2026-01-06 15:08:00': time data '2026-01-06 15:08:00' does not match format '%Y-%m-%dT%H:%M:%S.%fZ'
2026-08-12 23:24:48 | WARNING | Could not parse candle datetime '2026-01-06 15:09:00': time data '2026-01-06 15:09:00' does not match format '%Y-%m-%dT%H:%M:%S.%fZ'
2026-08-12 23:24:48 | WARNING | Could not parse candle datetime '2026-01-06 15:10:00': time data '2026-01-06 15:10:00' does not match format '%Y-%m-%dT%H:%M:%S.%fZ'
2026-08-12 23:24:48 | WARNING | Could not parse candle datetime '2026-01-06 15:11:00': time data '2026-01-06 15:11:00' does not match format '%Y-%m-%dT%H:%M:%S.%fZ'
2026-08-12 23:24:48 | WARNING | Could not parse candle datetime '2026-01-06 15:12:00': time data '2026-01-06 15:12:00' does not match format '%Y-%m-%dT%H:%M:%S.%fZ'
2026-08-12 23:24:48 | WARNING | Could not parse candle datetime '2026-01-06 15:13:00': time data '2026-01-06 15:13:00' does not match format '%Y-%m-%dT%H:%M:%S.%fZ'
2026-08-12 23:24:48 | WARNING | Could not parse candle datetime '2026-01-06 15:14:00': time data '2026-01-06 15:14:00' does not match format '%Y-%m-%dT%H:%M:%S.%fZ'
2026-08-12 23:24:48 | WARNING | Could not parse candle datetime '2026-01-06 15:15:00': time data '2026-01-06 15:15:00' does not match format '%Y-%m-%dT%H:%M:%S.%fZ'
2026-08-12 23:24:48 | WARNING | Could not parse candle datetime '2026-01-06 15:16:00': time data '2026-01-06 15:16:00' does not match format '%Y-%m-%dT%H:%M:%S.%fZ'
2026-08-12 23:24:48 | WARNING | Could not parse candle datetime '2026-01-06 15:17:00': time data '2026-01-06 15:17:00' does not match format '%Y-%m-%dT%H:%M:%S.%fZ'
2026-08-12 23:24:48 | WARNING | Could not parse candle datetime '2026-01-06 15:18:00': time data '2026-01-06 15:18:00' does not match format '%Y-%m-%dT%H:%M:%S.%fZ'
2026-08-12 23:24:48 | WARNING | Could not parse candle datetime '2026-01-06 15:19:00': time data '2026-01-06 15:19:00' does not match format '%Y-%m-%dT%H:%M:%S.%fZ'
2026-08-12 23:24:48 | WARNING | Could not parse candle datetime '2026-01-06 15:20:00': time data '2026-01-06 15:20:00' does not match format '%Y-%m-%dT%H:%M:%S.%fZ'
2026-08-12 23:24:48 | WARNING | Could not parse candle datetime '2026-01-06 15:21:00': time data '2026-01-06 15:21:00' does not match format '%Y-%m-%dT%H:%M:%S.%fZ'
2026-08-12 23:24:48 | WARNING | Could not parse candle datetime '2026-01-06 15:22:00': time data '2026-01-06 15:22:00' does not match format '%Y-%m-%dT%H:%M:%S.%fZ'
2026-08-12 23:24:48 | WARNING | Could not parse candle datetime '2026-01-06 15:23:00': time data '2026-01-06 15:23:00' does not match format '%Y-%m-%dT%H:%M:%S.%fZ'
2026-08-12 23:24:48 | WARNING | Could not parse candle datetime '2026-01-06 15:24:00': time data '2026-01-06 15:24:00' does not match format '%Y-%m-%dT%H:%M:%S.%fZ'
2026-08-12 23:24:48 | WARNING | Could not parse candle datetime '2026-01-06 15:25:00': time data '2026-01-06 15:25:00' does not match format '%Y-%m-%dT%H:%M:%S.%fZ'
2026-08-12 23:24:48 | WARNING | Could not parse candle datetime '2026-01-06 15:26:00': time data '2026-01-06 15:26:00' does not match format '%Y-%m-%dT%H:%M:%S.%fZ'
2026-08-12 23:24:48 | WARNING | Could not parse candle datetime '2026-01-06 15:27:00': time data '2026-01-06 15:27:00' does not match format '%Y-%m-%dT%H:%M:%S.%fZ'
2026-08-12 23:24:48 | WARNING | Could not parse candle datetime '2026-01-06 15:28:00': time data '2026-01-06 15:28:00' does not match format '%Y-%m-%dT%H:%M:%S.%fZ'
2026-08-12 23:24:48 | WARNING | Could not parse candle datetime '2026-01-06 15:29:00': time data '2026-01-06 15:29:00' does not match format '%Y-%m-%dT%H:%M:%S.%fZ'
2026-08-12 23:24:48 | WARNING | Could not parse candle datetime '2026-01-06 15:30:00': time data '2026-01-06 15:30:00' does not match format '%Y-%m-%dT%H:%M:%S.%fZ'
2026-08-12 23:24:48 | WARNING | Could not parse candle datetime '2026-01-06 15:31:00': time data '2026-01-06 15:31:00' does not match format '%Y-%m-%dT%H:%M:%S.%fZ'
2026-08-12 23:24:48 | INFO | Saved 2026-01-05: 0 candles -> data/raw/breeze\RELIND\1m\2026\01\2026-01-05.json
2026-08-12 23:24:48 | INFO | Saved 2026-01-06: 0 candles -> data/raw/breeze\RELIND\1m\2026\01\2026-01-06.json
2026-08-12 23:24:48 | INFO | Next trading day: 2026-01-07
2026-08-12 23:24:48 | INFO | Waiting 1.0 seconds...
2026-08-12 23:24:49 | INFO | 
2026-08-12 23:24:49 | INFO | ======================================================================
2026-08-12 23:24:49 | INFO | CHUNK #3
2026-08-12 23:24:49 | INFO | Trading days: 2026-01-07 -> 2026-01-08
2026-08-12 23:24:49 | INFO | Request: 2026-01-07T09:00:00.000Z -> 2026-01-08T15:45:00.000Z
2026-08-12 23:24:49 | INFO | ======================================================================
2026-08-12 23:24:49 | INFO | API request: 2026-01-07T09:00:00.000Z -> 2026-01-08T15:45:00.000Z (attempt 1/3)
2026-08-12 23:24:50 | INFO | API returned 756 candles.
2026-08-12 23:24:50 | WARNING | Could not parse candle datetime '2026-01-07 09:07:00': time data '2026-01-07 09:07:00' does not match format '%Y-%m-%dT%H:%M:%S.%fZ'
2026-08-12 23:24:50 | WARNING | Could not parse candle datetime '2026-01-07 09:15:00': time data '2026-01-07 09:15:00' does not match format '%Y-%m-%dT%H:%M:%S.%fZ'
2026-08-12 23:24:50 | WARNING | Could not parse candle datetime '2026-01-07 09:16:00': time data '2026-01-07 09:16:00' does not match format '%Y-%m-%dT%H:%M:%S.%fZ'
2026-08-12 23:24:50 | WARNING | Could not parse candle datetime '2026-01-07 09:17:00': time data '2026-01-07 09:17:00' does not match format '%Y-%m-%dT%H:%M:%S.%fZ'
2026-08-12 23:24:50 | WARNING | Could not parse candle datetime '2026-01-07 09:18:00': time data '2026-01-07 09:18:00' does not match format '%Y-%m-%dT%H:%M:%S.%fZ'
2026-08-12 23:24:50 | WARNING | Could not parse candle datetime '2026-01-07 09:19:00': time data '2026-01-07 09:19:00' does not match format '%Y-%m-%dT%H:%M:%S.%fZ'
2026-08-12 23:24:50 | WARNING | Could not parse candle datetime '2026-01-07 09:20:00': time data '2026-01-07 09:20:00' does not match format '%Y-%m-%dT%H:%M:%S.%fZ'
2026-08-12 23:24:50 | WARNING | Could not parse candle datetime '2026-01-07 09:21:00': time data '2026-01-07 09:21:00' does not match format '%Y-%m-%dT%H:%M:%S.%fZ'
2026-08-12 23:24:50 | WARNING | Could not parse candle datetime '2026-01-07 09:22:00': time data '2026-01-07 09:22:00' does not match format '%Y-%m-%dT%H:%M:%S.%fZ'
2026-08-12 23:24:50 | WARNING | Could not parse candle datetime '2026-01-07 09:23:00': time data '2026-01-07 09:23:00' does not match format '%Y-%m-%dT%H:%M:%S.%fZ'
2026-08-12 23:24:50 | WARNING | Could not parse candle datetime '2026-01-07 09:24:00': time data '2026-01-07 09:24:00' does not match format '%Y-%m-%dT%H:%M:%S.%fZ'
2026-08-12 23:24:50 | WARNING | Could not parse candle datetime '2026-01-07 09:25:00': time data '2026-01-07 09:25:00' does not match format '%Y-%m-%dT%H:%M:%S.%fZ'
2026-08-12 23:24:50 | WARNING | Could not parse candle datetime '2026-01-07 09:26:00': time data '2026-01-07 09:26:00' does not match format '%Y-%m-%dT%H:%M:%S.%fZ'
2026-08-12 23:24:50 | WARNING | Could not parse candle datetime '2026-01-07 09:27:00': time data '2026-01-07 09:27:00' does not match format '%Y-%m-%dT%H:%M:%S.%fZ'
2026-08-12 23:24:50 | WARNING | Could not parse candle datetime '2026-01-07 09:28:00': time data '2026-01-07 09:28:00' does not match format '%Y-%m-%dT%H:%M:%S.%fZ'
2026-08-12 23:24:50 | WARNING | Could not parse candle datetime '2026-01-07 09:29:00': time data '2026-01-07 09:29:00' does not match format '%Y-%m-%dT%H:%M:%S.%fZ'
2026-08-12 23:24:50 | WARNING | Could not parse candle datetime '2026-01-07 09:30:00': time data '2026-01-07 09:30:00' does not match format '%Y-%m-%dT%H:%M:%S.%fZ'
2026-08-12 23:24:50 | WARNING | Could not parse candle datetime '2026-01-07 09:31:00': time data '2026-01-07 09:31:00' does not match format '%Y-%m-%dT%H:%M:%S.%fZ'
2026-08-12 23:24:50 | WARNING | Could not parse candle datetime '2026-01-07 09:32:00': time data '2026-01-07 09:32:00' does not match format '%Y-%m-%dT%H:%M:%S.%fZ'
2026-08-12 23:24:50 | WARNING | Could not parse candle datetime '2026-01-07 09:33:00': time data '2026-01-07 09:33:00' does not match format '%Y-%m-%dT%H:%M:%S.%fZ'
2026-08-12 23:24:50 | WARNING | Could not parse candle datetime '2026-01-07 09:34:00': time data '2026-01-07 09:34:00' does not match format '%Y-%m-%dT%H:%M:%S.%fZ'
2026-08-12 23:24:50 | WARNING | Could not parse candle datetime '2026-01-07 09:35:00': time data '2026-01-07 09:35:00' does not match format '%Y-%m-%dT%H:%M:%S.%fZ'
2026-08-12 23:24:50 | WARNING | Could not parse candle datetime '2026-01-07 09:36:00': time data '2026-01-07 09:36:00' does not match format '%Y-%m-%dT%H:%M:%S.%fZ'
2026-08-12 23:24:50 | WARNING | Could not parse candle datetime '2026-01-07 09:37:00': time data '2026-01-07 09:37:00' does not match format '%Y-%m-%dT%H:%M:%S.%fZ'
2026-08-12 23:24:50 | WARNING | Could not parse candle datetime '2026-01-07 09:38:00': time data '2026-01-07 09:38:00' does not match format '%Y-%m-%dT%H:%M:%S.%fZ'
2026-08-12 23:24:50 | WARNING | Could not parse candle datetime '2026-01-07 09:39:00': time data '2026-01-07 09:39:00' does not match format '%Y-%m-%dT%H:%M:%S.%fZ'
2026-08-12 23:24:50 | WARNING | Could not parse candle datetime '2026-01-07 09:40:00': time data '2026-01-07 09:40:00' does not match format '%Y-%m-%dT%H:%M:%S.%fZ'
2026-08-12 23:24:50 | WARNING | Could not parse candle datetime '2026-01-07 09:41:00': time data '2026-01-07 09:41:00' does not match format '%Y-%m-%dT%H:%M:%S.%fZ'
2026-08-12 23:24:50 | WARNING | Could not parse candle datetime '2026-01-07 09:42:00': time data '2026-01-07 09:42:00' does not match format '%Y-%m-%dT%H:%M:%S.%fZ'
2026-08-12 23:24:50 | WARNING | Could not parse candle datetime '2026-01-07 09:43:00': time data '2026-01-07 09:43:00' does not match format '%Y-%m-%dT%H:%M:%S.%fZ'
2026-08-12 23:24:50 | WARNING | Could not parse candle datetime '2026-01-07 09:44:00': time data '2026-01-07 09:44:00' does not match format '%Y-%m-%dT%H:%M:%S.%fZ'
2026-08-12 23:24:50 | WARNING | Could not parse candle datetime '2026-01-07 09:45:00': time data '2026-01-07 09:45:00' does not match format '%Y-%m-%dT%H:%M:%S.%fZ'
2026-08-12 23:24:50 | WARNING | Could not parse candle datetime '2026-01-07 09:46:00': time data '2026-01-07 09:46:00' does not match format '%Y-%m-%dT%H:%M:%S.%fZ'
2026-08-12 23:24:50 | WARNING | Could not parse candle datetime '2026-01-07 09:47:00': time data '2026-01-07 09:47:00' does not match format '%Y-%m-%dT%H:%M:%S.%fZ'
2026-08-12 23:24:50 | WARNING | Could not parse candle datetime '2026-01-07 09:48:00': time data '2026-01-07 09:48:00' does not match format '%Y-%m-%dT%H:%M:%S.%fZ'
2026-08-12 23:24:50 | WARNING | Could not parse candle datetime '2026-01-07 09:49:00': time data '2026-01-07 09:49:00' does not match format '%Y-%m-%dT%H:%M:%S.%fZ'
2026-08-12 23:24:50 | WARNING | Could not parse candle datetime '2026-01-07 09:50:00': time data '2026-01-07 09:50:00' does not match format '%Y-%m-%dT%H:%M:%S.%fZ'
2026-08-12 23:24:50 | WARNING | Could not parse candle datetime '2026-01-07 09:51:00': time data '2026-01-07 09:51:00' does not match format '%Y-%m-%dT%H:%M:%S.%fZ'
2026-08-12 23:24:50 | WARNING | Could not parse candle datetime '2026-01-07 09:52:00': time data '2026-01-07 09:52:00' does not match format '%Y-%m-%dT%H:%M:%S.%fZ'
2026-08-12 23:24:50 | WARNING | Could not parse candle datetime '2026-01-07 09:53:00': time data '2026-01-07 09:53:00' does not match format '%Y-%m-%dT%H:%M:%S.%fZ'
2026-08-12 23:24:50 | WARNING | Could not parse candle datetime '2026-01-07 09:54:00': time data '2026-01-07 09:54:00' does not match format '%Y-%m-%dT%H:%M:%S.%fZ'
2026-08-12 23:24:50 | WARNING | Could not parse candle datetime '2026-01-07 09:55:00': time data '2026-01-07 09:55:00' does not match format '%Y-%m-%dT%H:%M:%S.%fZ'
2026-08-12 23:24:50 | WARNING | Could not parse candle datetime '2026-01-07 09:56:00': time data '2026-01-07 09:56:00' does not match format '%Y-%m-%dT%H:%M:%S.%fZ'
2026-08-12 23:24:50 | WARNING | Could not parse candle datetime '2026-01-07 09:57:00': time data '2026-01-07 09:57:00' does not match format '%Y-%m-%dT%H:%M:%S.%fZ'
2026-08-12 23:24:50 | WARNING | Could not parse candle datetime '2026-01-07 09:58:00': time data '2026-01-07 09:58:00' does not match format '%Y-%m-%dT%H:%M:%S.%fZ'
2026-08-12 23:24:50 | WARNING | Could not parse candle datetime '2026-01-07 09:59:00': time data '2026-01-07 09:59:00' does not match format '%Y-%m-%dT%H:%M:%S.%fZ'
2026-08-12 23:24:50 | WARNING | Could not parse candle datetime '2026-01-07 10:00:00': time data '2026-01-07 10:00:00' does not match format '%Y-%m-%dT%H:%M:%S.%fZ'
2026-08-12 23:24:50 | WARNING | Could not parse candle datetime '2026-01-07 10:01:00': time data '2026-01-07 10:01:00' does not match format '%Y-%m-%dT%H:%M:%S.%fZ'
2026-08-12 23:24:50 | WARNING | Could not parse candle datetime '2026-01-07 10:02:00': time data '2026-01-07 10:02:00' does not match format '%Y-%m-%dT%H:%M:%S.%fZ'
2026-08-12 23:24:50 | WARNING | Could not parse candle datetime '2026-01-07 10:03:00': time data '2026-01-07 10:03:00' does not match format '%Y-%m-%dT%H:%M:%S.%fZ'
2026-08-12 23:24:50 | WARNING | Could not parse candle datetime '2026-01-07 10:04:00': time data '2026-01-07 10:04:00' does not match format '%Y-%m-%dT%H:%M:%S.%fZ'
2026-08-12 23:24:50 | WARNING | Could not parse candle datetime '2026-01-07 10:05:00': time data '2026-01-07 10:05:00' does not match format '%Y-%m-%dT%H:%M:%S.%fZ'
2026-08-12 23:24:50 | WARNING | Could not parse candle datetime '2026-01-07 10:06:00': time data '2026-01-07 10:06:00' does not match format '%Y-%m-%dT%H:%M:%S.%fZ'
2026-08-12 23:24:50 | WARNING | Could not parse candle datetime '2026-01-07 10:07:00': time data '2026-01-07 10:07:00' does not match format '%Y-%m-%dT%H:%M:%S.%fZ'
2026-08-12 23:24:50 | WARNING | Could not parse candle datetime '2026-01-07 10:08:00': time data '2026-01-07 10:08:00' does not match format '%Y-%m-%dT%H:%M:%S.%fZ'
2026-08-12 23:24:50 | WARNING | Could not parse candle datetime '2026-01-07 10:09:00': time data '2026-01-07 10:09:00' does not match format '%Y-%m-%dT%H:%M:%S.%fZ'
2026-08-12 23:24:50 | WARNING | Could not parse candle datetime '2026-01-07 10:10:00': time data '2026-01-07 10:10:00' does not match format '%Y-%m-%dT%H:%M:%S.%fZ'
2026-08-12 23:24:50 | WARNING | Could not parse candle datetime '2026-01-07 10:11:00': time data '2026-01-07 10:11:00' does not match format '%Y-%m-%dT%H:%M:%S.%fZ'
2026-08-12 23:24:50 | WARNING | Could not parse candle datetime '2026-01-07 10:12:00': time data '2026-01-07 10:12:00' does not match format '%Y-%m-%dT%H:%M:%S.%fZ'
2026-08-12 23:24:50 | WARNING | Could not parse candle datetime '2026-01-07 10:13:00': time data '2026-01-07 10:13:00' does not match format '%Y-%m-%dT%H:%M:%S.%fZ'
2026-08-12 23:24:50 | WARNING | Could not parse candle datetime '2026-01-07 10:14:00': time data '2026-01-07 10:14:00' does not match format '%Y-%m-%dT%H:%M:%S.%fZ'
2026-08-12 23:24:50 | WARNING | Could not parse candle datetime '2026-01-07 10:15:00': time data '2026-01-07 10:15:00' does not match format '%Y-%m-%dT%H:%M:%S.%fZ'
2026-08-12 23:24:50 | WARNING | Could not parse candle datetime '2026-01-07 10:16:00': time data '2026-01-07 10:16:00' does not match format '%Y-%m-%dT%H:%M:%S.%fZ'
2026-08-12 23:24:50 | WARNING | Could not parse candle datetime '2026-01-07 10:17:00': time data '2026-01-07 10:17:00' does not match format '%Y-%m-%dT%H:%M:%S.%fZ'
2026-08-12 23:24:50 | WARNING | Could not parse candle datetime '2026-01-07 10:18:00': time data '2026-01-07 10:18:00' does not match format '%Y-%m-%dT%H:%M:%S.%fZ'
2026-08-12 23:24:50 | WARNING | Could not parse candle datetime '2026-01-07 10:19:00': time data '2026-01-07 10:19:00' does not match format '%Y-%m-%dT%H:%M:%S.%fZ'
2026-08-12 23:24:50 | WARNING | Could not parse candle datetime '2026-01-07 10:20:00': time data '2026-01-07 10:20:00' does not match format '%Y-%m-%dT%H:%M:%S.%fZ'
2026-08-12 23:24:50 | WARNING | Could not parse candle datetime '2026-01-07 10:21:00': time data '2026-01-07 10:21:00' does not match format '%Y-%m-%dT%H:%M:%S.%fZ'
2026-08-12 23:24:50 | WARNING | Could not parse candle datetime '2026-01-07 10:22:00': time data '2026-01-07 10:22:00' does not match format '%Y-%m-%dT%H:%M:%S.%fZ'
2026-08-12 23:24:50 | WARNING | Could not parse candle datetime '2026-01-07 10:23:00': time data '2026-01-07 10:23:00' does not match format '%Y-%m-%dT%H:%M:%S.%fZ'
2026-08-12 23:24:50 | WARNING | Could not parse candle datetime '2026-01-07 10:24:00': time data '2026-01-07 10:24:00' does not match format '%Y-%m-%dT%H:%M:%S.%fZ'
2026-08-12 23:24:50 | WARNING | Could not parse candle datetime '2026-01-07 10:25:00': time data '2026-01-07 10:25:00' does not match format '%Y-%m-%dT%H:%M:%S.%fZ'
2026-08-12 23:24:50 | WARNING | Could not parse candle datetime '2026-01-07 10:26:00': time data '2026-01-07 10:26:00' does not match format '%Y-%m-%dT%H:%M:%S.%fZ'
2026-08-12 23:24:50 | WARNING | Could not parse candle datetime '2026-01-07 10:27:00': time data '2026-01-07 10:27:00' does not match format '%Y-%m-%dT%H:%M:%S.%fZ'
2026-08-12 23:24:50 | WARNING | Could not parse candle datetime '2026-01-07 10:28:00': time data '2026-01-07 10:28:00' does not match format '%Y-%m-%dT%H:%M:%S.%fZ'
2026-08-12 23:24:50 | WARNING | Could not parse candle datetime '2026-01-07 10:29:00': time data '2026-01-07 10:29:00' does not match format '%Y-%m-%dT%H:%M:%S.%fZ'
2026-08-12 23:24:50 | WARNING | Could not parse candle datetime '2026-01-07 10:30:00': time data '2026-01-07 10:30:00' does not match format '%Y-%m-%dT%H:%M:%S.%fZ'
2026-08-12 23:24:50 | WARNING | Could not parse candle datetime '2026-01-07 10:31:00': time data '2026-01-07 10:31:00' does not match format '%Y-%m-%dT%H:%M:%S.%fZ'
2026-08-12 23:24:50 | WARNING | Could not parse candle datetime '2026-01-07 10:32:00': time data '2026-01-07 10:32:00' does not match format '%Y-%m-%dT%H:%M:%S.%fZ'
2026-08-12 23:24:50 | WARNING | Could not parse candle datetime '2026-01-07 10:33:00': time data '2026-01-07 10:33:00' does not match format '%Y-%m-%dT%H:%M:%S.%fZ'
2026-08-12 23:24:50 | WARNING | Could not parse candle datetime '2026-01-07 10:34:00': time data '2026-01-07 10:34:00' does not match format '%Y-%m-%dT%H:%M:%S.%fZ'
2026-08-12 23:24:50 | WARNING | Could not parse candle datetime '2026-01-07 10:35:00': time data '2026-01-07 10:35:00' does not match format '%Y-%m-%dT%H:%M:%S.%fZ'
2026-08-12 23:24:50 | WARNING | Could not parse candle datetime '2026-01-07 10:36:00': time data '2026-01-07 10:36:00' does not match format '%Y-%m-%dT%H:%M:%S.%fZ'
2026-08-12 23:24:50 | WARNING | Could not parse candle datetime '2026-01-07 10:37:00': time data '2026-01-07 10:37:00' does not match format '%Y-%m-%dT%H:%M:%S.%fZ'
2026-08-12 23:24:50 | WARNING | Could not parse candle datetime '2026-01-07 10:38:00': time data '2026-01-07 10:38:00' does not match format '%Y-%m-%dT%H:%M:%S.%fZ'
2026-08-12 23:24:50 | WARNING | Could not parse candle datetime '2026-01-07 10:39:00': time data '2026-01-07 10:39:00' does not match format '%Y-%m-%dT%H:%M:%S.%fZ'
2026-08-12 23:24:50 | WARNING | Could not parse candle datetime '2026-01-07 10:40:00': time data '2026-01-07 10:40:00' does not match format '%Y-%m-%dT%H:%M:%S.%fZ'
2026-08-12 23:24:50 | WARNING | Could not parse candle datetime '2026-01-07 10:41:00': time data '2026-01-07 10:41:00' does not match format '%Y-%m-%dT%H:%M:%S.%fZ'
2026-08-12 23:24:50 | WARNING | Could not parse candle datetime '2026-01-07 10:42:00': time data '2026-01-07 10:42:00' does not match format '%Y-%m-%dT%H:%M:%S.%fZ'
2026-08-12 23:24:50 | WARNING | Could not parse candle datetime '2026-01-07 10:43:00': time data '2026-01-07 10:43:00' does not match format '%Y-%m-%dT%H:%M:%S.%fZ'
2026-08-12 23:24:50 | WARNING | Could not parse candle datetime '2026-01-07 10:44:00': time data '2026-01-07 10:44:00' does not match format '%Y-%m-%dT%H:%M:%S.%fZ'
2026-08-12 23:24:50 | WARNING | Could not parse candle datetime '2026-01-07 10:45:00': time data '2026-01-07 10:45:00' does not match format '%Y-%m-%dT%H:%M:%S.%fZ'
2026-08-12 23:24:50 | WARNING | Could not parse candle datetime '2026-01-07 10:46:00': time data '2026-01-07 10:46:00' does not match format '%Y-%m-%dT%H:%M:%S.%fZ'
2026-08-12 23:24:50 | WARNING | Could not parse candle datetime '2026-01-07 10:47:00': time data '2026-01-07 10:47:00' does not match format '%Y-%m-%dT%H:%M:%S.%fZ'
2026-08-12 23:24:50 | WARNING | Could not parse candle datetime '2026-01-07 10:48:00': time data '2026-01-07 10:48:00' does not match format '%Y-%m-%dT%H:%M:%S.%fZ'
2026-08-12 23:24:50 | WARNING | Could not parse candle datetime '2026-01-07 10:49:00': time data '2026-01-07 10:49:00' does not match format '%Y-%m-%dT%H:%M:%S.%fZ'
2026-08-12 23:24:50 | WARNING | Could not parse candle datetime '2026-01-07 10:50:00': time data '2026-01-07 10:50:00' does not match format '%Y-%m-%dT%H:%M:%S.%fZ'
2026-08-12 23:24:50 | WARNING | Could not parse candle datetime '2026-01-07 10:51:00': time data '2026-01-07 10:51:00' does not match format '%Y-%m-%dT%H:%M:%S.%fZ'
2026-08-12 23:24:50 | WARNING | Could not parse candle datetime '2026-01-07 10:52:00': time data '2026-01-07 10:52:00' does not match format '%Y-%m-%dT%H:%M:%S.%fZ'
2026-08-12 23:24:50 | WARNING | Could not parse candle datetime '2026-01-07 10:53:00': time data '2026-01-07 10:53:00' does not match format '%Y-%m-%dT%H:%M:%S.%fZ'
2026-08-12 23:24:50 | WARNING | Could not parse candle datetime '2026-01-07 10:54:00': time data '2026-01-07 10:54:00' does not match format '%Y-%m-%dT%H:%M:%S.%fZ'
2026-08-12 23:24:50 | WARNING | Could not parse candle datetime '2026-01-07 10:55:00': time data '2026-01-07 10:55:00' does not match format '%Y-%m-%dT%H:%M:%S.%fZ'
2026-08-12 23:24:50 | WARNING | Could not parse candle datetime '2026-01-07 10:56:00': time data '2026-01-07 10:56:00' does not match format '%Y-%m-%dT%H:%M:%S.%fZ'
2026-08-12 23:24:50 | WARNING | Could not parse candle datetime '2026-01-07 10:57:00': time data '2026-01-07 10:57:00' does not match format '%Y-%m-%dT%H:%M:%S.%fZ'
2026-08-12 23:24:50 | WARNING | Could not parse candle datetime '2026-01-07 10:58:00': time data '2026-01-07 10:58:00' does not match format '%Y-%m-%dT%H:%M:%S.%fZ'
2026-08-12 23:24:50 | WARNING | Could not parse candle datetime '2026-01-07 10:59:00': time data '2026-01-07 10:59:00' does not match format '%Y-%m-%dT%H:%M:%S.%fZ'
2026-08-12 23:24:50 | WARNING | Could not parse candle datetime '2026-01-07 11:00:00': time data '2026-01-07 11:00:00' does not match format '%Y-%m-%dT%H:%M:%S.%fZ'
2026-08-12 23:24:50 | WARNING | Could not parse candle datetime '2026-01-07 11:01:00': time data '2026-01-07 11:01:00' does not match format '%Y-%m-%dT%H:%M:%S.%fZ'
2026-08-12 23:24:50 | WARNING | Could not parse candle datetime '2026-01-07 11:02:00': time data '2026-01-07 11:02:00' does not match format '%Y-%m-%dT%H:%M:%S.%fZ'
2026-08-12 23:24:50 | WARNING | Could not parse candle datetime '2026-01-07 11:03:00': time data '2026-01-07 11:03:00' does not match format '%Y-%m-%dT%H:%M:%S.%fZ'
2026-08-12 23:24:50 | WARNING | Could not parse candle datetime '2026-01-07 11:04:00': time data '2026-01-07 11:04:00' does not match format '%Y-%m-%dT%H:%M:%S.%fZ'
2026-08-12 23:24:50 | WARNING | Could not parse candle datetime '2026-01-07 11:05:00': time data '2026-01-07 11:05:00' does not match format '%Y-%m-%dT%H:%M:%S.%fZ'
2026-08-12 23:24:50 | WARNING | Could not parse candle datetime '2026-01-07 11:06:00': time data '2026-01-07 11:06:00' does not match format '%Y-%m-%dT%H:%M:%S.%fZ'
2026-08-12 23:24:50 | WARNING | Could not parse candle datetime '2026-01-07 11:07:00': time data '2026-01-07 11:07:00' does not match format '%Y-%m-%dT%H:%M:%S.%fZ'
2026-08-12 23:24:50 | WARNING | Could not parse candle datetime '2026-01-07 11:08:00': time data '2026-01-07 11:08:00' does not match format '%Y-%m-%dT%H:%M:%S.%fZ'
2026-08-12 23:24:50 | WARNING | Could not parse candle datetime '2026-01-07 11:09:00': time data '2026-01-07 11:09:00' does not match format '%Y-%m-%dT%H:%M:%S.%fZ'
2026-08-12 23:24:50 | WARNING | Could not parse candle datetime '2026-01-07 11:10:00': time data '2026-01-07 11:10:00' does not match format '%Y-%m-%dT%H:%M:%S.%fZ'
2026-08-12 23:24:50 | WARNING | Could not parse candle datetime '2026-01-07 11:11:00': time data '2026-01-07 11:11:00' does not match format '%Y-%m-%dT%H:%M:%S.%fZ'
2026-08-12 23:24:50 | WARNING | Could not parse candle datetime '2026-01-07 11:12:00': time data '2026-01-07 11:12:00' does not match format '%Y-%m-%dT%H:%M:%S.%fZ'
2026-08-12 23:24:50 | WARNING | Could not parse candle datetime '2026-01-07 11:13:00': time data '2026-01-07 11:13:00' does not match format '%Y-%m-%dT%H:%M:%S.%fZ'
2026-08-12 23:24:50 | WARNING | Could not parse candle datetime '2026-01-07 11:14:00': time data '2026-01-07 11:14:00' does not match format '%Y-%m-%dT%H:%M:%S.%fZ'
2026-08-12 23:24:50 | WARNING | Could not parse candle datetime '2026-01-07 11:15:00': time data '2026-01-07 11:15:00' does not match format '%Y-%m-%dT%H:%M:%S.%fZ'
2026-08-12 23:24:50 | WARNING | Could not parse candle datetime '2026-01-07 11:16:00': time data '2026-01-07 11:16:00' does not match format '%Y-%m-%dT%H:%M:%S.%fZ'
2026-08-12 23:24:50 | WARNING | Could not parse candle datetime '2026-01-07 11:17:00': time data '2026-01-07 11:17:00' does not match format '%Y-%m-%dT%H:%M:%S.%fZ'
2026-08-12 23:24:50 | WARNING | Could not parse candle datetime '2026-01-07 11:18:00': time data '2026-01-07 11:18:00' does not match format '%Y-%m-%dT%H:%M:%S.%fZ'
2026-08-12 23:24:50 | WARNING | Could not parse candle datetime '2026-01-07 11:19:00': time data '2026-01-07 11:19:00' does not match format '%Y-%m-%dT%H:%M:%S.%fZ'
2026-08-12 23:24:50 | WARNING | Could not parse candle datetime '2026-01-07 11:20:00': time data '2026-01-07 11:20:00' does not match format '%Y-%m-%dT%H:%M:%S.%fZ'
2026-08-12 23:24:50 | WARNING | Could not parse candle datetime '2026-01-07 11:21:00': time data '2026-01-07 11:21:00' does not match format '%Y-%m-%dT%H:%M:%S.%fZ'
2026-08-12 23:24:50 | WARNING | Could not parse candle datetime '2026-01-07 11:22:00': time data '2026-01-07 11:22:00' does not match format '%Y-%m-%dT%H:%M:%S.%fZ'
2026-08-12 23:24:50 | WARNING | Could not parse candle datetime '2026-01-07 11:23:00': time data '2026-01-07 11:23:00' does not match format '%Y-%m-%dT%H:%M:%S.%fZ'
2026-08-12 23:24:50 | WARNING | Could not parse candle datetime '2026-01-07 11:24:00': time data '2026-01-07 11:24:00' does not match format '%Y-%m-%dT%H:%M:%S.%fZ'
2026-08-12 23:24:50 | WARNING | Could not parse candle datetime '2026-01-07 11:25:00': time data '2026-01-07 11:25:00' does not match format '%Y-%m-%dT%H:%M:%S.%fZ'
2026-08-12 23:24:50 | WARNING | Could not parse candle datetime '2026-01-07 11:26:00': time data '2026-01-07 11:26:00' does not match format '%Y-%m-%dT%H:%M:%S.%fZ'
2026-08-12 23:24:50 | WARNING | Could not parse candle datetime '2026-01-07 11:27:00': time data '2026-01-07 11:27:00' does not match format '%Y-%m-%dT%H:%M:%S.%fZ'
2026-08-12 23:24:50 | WARNING | Could not parse candle datetime '2026-01-07 11:28:00': time data '2026-01-07 11:28:00' does not match format '%Y-%m-%dT%H:%M:%S.%fZ'
2026-08-12 23:24:50 | WARNING | Could not parse candle datetime '2026-01-07 11:29:00': time data '2026-01-07 11:29:00' does not match format '%Y-%m-%dT%H:%M:%S.%fZ'
2026-08-12 23:24:50 | WARNING | Could not parse candle datetime '2026-01-07 11:30:00': time data '2026-01-07 11:30:00' does not match format '%Y-%m-%dT%H:%M:%S.%fZ'
2026-08-12 23:24:50 | WARNING | Could not parse candle datetime '2026-01-07 11:31:00': time data '2026-01-07 11:31:00' does not match format '%Y-%m-%dT%H:%M:%S.%fZ'
2026-08-12 23:24:50 | WARNING | Could not parse candle datetime '2026-01-07 11:32:00': time data '2026-01-07 11:32:00' does not match format '%Y-%m-%dT%H:%M:%S.%fZ'
2026-08-12 23:24:50 | WARNING | Could not parse candle datetime '2026-01-07 11:33:00': time data '2026-01-07 11:33:00' does not match format '%Y-%m-%dT%H:%M:%S.%fZ'
2026-08-12 23:24:50 | WARNING | Could not parse candle datetime '2026-01-07 11:34:00': time data '2026-01-07 11:34:00' does not match format '%Y-%m-%dT%H:%M:%S.%fZ'
2026-08-12 23:24:50 | WARNING | Could not parse candle datetime '2026-01-07 11:35:00': time data '2026-01-07 11:35:00' does not match format '%Y-%m-%dT%H:%M:%S.%fZ'
2026-08-12 23:24:50 | WARNING | Could not parse candle datetime '2026-01-07 11:36:00': time data '2026-01-07 11:36:00' does not match format '%Y-%m-%dT%H:%M:%S.%fZ'
2026-08-12 23:24:50 | WARNING | Could not parse candle datetime '2026-01-07 11:37:00': time data '2026-01-07 11:37:00' does not match format '%Y-%m-%dT%H:%M:%S.%fZ'
2026-08-12 23:24:50 | WARNING | Could not parse candle datetime '2026-01-07 11:38:00': time data '2026-01-07 11:38:00' does not match format '%Y-%m-%dT%H:%M:%S.%fZ'
2026-08-12 23:24:50 | WARNING | Could not parse candle datetime '2026-01-07 11:39:00': time data '2026-01-07 11:39:00' does not match format '%Y-%m-%dT%H:%M:%S.%fZ'
2026-08-12 23:24:50 | WARNING | Could not parse candle datetime '2026-01-07 11:40:00': time data '2026-01-07 11:40:00' does not match format '%Y-%m-%dT%H:%M:%S.%fZ'
2026-08-12 23:24:50 | WARNING | Could not parse candle datetime '2026-01-07 11:41:00': time data '2026-01-07 11:41:00' does not match format '%Y-%m-%dT%H:%M:%S.%fZ'
2026-08-12 23:24:50 | WARNING | Could not parse candle datetime '2026-01-07 11:42:00': time data '2026-01-07 11:42:00' does not match format '%Y-%m-%dT%H:%M:%S.%fZ'
2026-08-12 23:24:50 | WARNING | Could not parse candle datetime '2026-01-07 11:43:00': time data '2026-01-07 11:43:00' does not match format '%Y-%m-%dT%H:%M:%S.%fZ'
2026-08-12 23:24:50 | WARNING | Could not parse candle datetime '2026-01-07 11:44:00': time data '2026-01-07 11:44:00' does not match format '%Y-%m-%dT%H:%M:%S.%fZ'
2026-08-12 23:24:50 | WARNING | Could not parse candle datetime '2026-01-07 11:45:00': time data '2026-01-07 11:45:00' does not match format '%Y-%m-%dT%H:%M:%S.%fZ'
2026-08-12 23:24:50 | WARNING | Could not parse candle datetime '2026-01-07 11:46:00': time data '2026-01-07 11:46:00' does not match format '%Y-%m-%dT%H:%M:%S.%fZ'
2026-08-12 23:24:50 | WARNING | Could not parse candle datetime '2026-01-07 11:47:00': time data '2026-01-07 11:47:00' does not match format '%Y-%m-%dT%H:%M:%S.%fZ'
2026-08-12 23:24:50 | WARNING | Could not parse candle datetime '2026-01-07 11:48:00': time data '2026-01-07 11:48:00' does not match format '%Y-%m-%dT%H:%M:%S.%fZ'
2026-08-12 23:24:50 | WARNING | Could not parse candle datetime '2026-01-07 11:49:00': time data '2026-01-07 11:49:00' does not match format '%Y-%m-%dT%H:%M:%S.%fZ'
2026-08-12 23:24:50 | WARNING | Could not parse candle datetime '2026-01-07 11:50:00': time data '2026-01-07 11:50:00' does not match format '%Y-%m-%dT%H:%M:%S.%fZ'
2026-08-12 23:24:50 | WARNING | Could not parse candle datetime '2026-01-07 11:51:00': time data '2026-01-07 11:51:00' does not match format '%Y-%m-%dT%H:%M:%S.%fZ'
2026-08-12 23:24:50 | WARNING | Could not parse candle datetime '2026-01-07 11:52:00': time data '2026-01-07 11:52:00' does not match format '%Y-%m-%dT%H:%M:%S.%fZ'
2026-08-12 23:24:50 | WARNING | Could not parse candle datetime '2026-01-07 11:53:00': time data '2026-01-07 11:53:00' does not match format '%Y-%m-%dT%H:%M:%S.%fZ'
2026-08-12 23:24:50 | WARNING | Could not parse candle datetime '2026-01-07 11:54:00': time data '2026-01-07 11:54:00' does not match format '%Y-%m-%dT%H:%M:%S.%fZ'
2026-08-12 23:24:50 | WARNING | Could not parse candle datetime '2026-01-07 11:55:00': time data '2026-01-07 11:55:00' does not match format '%Y-%m-%dT%H:%M:%S.%fZ'
2026-08-12 23:24:50 | WARNING | Could not parse candle datetime '2026-01-07 11:56:00': time data '2026-01-07 11:56:00' does not match format '%Y-%m-%dT%H:%M:%S.%fZ'
2026-08-12 23:24:50 | WARNING | Could not parse candle datetime '2026-01-07 11:57:00': time data '2026-01-07 11:57:00' does not match format '%Y-%m-%dT%H:%M:%S.%fZ'
2026-08-12 23:24:50 | WARNING | Could not parse candle datetime '2026-01-07 11:58:00': time data '2026-01-07 11:58:00' does not match format '%Y-%m-%dT%H:%M:%S.%fZ'
2026-08-12 23:24:50 | WARNING | Could not parse candle datetime '2026-01-07 11:59:00': time data '2026-01-07 11:59:00' does not match format '%Y-%m-%dT%H:%M:%S.%fZ'
2026-08-12 23:24:50 | WARNING | Could not parse candle datetime '2026-01-07 12:00:00': time data '2026-01-07 12:00:00' does not match format '%Y-%m-%dT%H:%M:%S.%fZ'
2026-08-12 23:24:50 | WARNING | Could not parse candle datetime '2026-01-07 12:01:00': time data '2026-01-07 12:01:00' does not match format '%Y-%m-%dT%H:%M:%S.%fZ'
2026-08-12 23:24:50 | WARNING | Could not parse candle datetime '2026-01-07 12:02:00': time data '2026-01-07 12:02:00' does not match format '%Y-%m-%dT%H:%M:%S.%fZ'
2026-08-12 23:24:50 | WARNING | Could not parse candle datetime '2026-01-07 12:03:00': time data '2026-01-07 12:03:00' does not match format '%Y-%m-%dT%H:%M:%S.%fZ'
2026-08-12 23:24:50 | WARNING | Could not parse candle datetime '2026-01-07 12:04:00': time data '2026-01-07 12:04:00' does not match format '%Y-%m-%dT%H:%M:%S.%fZ'
2026-08-12 23:24:50 | WARNING | Could not parse candle datetime '2026-01-07 12:05:00': time data '2026-01-07 12:05:00' does not match format '%Y-%m-%dT%H:%M:%S.%fZ'
2026-08-12 23:24:50 | WARNING | Could not parse candle datetime '2026-01-07 12:06:00': time data '2026-01-07 12:06:00' does not match format '%Y-%m-%dT%H:%M:%S.%fZ'
2026-08-12 23:24:50 | WARNING | Could not parse candle datetime '2026-01-07 12:07:00': time data '2026-01-07 12:07:00' does not match format '%Y-%m-%dT%H:%M:%S.%fZ'
2026-08-12 23:24:50 | WARNING | Could not parse candle datetime '2026-01-07 12:08:00': time data '2026-01-07 12:08:00' does not match format '%Y-%m-%dT%H:%M:%S.%fZ'
2026-08-12 23:24:50 | WARNING | Could not parse candle datetime '2026-01-07 12:09:00': time data '2026-01-07 12:09:00' does not match format '%Y-%m-%dT%H:%M:%S.%fZ'
2026-08-12 23:24:50 | WARNING | Could not parse candle datetime '2026-01-07 12:10:00': time data '2026-01-07 12:10:00' does not match format '%Y-%m-%dT%H:%M:%S.%fZ'
2026-08-12 23:24:50 | WARNING | Could not parse candle datetime '2026-01-07 12:11:00': time data '2026-01-07 12:11:00' does not match format '%Y-%m-%dT%H:%M:%S.%fZ'
2026-08-12 23:24:50 | WARNING | Could not parse candle datetime '2026-01-07 12:12:00': time data '2026-01-07 12:12:00' does not match format '%Y-%m-%dT%H:%M:%S.%fZ'
2026-08-12 23:24:50 | WARNING | Could not parse candle datetime '2026-01-07 12:13:00': time data '2026-01-07 12:13:00' does not match format '%Y-%m-%dT%H:%M:%S.%fZ'
2026-08-12 23:24:50 | WARNING | Could not parse candle datetime '2026-01-07 12:14:00': time data '2026-01-07 12:14:00' does not match format '%Y-%m-%dT%H:%M:%S.%fZ'
2026-08-12 23:24:50 | WARNING | Could not parse candle datetime '2026-01-07 12:15:00': time data '2026-01-07 12:15:00' does not match format '%Y-%m-%dT%H:%M:%S.%fZ'
2026-08-12 23:24:50 | WARNING | Could not parse candle datetime '2026-01-07 12:16:00': time data '2026-01-07 12:16:00' does not match format '%Y-%m-%dT%H:%M:%S.%fZ'
2026-08-12 23:24:50 | WARNING | Could not parse candle datetime '2026-01-07 12:17:00': time data '2026-01-07 12:17:00' does not match format '%Y-%m-%dT%H:%M:%S.%fZ'
2026-08-12 23:24:50 | WARNING | Could not parse candle datetime '2026-01-07 12:18:00': time data '2026-01-07 12:18:00' does not match format '%Y-%m-%dT%H:%M:%S.%fZ'
2026-08-12 23:24:50 | WARNING | Could not parse candle datetime '2026-01-07 12:19:00': time data '2026-01-07 12:19:00' does not match format '%Y-%m-%dT%H:%M:%S.%fZ'
2026-08-12 23:24:50 | WARNING | Could not parse candle datetime '2026-01-07 12:20:00': time data '2026-01-07 12:20:00' does not match format '%Y-%m-%dT%H:%M:%S.%fZ'
2026-08-12 23:24:50 | WARNING | Could not parse candle datetime '2026-01-07 12:21:00': time data '2026-01-07 12:21:00' does not match format '%Y-%m-%dT%H:%M:%S.%fZ'
2026-08-12 23:24:50 | WARNING | Could not parse candle datetime '2026-01-07 12:22:00': time data '2026-01-07 12:22:00' does not match format '%Y-%m-%dT%H:%M:%S.%fZ'
2026-08-12 23:24:50 | WARNING | Could not parse candle datetime '2026-01-07 12:23:00': time data '2026-01-07 12:23:00' does not match format '%Y-%m-%dT%H:%M:%S.%fZ'
2026-08-12 23:24:50 | WARNING | Could not parse candle datetime '2026-01-07 12:24:00': time data '2026-01-07 12:24:00' does not match format '%Y-%m-%dT%H:%M:%S.%fZ'
2026-08-12 23:24:50 | WARNING | Could not parse candle datetime '2026-01-07 12:25:00': time data '2026-01-07 12:25:00' does not match format '%Y-%m-%dT%H:%M:%S.%fZ'
2026-08-12 23:24:50 | WARNING | Could not parse candle datetime '2026-01-07 12:26:00': time data '2026-01-07 12:26:00' does not match format '%Y-%m-%dT%H:%M:%S.%fZ'
2026-08-12 23:24:50 | WARNING | Could not parse candle datetime '2026-01-07 12:27:00': time data '2026-01-07 12:27:00' does not match format '%Y-%m-%dT%H:%M:%S.%fZ'
2026-08-12 23:24:50 | WARNING | Could not parse candle datetime '2026-01-07 12:28:00': time data '2026-01-07 12:28:00' does not match format '%Y-%m-%dT%H:%M:%S.%fZ'
2026-08-12 23:24:50 | WARNING | Could not parse candle datetime '2026-01-07 12:29:00': time data '2026-01-07 12:29:00' does not match format '%Y-%m-%dT%H:%M:%S.%fZ'
2026-08-12 23:24:50 | WARNING | Could not parse candle datetime '2026-01-07 12:30:00': time data '2026-01-07 12:30:00' does not match format '%Y-%m-%dT%H:%M:%S.%fZ'
2026-08-12 23:24:50 | WARNING | Could not parse candle datetime '2026-01-07 12:31:00': time data '2026-01-07 12:31:00' does not match format '%Y-%m-%dT%H:%M:%S.%fZ'
2026-08-12 23:24:50 | WARNING | Could not parse candle datetime '2026-01-07 12:32:00': time data '2026-01-07 12:32:00' does not match format '%Y-%m-%dT%H:%M:%S.%fZ'
2026-08-12 23:24:50 | WARNING | Could not parse candle datetime '2026-01-07 12:33:00': time data '2026-01-07 12:33:00' does not match format '%Y-%m-%dT%H:%M:%S.%fZ'
2026-08-12 23:24:50 | WARNING | Could not parse candle datetime '2026-01-07 12:34:00': time data '2026-01-07 12:34:00' does not match format '%Y-%m-%dT%H:%M:%S.%fZ'
2026-08-12 23:24:50 | WARNING | Could not parse candle datetime '2026-01-07 12:35:00': time data '2026-01-07 12:35:00' does not match format '%Y-%m-%dT%H:%M:%S.%fZ'
2026-08-12 23:24:50 | WARNING | Could not parse candle datetime '2026-01-07 12:36:00': time data '2026-01-07 12:36:00' does not match format '%Y-%m-%dT%H:%M:%S.%fZ'
2026-08-12 23:24:50 | WARNING | Could not parse candle datetime '2026-01-07 12:37:00': time data '2026-01-07 12:37:00' does not match format '%Y-%m-%dT%H:%M:%S.%fZ'
2026-08-12 23:24:50 | WARNING | Could not parse candle datetime '2026-01-07 12:38:00': time data '2026-01-07 12:38:00' does not match format '%Y-%m-%dT%H:%M:%S.%fZ'
2026-08-12 23:24:50 | WARNING | Could not parse candle datetime '2026-01-07 12:39:00': time data '2026-01-07 12:39:00' does not match format '%Y-%m-%dT%H:%M:%S.%fZ'
2026-08-12 23:24:50 | WARNING | Could not parse candle datetime '2026-01-07 12:40:00': time data '2026-01-07 12:40:00' does not match format '%Y-%m-%dT%H:%M:%S.%fZ'
2026-08-12 23:24:50 | WARNING | Could not parse candle datetime '2026-01-07 12:41:00': time data '2026-01-07 12:41:00' does not match format '%Y-%m-%dT%H:%M:%S.%fZ'
2026-08-12 23:24:50 | WARNING | Could not parse candle datetime '2026-01-07 12:42:00': time data '2026-01-07 12:42:00' does not match format '%Y-%m-%dT%H:%M:%S.%fZ'
2026-08-12 23:24:50 | WARNING | Could not parse candle datetime '2026-01-07 12:43:00': time data '2026-01-07 12:43:00' does not match format '%Y-%m-%dT%H:%M:%S.%fZ'
2026-08-12 23:24:50 | WARNING | Could not parse candle datetime '2026-01-07 12:44:00': time data '2026-01-07 12:44:00' does not match format '%Y-%m-%dT%H:%M:%S.%fZ'
2026-08-12 23:24:50 | WARNING | Could not parse candle datetime '2026-01-07 12:45:00': time data '2026-01-07 12:45:00' does not match format '%Y-%m-%dT%H:%M:%S.%fZ'
2026-08-12 23:24:50 | WARNING | Could not parse candle datetime '2026-01-07 12:46:00': time data '2026-01-07 12:46:00' does not match format '%Y-%m-%dT%H:%M:%S.%fZ'
2026-08-12 23:24:50 | WARNING | Could not parse candle datetime '2026-01-07 12:47:00': time data '2026-01-07 12:47:00' does not match format '%Y-%m-%dT%H:%M:%S.%fZ'
2026-08-12 23:24:50 | WARNING | Could not parse candle datetime '2026-01-07 12:48:00': time data '2026-01-07 12:48:00' does not match format '%Y-%m-%dT%H:%M:%S.%fZ'
2026-08-12 23:24:50 | WARNING | Could not parse candle datetime '2026-01-07 12:49:00': time data '2026-01-07 12:49:00' does not match format '%Y-%m-%dT%H:%M:%S.%fZ'
2026-08-12 23:24:50 | WARNING | Could not parse candle datetime '2026-01-07 12:50:00': time data '2026-01-07 12:50:00' does not match format '%Y-%m-%dT%H:%M:%S.%fZ'
2026-08-12 23:24:50 | WARNING | Could not parse candle datetime '2026-01-07 12:51:00': time data '2026-01-07 12:51:00' does not match format '%Y-%m-%dT%H:%M:%S.%fZ'
2026-08-12 23:24:50 | WARNING | Could not parse candle datetime '2026-01-07 12:52:00': time data '2026-01-07 12:52:00' does not match format '%Y-%m-%dT%H:%M:%S.%fZ'
2026-08-12 23:24:50 | WARNING | Could not parse candle datetime '2026-01-07 12:53:00': time data '2026-01-07 12:53:00' does not match format '%Y-%m-%dT%H:%M:%S.%fZ'
2026-08-12 23:24:50 | WARNING | Could not parse candle datetime '2026-01-07 12:54:00': time data '2026-01-07 12:54:00' does not match format '%Y-%m-%dT%H:%M:%S.%fZ'
2026-08-12 23:24:50 | WARNING | Could not parse candle datetime '2026-01-07 12:55:00': time data '2026-01-07 12:55:00' does not match format '%Y-%m-%dT%H:%M:%S.%fZ'
2026-08-12 23:24:50 | WARNING | Could not parse candle datetime '2026-01-07 12:56:00': time data '2026-01-07 12:56:00' does not match format '%Y-%m-%dT%H:%M:%S.%fZ'
2026-08-12 23:24:50 | WARNING | Could not parse candle datetime '2026-01-07 12:57:00': time data '2026-01-07 12:57:00' does not match format '%Y-%m-%dT%H:%M:%S.%fZ'
2026-08-12 23:24:50 | WARNING | Could not parse candle datetime '2026-01-07 12:58:00': time data '2026-01-07 12:58:00' does not match format '%Y-%m-%dT%H:%M:%S.%fZ'
2026-08-12 23:24:50 | WARNING | Could not parse candle datetime '2026-01-07 12:59:00': time data '2026-01-07 12:59:00' does not match format '%Y-%m-%dT%H:%M:%S.%fZ'
2026-08-12 23:24:50 | WARNING | Could not parse candle datetime '2026-01-07 13:00:00': time data '2026-01-07 13:00:00' does not match format '%Y-%m-%dT%H:%M:%S.%fZ'
2026-08-12 23:24:50 | WARNING | Could not parse candle datetime '2026-01-07 13:01:00': time data '2026-01-07 13:01:00' does not match format '%Y-%m-%dT%H:%M:%S.%fZ'
2026-08-12 23:24:50 | WARNING | Could not parse candle datetime '2026-01-07 13:02:00': time data '2026-01-07 13:02:00' does not match format '%Y-%m-%dT%H:%M:%S.%fZ'
2026-08-12 23:24:50 | WARNING | Could not parse candle datetime '2026-01-07 13:03:00': time data '2026-01-07 13:03:00' does not match format '%Y-%m-%dT%H:%M:%S.%fZ'
2026-08-12 23:24:50 | WARNING | Could not parse candle datetime '2026-01-07 13:04:00': time data '2026-01-07 13:04:00' does not match format '%Y-%m-%dT%H:%M:%S.%fZ'
2026-08-12 23:24:50 | WARNING | Could not parse candle datetime '2026-01-07 13:05:00': time data '2026-01-07 13:05:00' does not match format '%Y-%m-%dT%H:%M:%S.%fZ'
2026-08-12 23:24:50 | WARNING | Could not parse candle datetime '2026-01-07 13:06:00': time data '2026-01-07 13:06:00' does not match format '%Y-%m-%dT%H:%M:%S.%fZ'
2026-08-12 23:24:50 | WARNING | Could not parse candle datetime '2026-01-07 13:07:00': time data '2026-01-07 13:07:00' does not match format '%Y-%m-%dT%H:%M:%S.%fZ'
2026-08-12 23:24:50 | WARNING | Could not parse candle datetime '2026-01-07 13:08:00': time data '2026-01-07 13:08:00' does not match format '%Y-%m-%dT%H:%M:%S.%fZ'
2026-08-12 23:24:50 | WARNING | Could not parse candle datetime '2026-01-07 13:09:00': time data '2026-01-07 13:09:00' does not match format '%Y-%m-%dT%H:%M:%S.%fZ'
2026-08-12 23:24:50 | WARNING | Could not parse candle datetime '2026-01-07 13:10:00': time data '2026-01-07 13:10:00' does not match format '%Y-%m-%dT%H:%M:%S.%fZ'
2026-08-12 23:24:50 | WARNING | Could not parse candle datetime '2026-01-07 13:11:00': time data '2026-01-07 13:11:00' does not match format '%Y-%m-%dT%H:%M:%S.%fZ'
2026-08-12 23:24:50 | WARNING | Could not parse candle datetime '2026-01-07 13:12:00': time data '2026-01-07 13:12:00' does not match format '%Y-%m-%dT%H:%M:%S.%fZ'
2026-08-12 23:24:50 | WARNING | Could not parse candle datetime '2026-01-07 13:13:00': time data '2026-01-07 13:13:00' does not match format '%Y-%m-%dT%H:%M:%S.%fZ'
2026-08-12 23:24:50 | WARNING | Could not parse candle datetime '2026-01-07 13:14:00': time data '2026-01-07 13:14:00' does not match format '%Y-%m-%dT%H:%M:%S.%fZ'
2026-08-12 23:24:50 | WARNING | Could not parse candle datetime '2026-01-07 13:15:00': time data '2026-01-07 13:15:00' does not match format '%Y-%m-%dT%H:%M:%S.%fZ'
2026-08-12 23:24:50 | WARNING | Could not parse candle datetime '2026-01-07 13:16:00': time data '2026-01-07 13:16:00' does not match format '%Y-%m-%dT%H:%M:%S.%fZ'
2026-08-12 23:24:50 | WARNING | Could not parse candle datetime '2026-01-07 13:17:00': time data '2026-01-07 13:17:00' does not match format '%Y-%m-%dT%H:%M:%S.%fZ'
2026-08-12 23:24:50 | WARNING | Could not parse candle datetime '2026-01-07 13:18:00': time data '2026-01-07 13:18:00' does not match format '%Y-%m-%dT%H:%M:%S.%fZ'
2026-08-12 23:24:50 | WARNING | Could not parse candle datetime '2026-01-07 13:19:00': time data '2026-01-07 13:19:00' does not match format '%Y-%m-%dT%H:%M:%S.%fZ'
2026-08-12 23:24:50 | WARNING | Could not parse candle datetime '2026-01-07 13:20:00': time data '2026-01-07 13:20:00' does not match format '%Y-%m-%dT%H:%M:%S.%fZ'
2026-08-12 23:24:50 | WARNING | Could not parse candle datetime '2026-01-07 13:21:00': time data '2026-01-07 13:21:00' does not match format '%Y-%m-%dT%H:%M:%S.%fZ'
2026-08-12 23:24:50 | WARNING | Could not parse candle datetime '2026-01-07 13:22:00': time data '2026-01-07 13:22:00' does not match format '%Y-%m-%dT%H:%M:%S.%fZ'
2026-08-12 23:24:50 | WARNING | Could not parse candle datetime '2026-01-07 13:23:00': time data '2026-01-07 13:23:00' does not match format '%Y-%m-%dT%H:%M:%S.%fZ'
2026-08-12 23:24:50 | WARNING | Could not parse candle datetime '2026-01-07 13:24:00': time data '2026-01-07 13:24:00' does not match format '%Y-%m-%dT%H:%M:%S.%fZ'
2026-08-12 23:24:50 | WARNING | Could not parse candle datetime '2026-01-07 13:25:00': time data '2026-01-07 13:25:00' does not match format '%Y-%m-%dT%H:%M:%S.%fZ'
2026-08-12 23:24:50 | WARNING | Could not parse candle datetime '2026-01-07 13:26:00': time data '2026-01-07 13:26:00' does not match format '%Y-%m-%dT%H:%M:%S.%fZ'
2026-08-12 23:24:50 | WARNING | Could not parse candle datetime '2026-01-07 13:27:00': time data '2026-01-07 13:27:00' does not match format '%Y-%m-%dT%H:%M:%S.%fZ'
2026-08-12 23:24:50 | WARNING | Could not parse candle datetime '2026-01-07 13:28:00': time data '2026-01-07 13:28:00' does not match format '%Y-%m-%dT%H:%M:%S.%fZ'
2026-08-12 23:24:50 | WARNING | Could not parse candle datetime '2026-01-07 13:29:00': time data '2026-01-07 13:29:00' does not match format '%Y-%m-%dT%H:%M:%S.%fZ'
2026-08-12 23:24:50 | WARNING | Could not parse candle datetime '2026-01-07 13:30:00': time data '2026-01-07 13:30:00' does not match format '%Y-%m-%dT%H:%M:%S.%fZ'
2026-08-12 23:24:50 | WARNING | Could not parse candle datetime '2026-01-07 13:31:00': time data '2026-01-07 13:31:00' does not match format '%Y-%m-%dT%H:%M:%S.%fZ'
2026-08-12 23:24:50 | WARNING | Could not parse candle datetime '2026-01-07 13:32:00': time data '2026-01-07 13:32:00' does not match format '%Y-%m-%dT%H:%M:%S.%fZ'
2026-08-12 23:24:50 | WARNING | Could not parse candle datetime '2026-01-07 13:33:00': time data '2026-01-07 13:33:00' does not match format '%Y-%m-%dT%H:%M:%S.%fZ'
2026-08-12 23:24:50 | WARNING | Could not parse candle datetime '2026-01-07 13:34:00': time data '2026-01-07 13:34:00' does not match format '%Y-%m-%dT%H:%M:%S.%fZ'
2026-08-12 23:24:50 | WARNING | Could not parse candle datetime '2026-01-07 13:35:00': time data '2026-01-07 13:35:00' does not match format '%Y-%m-%dT%H:%M:%S.%fZ'
2026-08-12 23:24:50 | WARNING | Could not parse candle datetime '2026-01-07 13:36:00': time data '2026-01-07 13:36:00' does not match format '%Y-%m-%dT%H:%M:%S.%fZ'
2026-08-12 23:24:50 | WARNING | Could not parse candle datetime '2026-01-07 13:37:00': time data '2026-01-07 13:37:00' does not match format '%Y-%m-%dT%H:%M:%S.%fZ'
2026-08-12 23:24:50 | WARNING | Could not parse candle datetime '2026-01-07 13:38:00': time data '2026-01-07 13:38:00' does not match format '%Y-%m-%dT%H:%M:%S.%fZ'
2026-08-12 23:24:50 | WARNING | Could not parse candle datetime '2026-01-07 13:39:00': time data '2026-01-07 13:39:00' does not match format '%Y-%m-%dT%H:%M:%S.%fZ'
2026-08-12 23:24:50 | WARNING | Could not parse candle datetime '2026-01-07 13:40:00': time data '2026-01-07 13:40:00' does not match format '%Y-%m-%dT%H:%M:%S.%fZ'
2026-08-12 23:24:50 | WARNING | Could not parse candle datetime '2026-01-07 13:41:00': time data '2026-01-07 13:41:00' does not match format '%Y-%m-%dT%H:%M:%S.%fZ'
2026-08-12 23:24:50 | WARNING | Could not parse candle datetime '2026-01-07 13:42:00': time data '2026-01-07 13:42:00' does not match format '%Y-%m-%dT%H:%M:%S.%fZ'
2026-08-12 23:24:50 | WARNING | Could not parse candle datetime '2026-01-07 13:43:00': time data '2026-01-07 13:43:00' does not match format '%Y-%m-%dT%H:%M:%S.%fZ'
2026-08-12 23:24:50 | WARNING | Could not parse candle datetime '2026-01-07 13:44:00': time data '2026-01-07 13:44:00' does not match format '%Y-%m-%dT%H:%M:%S.%fZ'
2026-08-12 23:24:50 | WARNING | Could not parse candle datetime '2026-01-07 13:45:00': time data '2026-01-07 13:45:00' does not match format '%Y-%m-%dT%H:%M:%S.%fZ'
2026-08-12 23:24:50 | WARNING | Could not parse candle datetime '2026-01-07 13:46:00': time data '2026-01-07 13:46:00' does not match format '%Y-%m-%dT%H:%M:%S.%fZ'
2026-08-12 23:24:50 | WARNING | Could not parse candle datetime '2026-01-07 13:47:00': time data '2026-01-07 13:47:00' does not match format '%Y-%m-%dT%H:%M:%S.%fZ'
2026-08-12 23:24:50 | WARNING | Could not parse candle datetime '2026-01-07 13:48:00': time data '2026-01-07 13:48:00' does not match format '%Y-%m-%dT%H:%M:%S.%fZ'
2026-08-12 23:24:50 | WARNING | Could not parse candle datetime '2026-01-07 13:49:00': time data '2026-01-07 13:49:00' does not match format '%Y-%m-%dT%H:%M:%S.%fZ'
2026-08-12 23:24:50 | WARNING | Could not parse candle datetime '2026-01-07 13:50:00': time data '2026-01-07 13:50:00' does not match format '%Y-%m-%dT%H:%M:%S.%fZ'
2026-08-12 23:24:50 | WARNING | Could not parse candle datetime '2026-01-07 13:51:00': time data '2026-01-07 13:51:00' does not match format '%Y-%m-%dT%H:%M:%S.%fZ'
2026-08-12 23:24:50 | WARNING | Could not parse candle datetime '2026-01-07 13:52:00': time data '2026-01-07 13:52:00' does not match format '%Y-%m-%dT%H:%M:%S.%fZ'
2026-08-12 23:24:50 | WARNING | Could not parse candle datetime '2026-01-07 13:53:00': time data '2026-01-07 13:53:00' does not match format '%Y-%m-%dT%H:%M:%S.%fZ'
2026-08-12 23:24:50 | WARNING | Could not parse candle datetime '2026-01-07 13:54:00': time data '2026-01-07 13:54:00' does not match format '%Y-%m-%dT%H:%M:%S.%fZ'
2026-08-12 23:24:50 | WARNING | Could not parse candle datetime '2026-01-07 13:55:00': time data '2026-01-07 13:55:00' does not match format '%Y-%m-%dT%H:%M:%S.%fZ'
2026-08-12 23:24:50 | WARNING | Could not parse candle datetime '2026-01-07 13:56:00': time data '2026-01-07 13:56:00' does not match format '%Y-%m-%dT%H:%M:%S.%fZ'
2026-08-12 23:24:50 | WARNING | Could not parse candle datetime '2026-01-07 13:57:00': time data '2026-01-07 13:57:00' does not match format '%Y-%m-%dT%H:%M:%S.%fZ'
2026-08-12 23:24:50 | WARNING | Could not parse candle datetime '2026-01-07 13:58:00': time data '2026-01-07 13:58:00' does not match format '%Y-%m-%dT%H:%M:%S.%fZ'
2026-08-12 23:24:50 | WARNING | Could not parse candle datetime '2026-01-07 13:59:00': time data '2026-01-07 13:59:00' does not match format '%Y-%m-%dT%H:%M:%S.%fZ'
2026-08-12 23:24:50 | WARNING | Could not parse candle datetime '2026-01-07 14:00:00': time data '2026-01-07 14:00:00' does not match format '%Y-%m-%dT%H:%M:%S.%fZ'
2026-08-12 23:24:50 | WARNING | Could not parse candle datetime '2026-01-07 14:01:00': time data '2026-01-07 14:01:00' does not match format '%Y-%m-%dT%H:%M:%S.%fZ'
2026-08-12 23:24:50 | WARNING | Could not parse candle datetime '2026-01-07 14:02:00': time data '2026-01-07 14:02:00' does not match format '%Y-%m-%dT%H:%M:%S.%fZ'
2026-08-12 23:24:50 | WARNING | Could not parse candle datetime '2026-01-07 14:03:00': time data '2026-01-07 14:03:00' does not match format '%Y-%m-%dT%H:%M:%S.%fZ'
2026-08-12 23:24:50 | WARNING | Could not parse candle datetime '2026-01-07 14:04:00': time data '2026-01-07 14:04:00' does not match format '%Y-%m-%dT%H:%M:%S.%fZ'
2026-08-12 23:24:50 | WARNING | Could not parse candle datetime '2026-01-07 14:05:00': time data '2026-01-07 14:05:00' does not match format '%Y-%m-%dT%H:%M:%S.%fZ'
2026-08-12 23:24:50 | WARNING | Could not parse candle datetime '2026-01-07 14:06:00': time data '2026-01-07 14:06:00' does not match format '%Y-%m-%dT%H:%M:%S.%fZ'
2026-08-12 23:24:50 | WARNING | Could not parse candle datetime '2026-01-07 14:07:00': time data '2026-01-07 14:07:00' does not match format '%Y-%m-%dT%H:%M:%S.%fZ'
2026-08-12 23:24:50 | WARNING | Could not parse candle datetime '2026-01-07 14:08:00': time data '2026-01-07 14:08:00' does not match format '%Y-%m-%dT%H:%M:%S.%fZ'
2026-08-12 23:24:50 | WARNING | Could not parse candle datetime '2026-01-07 14:09:00': time data '2026-01-07 14:09:00' does not match format '%Y-%m-%dT%H:%M:%S.%fZ'
2026-08-12 23:24:50 | WARNING | Could not parse candle datetime '2026-01-07 14:10:00': time data '2026-01-07 14:10:00' does not match format '%Y-%m-%dT%H:%M:%S.%fZ'
2026-08-12 23:24:50 | WARNING | Could not parse candle datetime '2026-01-07 14:11:00': time data '2026-01-07 14:11:00' does not match format '%Y-%m-%dT%H:%M:%S.%fZ'
2026-08-12 23:24:50 | WARNING | Could not parse candle datetime '2026-01-07 14:12:00': time data '2026-01-07 14:12:00' does not match format '%Y-%m-%dT%H:%M:%S.%fZ'
2026-08-12 23:24:50 | WARNING | Could not parse candle datetime '2026-01-07 14:13:00': time data '2026-01-07 14:13:00' does not match format '%Y-%m-%dT%H:%M:%S.%fZ'
2026-08-12 23:24:50 | WARNING | Could not parse candle datetime '2026-01-07 14:14:00': time data '2026-01-07 14:14:00' does not match format '%Y-%m-%dT%H:%M:%S.%fZ'
2026-08-12 23:24:50 | WARNING | Could not parse candle datetime '2026-01-07 14:15:00': time data '2026-01-07 14:15:00' does not match format '%Y-%m-%dT%H:%M:%S.%fZ'
2026-08-12 23:24:50 | WARNING | Could not parse candle datetime '2026-01-07 14:16:00': time data '2026-01-07 14:16:00' does not match format '%Y-%m-%dT%H:%M:%S.%fZ'
2026-08-12 23:24:50 | WARNING | Could not parse candle datetime '2026-01-07 14:17:00': time data '2026-01-07 14:17:00' does not match format '%Y-%m-%dT%H:%M:%S.%fZ'
2026-08-12 23:24:50 | WARNING | Could not parse candle datetime '2026-01-07 14:18:00': time data '2026-01-07 14:18:00' does not match format '%Y-%m-%dT%H:%M:%S.%fZ'
2026-08-12 23:24:50 | WARNING | Could not parse candle datetime '2026-01-07 14:19:00': time data '2026-01-07 14:19:00' does not match format '%Y-%m-%dT%H:%M:%S.%fZ'
2026-08-12 23:24:50 | WARNING | Could not parse candle datetime '2026-01-07 14:20:00': time data '2026-01-07 14:20:00' does not match format '%Y-%m-%dT%H:%M:%S.%fZ'
2026-08-12 23:24:50 | WARNING | Could not parse candle datetime '2026-01-07 14:21:00': time data '2026-01-07 14:21:00' does not match format '%Y-%m-%dT%H:%M:%S.%fZ'
2026-08-12 23:24:50 | WARNING | Could not parse candle datetime '2026-01-07 14:22:00': time data '2026-01-07 14:22:00' does not match format '%Y-%m-%dT%H:%M:%S.%fZ'
2026-08-12 23:24:50 | WARNING | Could not parse candle datetime '2026-01-07 14:23:00': time data '2026-01-07 14:23:00' does not match format '%Y-%m-%dT%H:%M:%S.%fZ'
2026-08-12 23:24:50 | WARNING | Could not parse candle datetime '2026-01-07 14:24:00': time data '2026-01-07 14:24:00' does not match format '%Y-%m-%dT%H:%M:%S.%fZ'
2026-08-12 23:24:50 | WARNING | Could not parse candle datetime '2026-01-07 14:25:00': time data '2026-01-07 14:25:00' does not match format '%Y-%m-%dT%H:%M:%S.%fZ'
2026-08-12 23:24:50 | WARNING | Could not parse candle datetime '2026-01-07 14:26:00': time data '2026-01-07 14:26:00' does not match format '%Y-%m-%dT%H:%M:%S.%fZ'
2026-08-12 23:24:50 | WARNING | Could not parse candle datetime '2026-01-07 14:27:00': time data '2026-01-07 14:27:00' does not match format '%Y-%m-%dT%H:%M:%S.%fZ'
2026-08-12 23:24:50 | WARNING | Could not parse candle datetime '2026-01-07 14:28:00': time data '2026-01-07 14:28:00' does not match format '%Y-%m-%dT%H:%M:%S.%fZ'
2026-08-12 23:24:50 | WARNING | Could not parse candle datetime '2026-01-07 14:29:00': time data '2026-01-07 14:29:00' does not match format '%Y-%m-%dT%H:%M:%S.%fZ'
2026-08-12 23:24:50 | WARNING | Could not parse candle datetime '2026-01-07 14:30:00': time data '2026-01-07 14:30:00' does not match format '%Y-%m-%dT%H:%M:%S.%fZ'
2026-08-12 23:24:50 | WARNING | Could not parse candle datetime '2026-01-07 14:31:00': time data '2026-01-07 14:31:00' does not match format '%Y-%m-%dT%H:%M:%S.%fZ'
2026-08-12 23:24:50 | WARNING | Could not parse candle datetime '2026-01-07 14:32:00': time data '2026-01-07 14:32:00' does not match format '%Y-%m-%dT%H:%M:%S.%fZ'
2026-08-12 23:24:50 | WARNING | Could not parse candle datetime '2026-01-07 14:33:00': time data '2026-01-07 14:33:00' does not match format '%Y-%m-%dT%H:%M:%S.%fZ'
2026-08-12 23:24:50 | WARNING | Could not parse candle datetime '2026-01-07 14:34:00': time data '2026-01-07 14:34:00' does not match format '%Y-%m-%dT%H:%M:%S.%fZ'
2026-08-12 23:24:50 | WARNING | Could not parse candle datetime '2026-01-07 14:35:00': time data '2026-01-07 14:35:00' does not match format '%Y-%m-%dT%H:%M:%S.%fZ'
2026-08-12 23:24:50 | WARNING | Could not parse candle datetime '2026-01-07 14:36:00': time data '2026-01-07 14:36:00' does not match format '%Y-%m-%dT%H:%M:%S.%fZ'
2026-08-12 23:24:50 | WARNING | Could not parse candle datetime '2026-01-07 14:37:00': time data '2026-01-07 14:37:00' does not match format '%Y-%m-%dT%H:%M:%S.%fZ'
2026-08-12 23:24:50 | WARNING | Could not parse candle datetime '2026-01-07 14:38:00': time data '2026-01-07 14:38:00' does not match format '%Y-%m-%dT%H:%M:%S.%fZ'
2026-08-12 23:24:50 | WARNING | Could not parse candle datetime '2026-01-07 14:39:00': time data '2026-01-07 14:39:00' does not match format '%Y-%m-%dT%H:%M:%S.%fZ'
2026-08-12 23:24:50 | WARNING | Could not parse candle datetime '2026-01-07 14:40:00': time data '2026-01-07 14:40:00' does not match format '%Y-%m-%dT%H:%M:%S.%fZ'
2026-08-12 23:24:50 | WARNING | Could not parse candle datetime '2026-01-07 14:41:00': time data '2026-01-07 14:41:00' does not match format '%Y-%m-%dT%H:%M:%S.%fZ'
2026-08-12 23:24:50 | WARNING | Could not parse candle datetime '2026-01-07 14:42:00': time data '2026-01-07 14:42:00' does not match format '%Y-%m-%dT%H:%M:%S.%fZ'
2026-08-12 23:24:50 | WARNING | Could not parse candle datetime '2026-01-07 14:43:00': time data '2026-01-07 14:43:00' does not match format '%Y-%m-%dT%H:%M:%S.%fZ'
2026-08-12 23:24:50 | WARNING | Could not parse candle datetime '2026-01-07 14:44:00': time data '2026-01-07 14:44:00' does not match format '%Y-%m-%dT%H:%M:%S.%fZ'
2026-08-12 23:24:50 | WARNING | Could not parse candle datetime '2026-01-07 14:45:00': time data '2026-01-07 14:45:00' does not match format '%Y-%m-%dT%H:%M:%S.%fZ'
2026-08-12 23:24:50 | WARNING | Could not parse candle datetime '2026-01-07 14:46:00': time data '2026-01-07 14:46:00' does not match format '%Y-%m-%dT%H:%M:%S.%fZ'
2026-08-12 23:24:50 | WARNING | Could not parse candle datetime '2026-01-07 14:47:00': time data '2026-01-07 14:47:00' does not match format '%Y-%m-%dT%H:%M:%S.%fZ'
2026-08-12 23:24:50 | WARNING | Could not parse candle datetime '2026-01-07 14:48:00': time data '2026-01-07 14:48:00' does not match format '%Y-%m-%dT%H:%M:%S.%fZ'
2026-08-12 23:24:50 | WARNING | Could not parse candle datetime '2026-01-07 14:49:00': time data '2026-01-07 14:49:00' does not match format '%Y-%m-%dT%H:%M:%S.%fZ'
2026-08-12 23:24:50 | WARNING | Could not parse candle datetime '2026-01-07 14:50:00': time data '2026-01-07 14:50:00' does not match format '%Y-%m-%dT%H:%M:%S.%fZ'
2026-08-12 23:24:50 | WARNING | Could not parse candle datetime '2026-01-07 14:51:00': time data '2026-01-07 14:51:00' does not match format '%Y-%m-%dT%H:%M:%S.%fZ'
2026-08-12 23:24:50 | WARNING | Could not parse candle datetime '2026-01-07 14:52:00': time data '2026-01-07 14:52:00' does not match format '%Y-%m-%dT%H:%M:%S.%fZ'
2026-08-12 23:24:50 | WARNING | Could not parse candle datetime '2026-01-07 14:53:00': time data '2026-01-07 14:53:00' does not match format '%Y-%m-%dT%H:%M:%S.%fZ'
2026-08-12 23:24:50 | WARNING | Could not parse candle datetime '2026-01-07 14:54:00': time data '2026-01-07 14:54:00' does not match format '%Y-%m-%dT%H:%M:%S.%fZ'
2026-08-12 23:24:50 | WARNING | Could not parse candle datetime '2026-01-07 14:55:00': time data '2026-01-07 14:55:00' does not match format '%Y-%m-%dT%H:%M:%S.%fZ'
2026-08-12 23:24:50 | WARNING | Could not parse candle datetime '2026-01-07 14:56:00': time data '2026-01-07 14:56:00' does not match format '%Y-%m-%dT%H:%M:%S.%fZ'
2026-08-12 23:24:50 | WARNING | Could not parse candle datetime '2026-01-07 14:57:00': time data '2026-01-07 14:57:00' does not match format '%Y-%m-%dT%H:%M:%S.%fZ'
2026-08-12 23:24:50 | WARNING | Could not parse candle datetime '2026-01-07 14:58:00': time data '2026-01-07 14:58:00' does not match format '%Y-%m-%dT%H:%M:%S.%fZ'
2026-08-12 23:24:50 | WARNING | Could not parse candle datetime '2026-01-07 14:59:00': time data '2026-01-07 14:59:00' does not match format '%Y-%m-%dT%H:%M:%S.%fZ'
2026-08-12 23:24:50 | WARNING | Could not parse candle datetime '2026-01-07 15:00:00': time data '2026-01-07 15:00:00' does not match format '%Y-%m-%dT%H:%M:%S.%fZ'
2026-08-12 23:24:50 | WARNING | Could not parse candle datetime '2026-01-07 15:01:00': time data '2026-01-07 15:01:00' does not match format '%Y-%m-%dT%H:%M:%S.%fZ'
2026-08-12 23:24:50 | WARNING | Could not parse candle datetime '2026-01-07 15:02:00': time data '2026-01-07 15:02:00' does not match format '%Y-%m-%dT%H:%M:%S.%fZ'
2026-08-12 23:24:50 | WARNING | Could not parse candle datetime '2026-01-07 15:03:00': time data '2026-01-07 15:03:00' does not match format '%Y-%m-%dT%H:%M:%S.%fZ'
2026-08-12 23:24:50 | WARNING | Could not parse candle datetime '2026-01-07 15:04:00': time data '2026-01-07 15:04:00' does not match format '%Y-%m-%dT%H:%M:%S.%fZ'
2026-08-12 23:24:50 | WARNING | Could not parse candle datetime '2026-01-07 15:05:00': time data '2026-01-07 15:05:00' does not match format '%Y-%m-%dT%H:%M:%S.%fZ'
2026-08-12 23:24:50 | WARNING | Could not parse candle datetime '2026-01-07 15:06:00': time data '2026-01-07 15:06:00' does not match format '%Y-%m-%dT%H:%M:%S.%fZ'
2026-08-12 23:24:50 | WARNING | Could not parse candle datetime '2026-01-07 15:07:00': time data '2026-01-07 15:07:00' does not match format '%Y-%m-%dT%H:%M:%S.%fZ'
2026-08-12 23:24:50 | WARNING | Could not parse candle datetime '2026-01-07 15:08:00': time data '2026-01-07 15:08:00' does not match format '%Y-%m-%dT%H:%M:%S.%fZ'
2026-08-12 23:24:50 | WARNING | Could not parse candle datetime '2026-01-07 15:09:00': time data '2026-01-07 15:09:00' does not match format '%Y-%m-%dT%H:%M:%S.%fZ'
2026-08-12 23:24:50 | WARNING | Could not parse candle datetime '2026-01-07 15:10:00': time data '2026-01-07 15:10:00' does not match format '%Y-%m-%dT%H:%M:%S.%fZ'
2026-08-12 23:24:50 | WARNING | Could not parse candle datetime '2026-01-07 15:11:00': time data '2026-01-07 15:11:00' does not match format '%Y-%m-%dT%H:%M:%S.%fZ'
2026-08-12 23:24:50 | WARNING | Could not parse candle datetime '2026-01-07 15:12:00': time data '2026-01-07 15:12:00' does not match format '%Y-%m-%dT%H:%M:%S.%fZ'
2026-08-12 23:24:50 | WARNING | Could not parse candle datetime '2026-01-07 15:13:00': time data '2026-01-07 15:13:00' does not match format '%Y-%m-%dT%H:%M:%S.%fZ'
2026-08-12 23:24:50 | WARNING | Could not parse candle datetime '2026-01-07 15:14:00': time data '2026-01-07 15:14:00' does not match format '%Y-%m-%dT%H:%M:%S.%fZ'
2026-08-12 23:24:50 | WARNING | Could not parse candle datetime '2026-01-07 15:15:00': time data '2026-01-07 15:15:00' does not match format '%Y-%m-%dT%H:%M:%S.%fZ'
2026-08-12 23:24:50 | WARNING | Could not parse candle datetime '2026-01-07 15:16:00': time data '2026-01-07 15:16:00' does not match format '%Y-%m-%dT%H:%M:%S.%fZ'
2026-08-12 23:24:50 | WARNING | Could not parse candle datetime '2026-01-07 15:17:00': time data '2026-01-07 15:17:00' does not match format '%Y-%m-%dT%H:%M:%S.%fZ'
2026-08-12 23:24:50 | WARNING | Could not parse candle datetime '2026-01-07 15:18:00': time data '2026-01-07 15:18:00' does not match format '%Y-%m-%dT%H:%M:%S.%fZ'
2026-08-12 23:24:50 | WARNING | Could not parse candle datetime '2026-01-07 15:19:00': time data '2026-01-07 15:19:00' does not match format '%Y-%m-%dT%H:%M:%S.%fZ'
2026-08-12 23:24:50 | WARNING | Could not parse candle datetime '2026-01-07 15:20:00': time data '2026-01-07 15:20:00' does not match format '%Y-%m-%dT%H:%M:%S.%fZ'
2026-08-12 23:24:50 | WARNING | Could not parse candle datetime '2026-01-07 15:21:00': time data '2026-01-07 15:21:00' does not match format '%Y-%m-%dT%H:%M:%S.%fZ'
2026-08-12 23:24:50 | WARNING | Could not parse candle datetime '2026-01-07 15:22:00': time data '2026-01-07 15:22:00' does not match format '%Y-%m-%dT%H:%M:%S.%fZ'
2026-08-12 23:24:50 | WARNING | Could not parse candle datetime '2026-01-07 15:23:00': time data '2026-01-07 15:23:00' does not match format '%Y-%m-%dT%H:%M:%S.%fZ'
2026-08-12 23:24:50 | WARNING | Could not parse candle datetime '2026-01-07 15:24:00': time data '2026-01-07 15:24:00' does not match format '%Y-%m-%dT%H:%M:%S.%fZ'
2026-08-12 23:24:50 | WARNING | Could not parse candle datetime '2026-01-07 15:25:00': time data '2026-01-07 15:25:00' does not match format '%Y-%m-%dT%H:%M:%S.%fZ'
2026-08-12 23:24:50 | WARNING | Could not parse candle datetime '2026-01-07 15:26:00': time data '2026-01-07 15:26:00' does not match format '%Y-%m-%dT%H:%M:%S.%fZ'
2026-08-12 23:24:50 | WARNING | Could not parse candle datetime '2026-01-07 15:27:00': time data '2026-01-07 15:27:00' does not match format '%Y-%m-%dT%H:%M:%S.%fZ'
2026-08-12 23:24:50 | WARNING | Could not parse candle datetime '2026-01-07 15:28:00': time data '2026-01-07 15:28:00' does not match format '%Y-%m-%dT%H:%M:%S.%fZ'
2026-08-12 23:24:50 | WARNING | Could not parse candle datetime '2026-01-07 15:29:00': time data '2026-01-07 15:29:00' does not match format '%Y-%m-%dT%H:%M:%S.%fZ'
2026-08-12 23:24:50 | WARNING | Could not parse candle datetime '2026-01-07 15:30:00': time data '2026-01-07 15:30:00' does not match format '%Y-%m-%dT%H:%M:%S.%fZ'
2026-08-12 23:24:50 | WARNING | Could not parse candle datetime '2026-01-07 15:31:00': time data '2026-01-07 15:31:00' does not match format '%Y-%m-%dT%H:%M:%S.%fZ'
2026-08-12 23:24:50 | WARNING | Could not parse candle datetime '2026-01-07 15:35:00': time data '2026-01-07 15:35:00' does not match format '%Y-%m-%dT%H:%M:%S.%fZ'
2026-08-12 23:24:50 | WARNING | Could not parse candle datetime '2026-01-08 09:07:00': time data '2026-01-08 09:07:00' does not match format '%Y-%m-%dT%H:%M:%S.%fZ'
2026-08-12 23:24:50 | WARNING | Could not parse candle datetime '2026-01-08 09:15:00': time data '2026-01-08 09:15:00' does not match format '%Y-%m-%dT%H:%M:%S.%fZ'
2026-08-12 23:24:50 | WARNING | Could not parse candle datetime '2026-01-08 09:16:00': time data '2026-01-08 09:16:00' does not match format '%Y-%m-%dT%H:%M:%S.%fZ'
2026-08-12 23:24:50 | WARNING | Could not parse candle datetime '2026-01-08 09:17:00': time data '2026-01-08 09:17:00' does not match format '%Y-%m-%dT%H:%M:%S.%fZ'
2026-08-12 23:24:50 | WARNING | Could not parse candle datetime '2026-01-08 09:18:00': time data '2026-01-08 09:18:00' does not match format '%Y-%m-%dT%H:%M:%S.%fZ'
2026-08-12 23:24:50 | WARNING | Could not parse candle datetime '2026-01-08 09:19:00': time data '2026-01-08 09:19:00' does not match format '%Y-%m-%dT%H:%M:%S.%fZ'
2026-08-12 23:24:50 | WARNING | Could not parse candle datetime '2026-01-08 09:20:00': time data '2026-01-08 09:20:00' does not match format '%Y-%m-%dT%H:%M:%S.%fZ'
2026-08-12 23:24:50 | WARNING | Could not parse candle datetime '2026-01-08 09:21:00': time data '2026-01-08 09:21:00' does not match format '%Y-%m-%dT%H:%M:%S.%fZ'
2026-08-12 23:24:50 | WARNING | Could not parse candle datetime '2026-01-08 09:22:00': time data '2026-01-08 09:22:00' does not match format '%Y-%m-%dT%H:%M:%S.%fZ'
2026-08-12 23:24:50 | WARNING | Could not parse candle datetime '2026-01-08 09:23:00': time data '2026-01-08 09:23:00' does not match format '%Y-%m-%dT%H:%M:%S.%fZ'
2026-08-12 23:24:50 | WARNING | Could not parse candle datetime '2026-01-08 09:24:00': time data '2026-01-08 09:24:00' does not match format '%Y-%m-%dT%H:%M:%S.%fZ'
2026-08-12 23:24:50 | WARNING | Could not parse candle datetime '2026-01-08 09:25:00': time data '2026-01-08 09:25:00' does not match format '%Y-%m-%dT%H:%M:%S.%fZ'
2026-08-12 23:24:50 | WARNING | Could not parse candle datetime '2026-01-08 09:26:00': time data '2026-01-08 09:26:00' does not match format '%Y-%m-%dT%H:%M:%S.%fZ'
2026-08-12 23:24:50 | WARNING | Could not parse candle datetime '2026-01-08 09:27:00': time data '2026-01-08 09:27:00' does not match format '%Y-%m-%dT%H:%M:%S.%fZ'
2026-08-12 23:24:50 | WARNING | Could not parse candle datetime '2026-01-08 09:28:00': time data '2026-01-08 09:28:00' does not match format '%Y-%m-%dT%H:%M:%S.%fZ'
2026-08-12 23:24:50 | WARNING | Could not parse candle datetime '2026-01-08 09:29:00': time data '2026-01-08 09:29:00' does not match format '%Y-%m-%dT%H:%M:%S.%fZ'
2026-08-12 23:24:50 | WARNING | Could not parse candle datetime '2026-01-08 09:30:00': time data '2026-01-08 09:30:00' does not match format '%Y-%m-%dT%H:%M:%S.%fZ'
2026-08-12 23:24:50 | WARNING | Could not parse candle datetime '2026-01-08 09:31:00': time data '2026-01-08 09:31:00' does not match format '%Y-%m-%dT%H:%M:%S.%fZ'
2026-08-12 23:24:50 | WARNING | Could not parse candle datetime '2026-01-08 09:32:00': time data '2026-01-08 09:32:00' does not match format '%Y-%m-%dT%H:%M:%S.%fZ'
2026-08-12 23:24:50 | WARNING | Could not parse candle datetime '2026-01-08 09:33:00': time data '2026-01-08 09:33:00' does not match format '%Y-%m-%dT%H:%M:%S.%fZ'
2026-08-12 23:24:50 | WARNING | Could not parse candle datetime '2026-01-08 09:34:00': time data '2026-01-08 09:34:00' does not match format '%Y-%m-%dT%H:%M:%S.%fZ'
2026-08-12 23:24:50 | WARNING | Could not parse candle datetime '2026-01-08 09:35:00': time data '2026-01-08 09:35:00' does not match format '%Y-%m-%dT%H:%M:%S.%fZ'
2026-08-12 23:24:50 | WARNING | Could not parse candle datetime '2026-01-08 09:36:00': time data '2026-01-08 09:36:00' does not match format '%Y-%m-%dT%H:%M:%S.%fZ'
2026-08-12 23:24:50 | WARNING | Could not parse candle datetime '2026-01-08 09:37:00': time data '2026-01-08 09:37:00' does not match format '%Y-%m-%dT%H:%M:%S.%fZ'
2026-08-12 23:24:50 | WARNING | Could not parse candle datetime '2026-01-08 09:38:00': time data '2026-01-08 09:38:00' does not match format '%Y-%m-%dT%H:%M:%S.%fZ'
2026-08-12 23:24:50 | WARNING | Could not parse candle datetime '2026-01-08 09:39:00': time data '2026-01-08 09:39:00' does not match format '%Y-%m-%dT%H:%M:%S.%fZ'
2026-08-12 23:24:50 | WARNING | Could not parse candle datetime '2026-01-08 09:40:00': time data '2026-01-08 09:40:00' does not match format '%Y-%m-%dT%H:%M:%S.%fZ'
2026-08-12 23:24:50 | WARNING | Could not parse candle datetime '2026-01-08 09:41:00': time data '2026-01-08 09:41:00' does not match format '%Y-%m-%dT%H:%M:%S.%fZ'
2026-08-12 23:24:50 | WARNING | Could not parse candle datetime '2026-01-08 09:42:00': time data '2026-01-08 09:42:00' does not match format '%Y-%m-%dT%H:%M:%S.%fZ'
2026-08-12 23:24:50 | WARNING | Could not parse candle datetime '2026-01-08 09:43:00': time data '2026-01-08 09:43:00' does not match format '%Y-%m-%dT%H:%M:%S.%fZ'
2026-08-12 23:24:50 | WARNING | Could not parse candle datetime '2026-01-08 09:44:00': time data '2026-01-08 09:44:00' does not match format '%Y-%m-%dT%H:%M:%S.%fZ'
2026-08-12 23:24:50 | WARNING | Could not parse candle datetime '2026-01-08 09:45:00': time data '2026-01-08 09:45:00' does not match format '%Y-%m-%dT%H:%M:%S.%fZ'
2026-08-12 23:24:50 | WARNING | Could not parse candle datetime '2026-01-08 09:46:00': time data '2026-01-08 09:46:00' does not match format '%Y-%m-%dT%H:%M:%S.%fZ'
2026-08-12 23:24:50 | WARNING | Could not parse candle datetime '2026-01-08 09:47:00': time data '2026-01-08 09:47:00' does not match format '%Y-%m-%dT%H:%M:%S.%fZ'
2026-08-12 23:24:50 | WARNING | Could not parse candle datetime '2026-01-08 09:48:00': time data '2026-01-08 09:48:00' does not match format '%Y-%m-%dT%H:%M:%S.%fZ'
2026-08-12 23:24:50 | WARNING | Could not parse candle datetime '2026-01-08 09:49:00': time data '2026-01-08 09:49:00' does not match format '%Y-%m-%dT%H:%M:%S.%fZ'
2026-08-12 23:24:50 | WARNING | Could not parse candle datetime '2026-01-08 09:50:00': time data '2026-01-08 09:50:00' does not match format '%Y-%m-%dT%H:%M:%S.%fZ'
2026-08-12 23:24:50 | WARNING | Could not parse candle datetime '2026-01-08 09:51:00': time data '2026-01-08 09:51:00' does not match format '%Y-%m-%dT%H:%M:%S.%fZ'
2026-08-12 23:24:50 | WARNING | Could not parse candle datetime '2026-01-08 09:52:00': time data '2026-01-08 09:52:00' does not match format '%Y-%m-%dT%H:%M:%S.%fZ'
2026-08-12 23:24:50 | WARNING | Could not parse candle datetime '2026-01-08 09:53:00': time data '2026-01-08 09:53:00' does not match format '%Y-%m-%dT%H:%M:%S.%fZ'
2026-08-12 23:24:50 | WARNING | Could not parse candle datetime '2026-01-08 09:54:00': time data '2026-01-08 09:54:00' does not match format '%Y-%m-%dT%H:%M:%S.%fZ'
2026-08-12 23:24:50 | WARNING | Could not parse candle datetime '2026-01-08 09:55:00': time data '2026-01-08 09:55:00' does not match format '%Y-%m-%dT%H:%M:%S.%fZ'
2026-08-12 23:24:50 | WARNING | Could not parse candle datetime '2026-01-08 09:56:00': time data '2026-01-08 09:56:00' does not match format '%Y-%m-%dT%H:%M:%S.%fZ'
2026-08-12 23:24:50 | WARNING | Could not parse candle datetime '2026-01-08 09:57:00': time data '2026-01-08 09:57:00' does not match format '%Y-%m-%dT%H:%M:%S.%fZ'
2026-08-12 23:24:50 | WARNING | Could not parse candle datetime '2026-01-08 09:58:00': time data '2026-01-08 09:58:00' does not match format '%Y-%m-%dT%H:%M:%S.%fZ'
2026-08-12 23:24:50 | WARNING | Could not parse candle datetime '2026-01-08 09:59:00': time data '2026-01-08 09:59:00' does not match format '%Y-%m-%dT%H:%M:%S.%fZ'
2026-08-12 23:24:50 | WARNING | Could not parse candle datetime '2026-01-08 10:00:00': time data '2026-01-08 10:00:00' does not match format '%Y-%m-%dT%H:%M:%S.%fZ'
2026-08-12 23:24:50 | WARNING | Could not parse candle datetime '2026-01-08 10:01:00': time data '2026-01-08 10:01:00' does not match format '%Y-%m-%dT%H:%M:%S.%fZ'
2026-08-12 23:24:50 | WARNING | Could not parse candle datetime '2026-01-08 10:02:00': time data '2026-01-08 10:02:00' does not match format '%Y-%m-%dT%H:%M:%S.%fZ'
2026-08-12 23:24:50 | WARNING | Could not parse candle datetime '2026-01-08 10:03:00': time data '2026-01-08 10:03:00' does not match format '%Y-%m-%dT%H:%M:%S.%fZ'
2026-08-12 23:24:50 | WARNING | Could not parse candle datetime '2026-01-08 10:04:00': time data '2026-01-08 10:04:00' does not match format '%Y-%m-%dT%H:%M:%S.%fZ'
2026-08-12 23:24:50 | WARNING | Could not parse candle datetime '2026-01-08 10:05:00': time data '2026-01-08 10:05:00' does not match format '%Y-%m-%dT%H:%M:%S.%fZ'
2026-08-12 23:24:50 | WARNING | Could not parse candle datetime '2026-01-08 10:06:00': time data '2026-01-08 10:06:00' does not match format '%Y-%m-%dT%H:%M:%S.%fZ'
2026-08-12 23:24:50 | WARNING | Could not parse candle datetime '2026-01-08 10:07:00': time data '2026-01-08 10:07:00' does not match format '%Y-%m-%dT%H:%M:%S.%fZ'
2026-08-12 23:24:50 | WARNING | Could not parse candle datetime '2026-01-08 10:08:00': time data '2026-01-08 10:08:00' does not match format '%Y-%m-%dT%H:%M:%S.%fZ'
2026-08-12 23:24:50 | WARNING | Could not parse candle datetime '2026-01-08 10:09:00': time data '2026-01-08 10:09:00' does not match format '%Y-%m-%dT%H:%M:%S.%fZ'
2026-08-12 23:24:50 | WARNING | Could not parse candle datetime '2026-01-08 10:10:00': time data '2026-01-08 10:10:00' does not match format '%Y-%m-%dT%H:%M:%S.%fZ'
2026-08-12 23:24:50 | WARNING | Could not parse candle datetime '2026-01-08 10:11:00': time data '2026-01-08 10:11:00' does not match format '%Y-%m-%dT%H:%M:%S.%fZ'
2026-08-12 23:24:50 | WARNING | Could not parse candle datetime '2026-01-08 10:12:00': time data '2026-01-08 10:12:00' does not match format '%Y-%m-%dT%H:%M:%S.%fZ'
2026-08-12 23:24:50 | WARNING | Could not parse candle datetime '2026-01-08 10:13:00': time data '2026-01-08 10:13:00' does not match format '%Y-%m-%dT%H:%M:%S.%fZ'
2026-08-12 23:24:50 | WARNING | Could not parse candle datetime '2026-01-08 10:14:00': time data '2026-01-08 10:14:00' does not match format '%Y-%m-%dT%H:%M:%S.%fZ'
2026-08-12 23:24:50 | WARNING | Could not parse candle datetime '2026-01-08 10:15:00': time data '2026-01-08 10:15:00' does not match format '%Y-%m-%dT%H:%M:%S.%fZ'
2026-08-12 23:24:50 | WARNING | Could not parse candle datetime '2026-01-08 10:16:00': time data '2026-01-08 10:16:00' does not match format '%Y-%m-%dT%H:%M:%S.%fZ'
2026-08-12 23:24:50 | WARNING | Could not parse candle datetime '2026-01-08 10:17:00': time data '2026-01-08 10:17:00' does not match format '%Y-%m-%dT%H:%M:%S.%fZ'
2026-08-12 23:24:50 | WARNING | Could not parse candle datetime '2026-01-08 10:18:00': time data '2026-01-08 10:18:00' does not match format '%Y-%m-%dT%H:%M:%S.%fZ'
2026-08-12 23:24:50 | WARNING | Could not parse candle datetime '2026-01-08 10:19:00': time data '2026-01-08 10:19:00' does not match format '%Y-%m-%dT%H:%M:%S.%fZ'
2026-08-12 23:24:50 | WARNING | Could not parse candle datetime '2026-01-08 10:20:00': time data '2026-01-08 10:20:00' does not match format '%Y-%m-%dT%H:%M:%S.%fZ'
2026-08-12 23:24:50 | WARNING | Could not parse candle datetime '2026-01-08 10:21:00': time data '2026-01-08 10:21:00' does not match format '%Y-%m-%dT%H:%M:%S.%fZ'
2026-08-12 23:24:50 | WARNING | Could not parse candle datetime '2026-01-08 10:22:00': time data '2026-01-08 10:22:00' does not match format '%Y-%m-%dT%H:%M:%S.%fZ'
2026-08-12 23:24:50 | WARNING | Could not parse candle datetime '2026-01-08 10:23:00': time data '2026-01-08 10:23:00' does not match format '%Y-%m-%dT%H:%M:%S.%fZ'
2026-08-12 23:24:50 | WARNING | Could not parse candle datetime '2026-01-08 10:24:00': time data '2026-01-08 10:24:00' does not match format '%Y-%m-%dT%H:%M:%S.%fZ'
2026-08-12 23:24:50 | WARNING | Could not parse candle datetime '2026-01-08 10:25:00': time data '2026-01-08 10:25:00' does not match format '%Y-%m-%dT%H:%M:%S.%fZ'
2026-08-12 23:24:50 | WARNING | Could not parse candle datetime '2026-01-08 10:26:00': time data '2026-01-08 10:26:00' does not match format '%Y-%m-%dT%H:%M:%S.%fZ'
2026-08-12 23:24:50 | WARNING | Could not parse candle datetime '2026-01-08 10:27:00': time data '2026-01-08 10:27:00' does not match format '%Y-%m-%dT%H:%M:%S.%fZ'
2026-08-12 23:24:50 | WARNING | Could not parse candle datetime '2026-01-08 10:28:00': time data '2026-01-08 10:28:00' does not match format '%Y-%m-%dT%H:%M:%S.%fZ'
2026-08-12 23:24:50 | WARNING | Could not parse candle datetime '2026-01-08 10:29:00': time data '2026-01-08 10:29:00' does not match format '%Y-%m-%dT%H:%M:%S.%fZ'
2026-08-12 23:24:50 | WARNING | Could not parse candle datetime '2026-01-08 10:30:00': time data '2026-01-08 10:30:00' does not match format '%Y-%m-%dT%H:%M:%S.%fZ'
2026-08-12 23:24:50 | WARNING | Could not parse candle datetime '2026-01-08 10:31:00': time data '2026-01-08 10:31:00' does not match format '%Y-%m-%dT%H:%M:%S.%fZ'
2026-08-12 23:24:50 | WARNING | Could not parse candle datetime '2026-01-08 10:32:00': time data '2026-01-08 10:32:00' does not match format '%Y-%m-%dT%H:%M:%S.%fZ'
2026-08-12 23:24:50 | WARNING | Could not parse candle datetime '2026-01-08 10:33:00': time data '2026-01-08 10:33:00' does not match format '%Y-%m-%dT%H:%M:%S.%fZ'
2026-08-12 23:24:50 | WARNING | Could not parse candle datetime '2026-01-08 10:34:00': time data '2026-01-08 10:34:00' does not match format '%Y-%m-%dT%H:%M:%S.%fZ'
2026-08-12 23:24:50 | WARNING | Could not parse candle datetime '2026-01-08 10:35:00': time data '2026-01-08 10:35:00' does not match format '%Y-%m-%dT%H:%M:%S.%fZ'
2026-08-12 23:24:50 | WARNING | Could not parse candle datetime '2026-01-08 10:36:00': time data '2026-01-08 10:36:00' does not match format '%Y-%m-%dT%H:%M:%S.%fZ'
2026-08-12 23:24:50 | WARNING | Could not parse candle datetime '2026-01-08 10:37:00': time data '2026-01-08 10:37:00' does not match format '%Y-%m-%dT%H:%M:%S.%fZ'
2026-08-12 23:24:50 | WARNING | Could not parse candle datetime '2026-01-08 10:38:00': time data '2026-01-08 10:38:00' does not match format '%Y-%m-%dT%H:%M:%S.%fZ'
2026-08-12 23:24:50 | WARNING | Could not parse candle datetime '2026-01-08 10:39:00': time data '2026-01-08 10:39:00' does not match format '%Y-%m-%dT%H:%M:%S.%fZ'
2026-08-12 23:24:50 | WARNING | Could not parse candle datetime '2026-01-08 10:40:00': time data '2026-01-08 10:40:00' does not match format '%Y-%m-%dT%H:%M:%S.%fZ'
2026-08-12 23:24:50 | WARNING | Could not parse candle datetime '2026-01-08 10:41:00': time data '2026-01-08 10:41:00' does not match format '%Y-%m-%dT%H:%M:%S.%fZ'
2026-08-12 23:24:50 | WARNING | Could not parse candle datetime '2026-01-08 10:42:00': time data '2026-01-08 10:42:00' does not match format '%Y-%m-%dT%H:%M:%S.%fZ'
2026-08-12 23:24:50 | WARNING | Could not parse candle datetime '2026-01-08 10:43:00': time data '2026-01-08 10:43:00' does not match format '%Y-%m-%dT%H:%M:%S.%fZ'
2026-08-12 23:24:50 | WARNING | Could not parse candle datetime '2026-01-08 10:44:00': time data '2026-01-08 10:44:00' does not match format '%Y-%m-%dT%H:%M:%S.%fZ'
2026-08-12 23:24:50 | WARNING | Could not parse candle datetime '2026-01-08 10:45:00': time data '2026-01-08 10:45:00' does not match format '%Y-%m-%dT%H:%M:%S.%fZ'
2026-08-12 23:24:50 | WARNING | Could not parse candle datetime '2026-01-08 10:46:00': time data '2026-01-08 10:46:00' does not match format '%Y-%m-%dT%H:%M:%S.%fZ'
2026-08-12 23:24:50 | WARNING | Could not parse candle datetime '2026-01-08 10:47:00': time data '2026-01-08 10:47:00' does not match format '%Y-%m-%dT%H:%M:%S.%fZ'
2026-08-12 23:24:50 | WARNING | Could not parse candle datetime '2026-01-08 10:48:00': time data '2026-01-08 10:48:00' does not match format '%Y-%m-%dT%H:%M:%S.%fZ'
2026-08-12 23:24:50 | WARNING | Could not parse candle datetime '2026-01-08 10:49:00': time data '2026-01-08 10:49:00' does not match format '%Y-%m-%dT%H:%M:%S.%fZ'
2026-08-12 23:24:50 | WARNING | Could not parse candle datetime '2026-01-08 10:50:00': time data '2026-01-08 10:50:00' does not match format '%Y-%m-%dT%H:%M:%S.%fZ'
2026-08-12 23:24:50 | WARNING | Could not parse candle datetime '2026-01-08 10:51:00': time data '2026-01-08 10:51:00' does not match format '%Y-%m-%dT%H:%M:%S.%fZ'
2026-08-12 23:24:50 | WARNING | Could not parse candle datetime '2026-01-08 10:52:00': time data '2026-01-08 10:52:00' does not match format '%Y-%m-%dT%H:%M:%S.%fZ'
2026-08-12 23:24:50 | WARNING | Could not parse candle datetime '2026-01-08 10:53:00': time data '2026-01-08 10:53:00' does not match format '%Y-%m-%dT%H:%M:%S.%fZ'
2026-08-12 23:24:50 | WARNING | Could not parse candle datetime '2026-01-08 10:54:00': time data '2026-01-08 10:54:00' does not match format '%Y-%m-%dT%H:%M:%S.%fZ'
2026-08-12 23:24:50 | WARNING | Could not parse candle datetime '2026-01-08 10:55:00': time data '2026-01-08 10:55:00' does not match format '%Y-%m-%dT%H:%M:%S.%fZ'
2026-08-12 23:24:50 | WARNING | Could not parse candle datetime '2026-01-08 10:56:00': time data '2026-01-08 10:56:00' does not match format '%Y-%m-%dT%H:%M:%S.%fZ'
2026-08-12 23:24:50 | WARNING | Could not parse candle datetime '2026-01-08 10:57:00': time data '2026-01-08 10:57:00' does not match format '%Y-%m-%dT%H:%M:%S.%fZ'
2026-08-12 23:24:50 | WARNING | Could not parse candle datetime '2026-01-08 10:58:00': time data '2026-01-08 10:58:00' does not match format '%Y-%m-%dT%H:%M:%S.%fZ'
2026-08-12 23:24:50 | WARNING | Could not parse candle datetime '2026-01-08 10:59:00': time data '2026-01-08 10:59:00' does not match format '%Y-%m-%dT%H:%M:%S.%fZ'
2026-08-12 23:24:50 | WARNING | Could not parse candle datetime '2026-01-08 11:00:00': time data '2026-01-08 11:00:00' does not match format '%Y-%m-%dT%H:%M:%S.%fZ'
2026-08-12 23:24:50 | WARNING | Could not parse candle datetime '2026-01-08 11:01:00': time data '2026-01-08 11:01:00' does not match format '%Y-%m-%dT%H:%M:%S.%fZ'
2026-08-12 23:24:50 | WARNING | Could not parse candle datetime '2026-01-08 11:02:00': time data '2026-01-08 11:02:00' does not match format '%Y-%m-%dT%H:%M:%S.%fZ'
2026-08-12 23:24:50 | WARNING | Could not parse candle datetime '2026-01-08 11:03:00': time data '2026-01-08 11:03:00' does not match format '%Y-%m-%dT%H:%M:%S.%fZ'
2026-08-12 23:24:50 | WARNING | Could not parse candle datetime '2026-01-08 11:04:00': time data '2026-01-08 11:04:00' does not match format '%Y-%m-%dT%H:%M:%S.%fZ'
2026-08-12 23:24:50 | WARNING | Could not parse candle datetime '2026-01-08 11:05:00': time data '2026-01-08 11:05:00' does not match format '%Y-%m-%dT%H:%M:%S.%fZ'
2026-08-12 23:24:50 | WARNING | Could not parse candle datetime '2026-01-08 11:06:00': time data '2026-01-08 11:06:00' does not match format '%Y-%m-%dT%H:%M:%S.%fZ'
2026-08-12 23:24:50 | WARNING | Could not parse candle datetime '2026-01-08 11:07:00': time data '2026-01-08 11:07:00' does not match format '%Y-%m-%dT%H:%M:%S.%fZ'
2026-08-12 23:24:50 | WARNING | Could not parse candle datetime '2026-01-08 11:08:00': time data '2026-01-08 11:08:00' does not match format '%Y-%m-%dT%H:%M:%S.%fZ'
2026-08-12 23:24:50 | WARNING | Could not parse candle datetime '2026-01-08 11:09:00': time data '2026-01-08 11:09:00' does not match format '%Y-%m-%dT%H:%M:%S.%fZ'
2026-08-12 23:24:50 | WARNING | Could not parse candle datetime '2026-01-08 11:10:00': time data '2026-01-08 11:10:00' does not match format '%Y-%m-%dT%H:%M:%S.%fZ'
2026-08-12 23:24:50 | WARNING | Could not parse candle datetime '2026-01-08 11:11:00': time data '2026-01-08 11:11:00' does not match format '%Y-%m-%dT%H:%M:%S.%fZ'
2026-08-12 23:24:50 | WARNING | Could not parse candle datetime '2026-01-08 11:12:00': time data '2026-01-08 11:12:00' does not match format '%Y-%m-%dT%H:%M:%S.%fZ'
2026-08-12 23:24:50 | WARNING | Could not parse candle datetime '2026-01-08 11:13:00': time data '2026-01-08 11:13:00' does not match format '%Y-%m-%dT%H:%M:%S.%fZ'
2026-08-12 23:24:50 | WARNING | Could not parse candle datetime '2026-01-08 11:14:00': time data '2026-01-08 11:14:00' does not match format '%Y-%m-%dT%H:%M:%S.%fZ'
2026-08-12 23:24:50 | WARNING | Could not parse candle datetime '2026-01-08 11:15:00': time data '2026-01-08 11:15:00' does not match format '%Y-%m-%dT%H:%M:%S.%fZ'
2026-08-12 23:24:50 | WARNING | Could not parse candle datetime '2026-01-08 11:16:00': time data '2026-01-08 11:16:00' does not match format '%Y-%m-%dT%H:%M:%S.%fZ'
2026-08-12 23:24:50 | WARNING | Could not parse candle datetime '2026-01-08 11:17:00': time data '2026-01-08 11:17:00' does not match format '%Y-%m-%dT%H:%M:%S.%fZ'
2026-08-12 23:24:50 | WARNING | Could not parse candle datetime '2026-01-08 11:18:00': time data '2026-01-08 11:18:00' does not match format '%Y-%m-%dT%H:%M:%S.%fZ'
2026-08-12 23:24:50 | WARNING | Could not parse candle datetime '2026-01-08 11:19:00': time data '2026-01-08 11:19:00' does not match format '%Y-%m-%dT%H:%M:%S.%fZ'
2026-08-12 23:24:50 | WARNING | Could not parse candle datetime '2026-01-08 11:20:00': time data '2026-01-08 11:20:00' does not match format '%Y-%m-%dT%H:%M:%S.%fZ'
2026-08-12 23:24:50 | WARNING | Could not parse candle datetime '2026-01-08 11:21:00': time data '2026-01-08 11:21:00' does not match format '%Y-%m-%dT%H:%M:%S.%fZ'
2026-08-12 23:24:50 | WARNING | Could not parse candle datetime '2026-01-08 11:22:00': time data '2026-01-08 11:22:00' does not match format '%Y-%m-%dT%H:%M:%S.%fZ'
2026-08-12 23:24:50 | WARNING | Could not parse candle datetime '2026-01-08 11:23:00': time data '2026-01-08 11:23:00' does not match format '%Y-%m-%dT%H:%M:%S.%fZ'
2026-08-12 23:24:50 | WARNING | Could not parse candle datetime '2026-01-08 11:24:00': time data '2026-01-08 11:24:00' does not match format '%Y-%m-%dT%H:%M:%S.%fZ'
2026-08-12 23:24:50 | WARNING | Could not parse candle datetime '2026-01-08 11:25:00': time data '2026-01-08 11:25:00' does not match format '%Y-%m-%dT%H:%M:%S.%fZ'
2026-08-12 23:24:50 | WARNING | Could not parse candle datetime '2026-01-08 11:26:00': time data '2026-01-08 11:26:00' does not match format '%Y-%m-%dT%H:%M:%S.%fZ'
2026-08-12 23:24:50 | WARNING | Could not parse candle datetime '2026-01-08 11:27:00': time data '2026-01-08 11:27:00' does not match format '%Y-%m-%dT%H:%M:%S.%fZ'
2026-08-12 23:24:50 | WARNING | Could not parse candle datetime '2026-01-08 11:28:00': time data '2026-01-08 11:28:00' does not match format '%Y-%m-%dT%H:%M:%S.%fZ'
2026-08-12 23:24:50 | WARNING | Could not parse candle datetime '2026-01-08 11:29:00': time data '2026-01-08 11:29:00' does not match format '%Y-%m-%dT%H:%M:%S.%fZ'
2026-08-12 23:24:50 | WARNING | Could not parse candle datetime '2026-01-08 11:30:00': time data '2026-01-08 11:30:00' does not match format '%Y-%m-%dT%H:%M:%S.%fZ'
2026-08-12 23:24:50 | WARNING | Could not parse candle datetime '2026-01-08 11:31:00': time data '2026-01-08 11:31:00' does not match format '%Y-%m-%dT%H:%M:%S.%fZ'
2026-08-12 23:24:50 | WARNING | Could not parse candle datetime '2026-01-08 11:32:00': time data '2026-01-08 11:32:00' does not match format '%Y-%m-%dT%H:%M:%S.%fZ'
2026-08-12 23:24:50 | WARNING | Could not parse candle datetime '2026-01-08 11:33:00': time data '2026-01-08 11:33:00' does not match format '%Y-%m-%dT%H:%M:%S.%fZ'
2026-08-12 23:24:50 | WARNING | Could not parse candle datetime '2026-01-08 11:34:00': time data '2026-01-08 11:34:00' does not match format '%Y-%m-%dT%H:%M:%S.%fZ'
2026-08-12 23:24:50 | WARNING | Could not parse candle datetime '2026-01-08 11:35:00': time data '2026-01-08 11:35:00' does not match format '%Y-%m-%dT%H:%M:%S.%fZ'
2026-08-12 23:24:50 | WARNING | Could not parse candle datetime '2026-01-08 11:36:00': time data '2026-01-08 11:36:00' does not match format '%Y-%m-%dT%H:%M:%S.%fZ'
2026-08-12 23:24:50 | WARNING | Could not parse candle datetime '2026-01-08 11:37:00': time data '2026-01-08 11:37:00' does not match format '%Y-%m-%dT%H:%M:%S.%fZ'
2026-08-12 23:24:50 | WARNING | Could not parse candle datetime '2026-01-08 11:38:00': time data '2026-01-08 11:38:00' does not match format '%Y-%m-%dT%H:%M:%S.%fZ'
2026-08-12 23:24:50 | WARNING | Could not parse candle datetime '2026-01-08 11:39:00': time data '2026-01-08 11:39:00' does not match format '%Y-%m-%dT%H:%M:%S.%fZ'
2026-08-12 23:24:50 | WARNING | Could not parse candle datetime '2026-01-08 11:40:00': time data '2026-01-08 11:40:00' does not match format '%Y-%m-%dT%H:%M:%S.%fZ'
2026-08-12 23:24:50 | WARNING | Could not parse candle datetime '2026-01-08 11:41:00': time data '2026-01-08 11:41:00' does not match format '%Y-%m-%dT%H:%M:%S.%fZ'
2026-08-12 23:24:50 | WARNING | Could not parse candle datetime '2026-01-08 11:42:00': time data '2026-01-08 11:42:00' does not match format '%Y-%m-%dT%H:%M:%S.%fZ'
2026-08-12 23:24:50 | WARNING | Could not parse candle datetime '2026-01-08 11:43:00': time data '2026-01-08 11:43:00' does not match format '%Y-%m-%dT%H:%M:%S.%fZ'
2026-08-12 23:24:50 | WARNING | Could not parse candle datetime '2026-01-08 11:44:00': time data '2026-01-08 11:44:00' does not match format '%Y-%m-%dT%H:%M:%S.%fZ'
2026-08-12 23:24:50 | WARNING | Could not parse candle datetime '2026-01-08 11:45:00': time data '2026-01-08 11:45:00' does not match format '%Y-%m-%dT%H:%M:%S.%fZ'
2026-08-12 23:24:50 | WARNING | Could not parse candle datetime '2026-01-08 11:46:00': time data '2026-01-08 11:46:00' does not match format '%Y-%m-%dT%H:%M:%S.%fZ'
2026-08-12 23:24:50 | WARNING | Could not parse candle datetime '2026-01-08 11:47:00': time data '2026-01-08 11:47:00' does not match format '%Y-%m-%dT%H:%M:%S.%fZ'
2026-08-12 23:24:50 | WARNING | Could not parse candle datetime '2026-01-08 11:48:00': time data '2026-01-08 11:48:00' does not match format '%Y-%m-%dT%H:%M:%S.%fZ'
2026-08-12 23:24:50 | WARNING | Could not parse candle datetime '2026-01-08 11:49:00': time data '2026-01-08 11:49:00' does not match format '%Y-%m-%dT%H:%M:%S.%fZ'
2026-08-12 23:24:50 | WARNING | Could not parse candle datetime '2026-01-08 11:50:00': time data '2026-01-08 11:50:00' does not match format '%Y-%m-%dT%H:%M:%S.%fZ'
2026-08-12 23:24:50 | WARNING | Could not parse candle datetime '2026-01-08 11:51:00': time data '2026-01-08 11:51:00' does not match format '%Y-%m-%dT%H:%M:%S.%fZ'
2026-08-12 23:24:50 | WARNING | Could not parse candle datetime '2026-01-08 11:52:00': time data '2026-01-08 11:52:00' does not match format '%Y-%m-%dT%H:%M:%S.%fZ'
2026-08-12 23:24:50 | WARNING | Could not parse candle datetime '2026-01-08 11:53:00': time data '2026-01-08 11:53:00' does not match format '%Y-%m-%dT%H:%M:%S.%fZ'
2026-08-12 23:24:50 | WARNING | Could not parse candle datetime '2026-01-08 11:54:00': time data '2026-01-08 11:54:00' does not match format '%Y-%m-%dT%H:%M:%S.%fZ'
2026-08-12 23:24:50 | WARNING | Could not parse candle datetime '2026-01-08 11:55:00': time data '2026-01-08 11:55:00' does not match format '%Y-%m-%dT%H:%M:%S.%fZ'
2026-08-12 23:24:50 | WARNING | Could not parse candle datetime '2026-01-08 11:56:00': time data '2026-01-08 11:56:00' does not match format '%Y-%m-%dT%H:%M:%S.%fZ'
2026-08-12 23:24:50 | WARNING | Could not parse candle datetime '2026-01-08 11:57:00': time data '2026-01-08 11:57:00' does not match format '%Y-%m-%dT%H:%M:%S.%fZ'
2026-08-12 23:24:50 | WARNING | Could not parse candle datetime '2026-01-08 11:58:00': time data '2026-01-08 11:58:00' does not match format '%Y-%m-%dT%H:%M:%S.%fZ'
2026-08-12 23:24:50 | WARNING | Could not parse candle datetime '2026-01-08 11:59:00': time data '2026-01-08 11:59:00' does not match format '%Y-%m-%dT%H:%M:%S.%fZ'
2026-08-12 23:24:50 | WARNING | Could not parse candle datetime '2026-01-08 12:00:00': time data '2026-01-08 12:00:00' does not match format '%Y-%m-%dT%H:%M:%S.%fZ'
2026-08-12 23:24:50 | WARNING | Could not parse candle datetime '2026-01-08 12:01:00': time data '2026-01-08 12:01:00' does not match format '%Y-%m-%dT%H:%M:%S.%fZ'
2026-08-12 23:24:50 | WARNING | Could not parse candle datetime '2026-01-08 12:02:00': time data '2026-01-08 12:02:00' does not match format '%Y-%m-%dT%H:%M:%S.%fZ'
2026-08-12 23:24:50 | WARNING | Could not parse candle datetime '2026-01-08 12:03:00': time data '2026-01-08 12:03:00' does not match format '%Y-%m-%dT%H:%M:%S.%fZ'
2026-08-12 23:24:50 | WARNING | Could not parse candle datetime '2026-01-08 12:04:00': time data '2026-01-08 12:04:00' does not match format '%Y-%m-%dT%H:%M:%S.%fZ'
2026-08-12 23:24:50 | WARNING | Could not parse candle datetime '2026-01-08 12:05:00': time data '2026-01-08 12:05:00' does not match format '%Y-%m-%dT%H:%M:%S.%fZ'
2026-08-12 23:24:50 | WARNING | Could not parse candle datetime '2026-01-08 12:06:00': time data '2026-01-08 12:06:00' does not match format '%Y-%m-%dT%H:%M:%S.%fZ'
2026-08-12 23:24:50 | WARNING | Could not parse candle datetime '2026-01-08 12:07:00': time data '2026-01-08 12:07:00' does not match format '%Y-%m-%dT%H:%M:%S.%fZ'
2026-08-12 23:24:50 | WARNING | Could not parse candle datetime '2026-01-08 12:08:00': time data '2026-01-08 12:08:00' does not match format '%Y-%m-%dT%H:%M:%S.%fZ'
2026-08-12 23:24:50 | WARNING | Could not parse candle datetime '2026-01-08 12:09:00': time data '2026-01-08 12:09:00' does not match format '%Y-%m-%dT%H:%M:%S.%fZ'
2026-08-12 23:24:50 | WARNING | Could not parse candle datetime '2026-01-08 12:10:00': time data '2026-01-08 12:10:00' does not match format '%Y-%m-%dT%H:%M:%S.%fZ'
2026-08-12 23:24:50 | WARNING | Could not parse candle datetime '2026-01-08 12:11:00': time data '2026-01-08 12:11:00' does not match format '%Y-%m-%dT%H:%M:%S.%fZ'
2026-08-12 23:24:50 | WARNING | Could not parse candle datetime '2026-01-08 12:12:00': time data '2026-01-08 12:12:00' does not match format '%Y-%m-%dT%H:%M:%S.%fZ'
2026-08-12 23:24:50 | WARNING | Could not parse candle datetime '2026-01-08 12:13:00': time data '2026-01-08 12:13:00' does not match format '%Y-%m-%dT%H:%M:%S.%fZ'
2026-08-12 23:24:50 | WARNING | Could not parse candle datetime '2026-01-08 12:14:00': time data '2026-01-08 12:14:00' does not match format '%Y-%m-%dT%H:%M:%S.%fZ'
2026-08-12 23:24:50 | WARNING | Could not parse candle datetime '2026-01-08 12:15:00': time data '2026-01-08 12:15:00' does not match format '%Y-%m-%dT%H:%M:%S.%fZ'
2026-08-12 23:24:50 | WARNING | Could not parse candle datetime '2026-01-08 12:16:00': time data '2026-01-08 12:16:00' does not match format '%Y-%m-%dT%H:%M:%S.%fZ'
2026-08-12 23:24:50 | WARNING | Could not parse candle datetime '2026-01-08 12:17:00': time data '2026-01-08 12:17:00' does not match format '%Y-%m-%dT%H:%M:%S.%fZ'
2026-08-12 23:24:50 | WARNING | Could not parse candle datetime '2026-01-08 12:18:00': time data '2026-01-08 12:18:00' does not match format '%Y-%m-%dT%H:%M:%S.%fZ'
2026-08-12 23:24:50 | WARNING | Could not parse candle datetime '2026-01-08 12:19:00': time data '2026-01-08 12:19:00' does not match format '%Y-%m-%dT%H:%M:%S.%fZ'
2026-08-12 23:24:50 | WARNING | Could not parse candle datetime '2026-01-08 12:20:00': time data '2026-01-08 12:20:00' does not match format '%Y-%m-%dT%H:%M:%S.%fZ'
2026-08-12 23:24:50 | WARNING | Could not parse candle datetime '2026-01-08 12:21:00': time data '2026-01-08 12:21:00' does not match format '%Y-%m-%dT%H:%M:%S.%fZ'
2026-08-12 23:24:50 | WARNING | Could not parse candle datetime '2026-01-08 12:22:00': time data '2026-01-08 12:22:00' does not match format '%Y-%m-%dT%H:%M:%S.%fZ'
2026-08-12 23:24:50 | WARNING | Could not parse candle datetime '2026-01-08 12:23:00': time data '2026-01-08 12:23:00' does not match format '%Y-%m-%dT%H:%M:%S.%fZ'
2026-08-12 23:24:50 | WARNING | Could not parse candle datetime '2026-01-08 12:24:00': time data '2026-01-08 12:24:00' does not match format '%Y-%m-%dT%H:%M:%S.%fZ'
2026-08-12 23:24:50 | WARNING | Could not parse candle datetime '2026-01-08 12:25:00': time data '2026-01-08 12:25:00' does not match format '%Y-%m-%dT%H:%M:%S.%fZ'
2026-08-12 23:24:50 | WARNING | Could not parse candle datetime '2026-01-08 12:26:00': time data '2026-01-08 12:26:00' does not match format '%Y-%m-%dT%H:%M:%S.%fZ'
2026-08-12 23:24:50 | WARNING | Could not parse candle datetime '2026-01-08 12:27:00': time data '2026-01-08 12:27:00' does not match format '%Y-%m-%dT%H:%M:%S.%fZ'
2026-08-12 23:24:50 | WARNING | Could not parse candle datetime '2026-01-08 12:28:00': time data '2026-01-08 12:28:00' does not match format '%Y-%m-%dT%H:%M:%S.%fZ'
2026-08-12 23:24:50 | WARNING | Could not parse candle datetime '2026-01-08 12:29:00': time data '2026-01-08 12:29:00' does not match format '%Y-%m-%dT%H:%M:%S.%fZ'
2026-08-12 23:24:50 | WARNING | Could not parse candle datetime '2026-01-08 12:30:00': time data '2026-01-08 12:30:00' does not match format '%Y-%m-%dT%H:%M:%S.%fZ'
2026-08-12 23:24:50 | WARNING | Could not parse candle datetime '2026-01-08 12:31:00': time data '2026-01-08 12:31:00' does not match format '%Y-%m-%dT%H:%M:%S.%fZ'
2026-08-12 23:24:50 | WARNING | Could not parse candle datetime '2026-01-08 12:32:00': time data '2026-01-08 12:32:00' does not match format '%Y-%m-%dT%H:%M:%S.%fZ'
2026-08-12 23:24:50 | WARNING | Could not parse candle datetime '2026-01-08 12:33:00': time data '2026-01-08 12:33:00' does not match format '%Y-%m-%dT%H:%M:%S.%fZ'
2026-08-12 23:24:50 | WARNING | Could not parse candle datetime '2026-01-08 12:34:00': time data '2026-01-08 12:34:00' does not match format '%Y-%m-%dT%H:%M:%S.%fZ'
2026-08-12 23:24:50 | WARNING | Could not parse candle datetime '2026-01-08 12:35:00': time data '2026-01-08 12:35:00' does not match format '%Y-%m-%dT%H:%M:%S.%fZ'
2026-08-12 23:24:50 | WARNING | Could not parse candle datetime '2026-01-08 12:36:00': time data '2026-01-08 12:36:00' does not match format '%Y-%m-%dT%H:%M:%S.%fZ'
2026-08-12 23:24:50 | WARNING | Could not parse candle datetime '2026-01-08 12:37:00': time data '2026-01-08 12:37:00' does not match format '%Y-%m-%dT%H:%M:%S.%fZ'
2026-08-12 23:24:50 | WARNING | Could not parse candle datetime '2026-01-08 12:38:00': time data '2026-01-08 12:38:00' does not match format '%Y-%m-%dT%H:%M:%S.%fZ'
2026-08-12 23:24:50 | WARNING | Could not parse candle datetime '2026-01-08 12:39:00': time data '2026-01-08 12:39:00' does not match format '%Y-%m-%dT%H:%M:%S.%fZ'
2026-08-12 23:24:50 | WARNING | Could not parse candle datetime '2026-01-08 12:40:00': time data '2026-01-08 12:40:00' does not match format '%Y-%m-%dT%H:%M:%S.%fZ'
2026-08-12 23:24:50 | WARNING | Could not parse candle datetime '2026-01-08 12:41:00': time data '2026-01-08 12:41:00' does not match format '%Y-%m-%dT%H:%M:%S.%fZ'
2026-08-12 23:24:50 | WARNING | Could not parse candle datetime '2026-01-08 12:42:00': time data '2026-01-08 12:42:00' does not match format '%Y-%m-%dT%H:%M:%S.%fZ'
2026-08-12 23:24:50 | WARNING | Could not parse candle datetime '2026-01-08 12:43:00': time data '2026-01-08 12:43:00' does not match format '%Y-%m-%dT%H:%M:%S.%fZ'
2026-08-12 23:24:50 | WARNING | Could not parse candle datetime '2026-01-08 12:44:00': time data '2026-01-08 12:44:00' does not match format '%Y-%m-%dT%H:%M:%S.%fZ'
2026-08-12 23:24:50 | WARNING | Could not parse candle datetime '2026-01-08 12:45:00': time data '2026-01-08 12:45:00' does not match format '%Y-%m-%dT%H:%M:%S.%fZ'
2026-08-12 23:24:50 | WARNING | Could not parse candle datetime '2026-01-08 12:46:00': time data '2026-01-08 12:46:00' does not match format '%Y-%m-%dT%H:%M:%S.%fZ'
2026-08-12 23:24:50 | WARNING | Could not parse candle datetime '2026-01-08 12:47:00': time data '2026-01-08 12:47:00' does not match format '%Y-%m-%dT%H:%M:%S.%fZ'
2026-08-12 23:24:50 | WARNING | Could not parse candle datetime '2026-01-08 12:48:00': time data '2026-01-08 12:48:00' does not match format '%Y-%m-%dT%H:%M:%S.%fZ'
2026-08-12 23:24:50 | WARNING | Could not parse candle datetime '2026-01-08 12:49:00': time data '2026-01-08 12:49:00' does not match format '%Y-%m-%dT%H:%M:%S.%fZ'
2026-08-12 23:24:50 | WARNING | Could not parse candle datetime '2026-01-08 12:50:00': time data '2026-01-08 12:50:00' does not match format '%Y-%m-%dT%H:%M:%S.%fZ'
2026-08-12 23:24:50 | WARNING | Could not parse candle datetime '2026-01-08 12:51:00': time data '2026-01-08 12:51:00' does not match format '%Y-%m-%dT%H:%M:%S.%fZ'
2026-08-12 23:24:50 | WARNING | Could not parse candle datetime '2026-01-08 12:52:00': time data '2026-01-08 12:52:00' does not match format '%Y-%m-%dT%H:%M:%S.%fZ'
2026-08-12 23:24:50 | WARNING | Could not parse candle datetime '2026-01-08 12:53:00': time data '2026-01-08 12:53:00' does not match format '%Y-%m-%dT%H:%M:%S.%fZ'
2026-08-12 23:24:50 | WARNING | Could not parse candle datetime '2026-01-08 12:54:00': time data '2026-01-08 12:54:00' does not match format '%Y-%m-%dT%H:%M:%S.%fZ'
2026-08-12 23:24:50 | WARNING | Could not parse candle datetime '2026-01-08 12:55:00': time data '2026-01-08 12:55:00' does not match format '%Y-%m-%dT%H:%M:%S.%fZ'
2026-08-12 23:24:50 | WARNING | Could not parse candle datetime '2026-01-08 12:56:00': time data '2026-01-08 12:56:00' does not match format '%Y-%m-%dT%H:%M:%S.%fZ'
2026-08-12 23:24:50 | WARNING | Could not parse candle datetime '2026-01-08 12:57:00': time data '2026-01-08 12:57:00' does not match format '%Y-%m-%dT%H:%M:%S.%fZ'
2026-08-12 23:24:50 | WARNING | Could not parse candle datetime '2026-01-08 12:58:00': time data '2026-01-08 12:58:00' does not match format '%Y-%m-%dT%H:%M:%S.%fZ'
2026-08-12 23:24:50 | WARNING | Could not parse candle datetime '2026-01-08 12:59:00': time data '2026-01-08 12:59:00' does not match format '%Y-%m-%dT%H:%M:%S.%fZ'
2026-08-12 23:24:50 | WARNING | Could not parse candle datetime '2026-01-08 13:00:00': time data '2026-01-08 13:00:00' does not match format '%Y-%m-%dT%H:%M:%S.%fZ'
2026-08-12 23:24:50 | WARNING | Could not parse candle datetime '2026-01-08 13:01:00': time data '2026-01-08 13:01:00' does not match format '%Y-%m-%dT%H:%M:%S.%fZ'
2026-08-12 23:24:50 | WARNING | Could not parse candle datetime '2026-01-08 13:02:00': time data '2026-01-08 13:02:00' does not match format '%Y-%m-%dT%H:%M:%S.%fZ'
2026-08-12 23:24:50 | WARNING | Could not parse candle datetime '2026-01-08 13:03:00': time data '2026-01-08 13:03:00' does not match format '%Y-%m-%dT%H:%M:%S.%fZ'
2026-08-12 23:24:50 | WARNING | Could not parse candle datetime '2026-01-08 13:04:00': time data '2026-01-08 13:04:00' does not match format '%Y-%m-%dT%H:%M:%S.%fZ'
2026-08-12 23:24:50 | WARNING | Could not parse candle datetime '2026-01-08 13:05:00': time data '2026-01-08 13:05:00' does not match format '%Y-%m-%dT%H:%M:%S.%fZ'
2026-08-12 23:24:50 | WARNING | Could not parse candle datetime '2026-01-08 13:06:00': time data '2026-01-08 13:06:00' does not match format '%Y-%m-%dT%H:%M:%S.%fZ'
2026-08-12 23:24:50 | WARNING | Could not parse candle datetime '2026-01-08 13:07:00': time data '2026-01-08 13:07:00' does not match format '%Y-%m-%dT%H:%M:%S.%fZ'
2026-08-12 23:24:50 | WARNING | Could not parse candle datetime '2026-01-08 13:08:00': time data '2026-01-08 13:08:00' does not match format '%Y-%m-%dT%H:%M:%S.%fZ'
2026-08-12 23:24:50 | WARNING | Could not parse candle datetime '2026-01-08 13:09:00': time data '2026-01-08 13:09:00' does not match format '%Y-%m-%dT%H:%M:%S.%fZ'
2026-08-12 23:24:50 | WARNING | Could not parse candle datetime '2026-01-08 13:10:00': time data '2026-01-08 13:10:00' does not match format '%Y-%m-%dT%H:%M:%S.%fZ'
2026-08-12 23:24:50 | WARNING | Could not parse candle datetime '2026-01-08 13:11:00': time data '2026-01-08 13:11:00' does not match format '%Y-%m-%dT%H:%M:%S.%fZ'
2026-08-12 23:24:50 | WARNING | Could not parse candle datetime '2026-01-08 13:12:00': time data '2026-01-08 13:12:00' does not match format '%Y-%m-%dT%H:%M:%S.%fZ'
2026-08-12 23:24:50 | WARNING | Could not parse candle datetime '2026-01-08 13:13:00': time data '2026-01-08 13:13:00' does not match format '%Y-%m-%dT%H:%M:%S.%fZ'
2026-08-12 23:24:50 | WARNING | Could not parse candle datetime '2026-01-08 13:14:00': time data '2026-01-08 13:14:00' does not match format '%Y-%m-%dT%H:%M:%S.%fZ'
2026-08-12 23:24:50 | WARNING | Could not parse candle datetime '2026-01-08 13:15:00': time data '2026-01-08 13:15:00' does not match format '%Y-%m-%dT%H:%M:%S.%fZ'
2026-08-12 23:24:50 | WARNING | Could not parse candle datetime '2026-01-08 13:16:00': time data '2026-01-08 13:16:00' does not match format '%Y-%m-%dT%H:%M:%S.%fZ'
2026-08-12 23:24:50 | WARNING | Could not parse candle datetime '2026-01-08 13:17:00': time data '2026-01-08 13:17:00' does not match format '%Y-%m-%dT%H:%M:%S.%fZ'
2026-08-12 23:24:50 | WARNING | Could not parse candle datetime '2026-01-08 13:18:00': time data '2026-01-08 13:18:00' does not match format '%Y-%m-%dT%H:%M:%S.%fZ'
2026-08-12 23:24:50 | WARNING | Could not parse candle datetime '2026-01-08 13:19:00': time data '2026-01-08 13:19:00' does not match format '%Y-%m-%dT%H:%M:%S.%fZ'
2026-08-12 23:24:50 | WARNING | Could not parse candle datetime '2026-01-08 13:20:00': time data '2026-01-08 13:20:00' does not match format '%Y-%m-%dT%H:%M:%S.%fZ'
2026-08-12 23:24:50 | WARNING | Could not parse candle datetime '2026-01-08 13:21:00': time data '2026-01-08 13:21:00' does not match format '%Y-%m-%dT%H:%M:%S.%fZ'
2026-08-12 23:24:50 | WARNING | Could not parse candle datetime '2026-01-08 13:22:00': time data '2026-01-08 13:22:00' does not match format '%Y-%m-%dT%H:%M:%S.%fZ'
2026-08-12 23:24:50 | WARNING | Could not parse candle datetime '2026-01-08 13:23:00': time data '2026-01-08 13:23:00' does not match format '%Y-%m-%dT%H:%M:%S.%fZ'
2026-08-12 23:24:50 | WARNING | Could not parse candle datetime '2026-01-08 13:24:00': time data '2026-01-08 13:24:00' does not match format '%Y-%m-%dT%H:%M:%S.%fZ'
2026-08-12 23:24:50 | WARNING | Could not parse candle datetime '2026-01-08 13:25:00': time data '2026-01-08 13:25:00' does not match format '%Y-%m-%dT%H:%M:%S.%fZ'
2026-08-12 23:24:50 | WARNING | Could not parse candle datetime '2026-01-08 13:26:00': time data '2026-01-08 13:26:00' does not match format '%Y-%m-%dT%H:%M:%S.%fZ'
2026-08-12 23:24:50 | WARNING | Could not parse candle datetime '2026-01-08 13:27:00': time data '2026-01-08 13:27:00' does not match format '%Y-%m-%dT%H:%M:%S.%fZ'
2026-08-12 23:24:50 | WARNING | Could not parse candle datetime '2026-01-08 13:28:00': time data '2026-01-08 13:28:00' does not match format '%Y-%m-%dT%H:%M:%S.%fZ'
2026-08-12 23:24:50 | WARNING | Could not parse candle datetime '2026-01-08 13:29:00': time data '2026-01-08 13:29:00' does not match format '%Y-%m-%dT%H:%M:%S.%fZ'
2026-08-12 23:24:50 | WARNING | Could not parse candle datetime '2026-01-08 13:30:00': time data '2026-01-08 13:30:00' does not match format '%Y-%m-%dT%H:%M:%S.%fZ'
2026-08-12 23:24:50 | WARNING | Could not parse candle datetime '2026-01-08 13:31:00': time data '2026-01-08 13:31:00' does not match format '%Y-%m-%dT%H:%M:%S.%fZ'
2026-08-12 23:24:50 | WARNING | Could not parse candle datetime '2026-01-08 13:32:00': time data '2026-01-08 13:32:00' does not match format '%Y-%m-%dT%H:%M:%S.%fZ'
2026-08-12 23:24:50 | WARNING | Could not parse candle datetime '2026-01-08 13:33:00': time data '2026-01-08 13:33:00' does not match format '%Y-%m-%dT%H:%M:%S.%fZ'
2026-08-12 23:24:50 | WARNING | Could not parse candle datetime '2026-01-08 13:34:00': time data '2026-01-08 13:34:00' does not match format '%Y-%m-%dT%H:%M:%S.%fZ'
2026-08-12 23:24:50 | WARNING | Could not parse candle datetime '2026-01-08 13:35:00': time data '2026-01-08 13:35:00' does not match format '%Y-%m-%dT%H:%M:%S.%fZ'
2026-08-12 23:24:50 | WARNING | Could not parse candle datetime '2026-01-08 13:36:00': time data '2026-01-08 13:36:00' does not match format '%Y-%m-%dT%H:%M:%S.%fZ'
2026-08-12 23:24:50 | WARNING | Could not parse candle datetime '2026-01-08 13:37:00': time data '2026-01-08 13:37:00' does not match format '%Y-%m-%dT%H:%M:%S.%fZ'
2026-08-12 23:24:50 | WARNING | Could not parse candle datetime '2026-01-08 13:38:00': time data '2026-01-08 13:38:00' does not match format '%Y-%m-%dT%H:%M:%S.%fZ'
2026-08-12 23:24:50 | WARNING | Could not parse candle datetime '2026-01-08 13:39:00': time data '2026-01-08 13:39:00' does not match format '%Y-%m-%dT%H:%M:%S.%fZ'
2026-08-12 23:24:50 | WARNING | Could not parse candle datetime '2026-01-08 13:40:00': time data '2026-01-08 13:40:00' does not match format '%Y-%m-%dT%H:%M:%S.%fZ'
2026-08-12 23:24:50 | WARNING | Could not parse candle datetime '2026-01-08 13:41:00': time data '2026-01-08 13:41:00' does not match format '%Y-%m-%dT%H:%M:%S.%fZ'
2026-08-12 23:24:50 | WARNING | Could not parse candle datetime '2026-01-08 13:42:00': time data '2026-01-08 13:42:00' does not match format '%Y-%m-%dT%H:%M:%S.%fZ'
2026-08-12 23:24:50 | WARNING | Could not parse candle datetime '2026-01-08 13:43:00': time data '2026-01-08 13:43:00' does not match format '%Y-%m-%dT%H:%M:%S.%fZ'
2026-08-12 23:24:50 | WARNING | Could not parse candle datetime '2026-01-08 13:44:00': time data '2026-01-08 13:44:00' does not match format '%Y-%m-%dT%H:%M:%S.%fZ'
2026-08-12 23:24:50 | WARNING | Could not parse candle datetime '2026-01-08 13:45:00': time data '2026-01-08 13:45:00' does not match format '%Y-%m-%dT%H:%M:%S.%fZ'
2026-08-12 23:24:50 | WARNING | Could not parse candle datetime '2026-01-08 13:46:00': time data '2026-01-08 13:46:00' does not match format '%Y-%m-%dT%H:%M:%S.%fZ'
2026-08-12 23:24:50 | WARNING | Could not parse candle datetime '2026-01-08 13:47:00': time data '2026-01-08 13:47:00' does not match format '%Y-%m-%dT%H:%M:%S.%fZ'
2026-08-12 23:24:50 | WARNING | Could not parse candle datetime '2026-01-08 13:48:00': time data '2026-01-08 13:48:00' does not match format '%Y-%m-%dT%H:%M:%S.%fZ'
2026-08-12 23:24:50 | WARNING | Could not parse candle datetime '2026-01-08 13:49:00': time data '2026-01-08 13:49:00' does not match format '%Y-%m-%dT%H:%M:%S.%fZ'
2026-08-12 23:24:50 | WARNING | Could not parse candle datetime '2026-01-08 13:50:00': time data '2026-01-08 13:50:00' does not match format '%Y-%m-%dT%H:%M:%S.%fZ'
2026-08-12 23:24:50 | WARNING | Could not parse candle datetime '2026-01-08 13:51:00': time data '2026-01-08 13:51:00' does not match format '%Y-%m-%dT%H:%M:%S.%fZ'
2026-08-12 23:24:50 | WARNING | Could not parse candle datetime '2026-01-08 13:52:00': time data '2026-01-08 13:52:00' does not match format '%Y-%m-%dT%H:%M:%S.%fZ'
2026-08-12 23:24:50 | WARNING | Could not parse candle datetime '2026-01-08 13:53:00': time data '2026-01-08 13:53:00' does not match format '%Y-%m-%dT%H:%M:%S.%fZ'
2026-08-12 23:24:50 | WARNING | Could not parse candle datetime '2026-01-08 13:54:00': time data '2026-01-08 13:54:00' does not match format '%Y-%m-%dT%H:%M:%S.%fZ'
2026-08-12 23:24:50 | WARNING | Could not parse candle datetime '2026-01-08 13:55:00': time data '2026-01-08 13:55:00' does not match format '%Y-%m-%dT%H:%M:%S.%fZ'
2026-08-12 23:24:50 | WARNING | Could not parse candle datetime '2026-01-08 13:56:00': time data '2026-01-08 13:56:00' does not match format '%Y-%m-%dT%H:%M:%S.%fZ'
2026-08-12 23:24:50 | WARNING | Could not parse candle datetime '2026-01-08 13:57:00': time data '2026-01-08 13:57:00' does not match format '%Y-%m-%dT%H:%M:%S.%fZ'
2026-08-12 23:24:50 | WARNING | Could not parse candle datetime '2026-01-08 13:58:00': time data '2026-01-08 13:58:00' does not match format '%Y-%m-%dT%H:%M:%S.%fZ'
2026-08-12 23:24:50 | WARNING | Could not parse candle datetime '2026-01-08 13:59:00': time data '2026-01-08 13:59:00' does not match format '%Y-%m-%dT%H:%M:%S.%fZ'
2026-08-12 23:24:50 | WARNING | Could not parse candle datetime '2026-01-08 14:00:00': time data '2026-01-08 14:00:00' does not match format '%Y-%m-%dT%H:%M:%S.%fZ'
2026-08-12 23:24:50 | WARNING | Could not parse candle datetime '2026-01-08 14:01:00': time data '2026-01-08 14:01:00' does not match format '%Y-%m-%dT%H:%M:%S.%fZ'
2026-08-12 23:24:50 | WARNING | Could not parse candle datetime '2026-01-08 14:02:00': time data '2026-01-08 14:02:00' does not match format '%Y-%m-%dT%H:%M:%S.%fZ'
2026-08-12 23:24:50 | WARNING | Could not parse candle datetime '2026-01-08 14:03:00': time data '2026-01-08 14:03:00' does not match format '%Y-%m-%dT%H:%M:%S.%fZ'
2026-08-12 23:24:50 | WARNING | Could not parse candle datetime '2026-01-08 14:04:00': time data '2026-01-08 14:04:00' does not match format '%Y-%m-%dT%H:%M:%S.%fZ'
2026-08-12 23:24:50 | WARNING | Could not parse candle datetime '2026-01-08 14:05:00': time data '2026-01-08 14:05:00' does not match format '%Y-%m-%dT%H:%M:%S.%fZ'
2026-08-12 23:24:50 | WARNING | Could not parse candle datetime '2026-01-08 14:06:00': time data '2026-01-08 14:06:00' does not match format '%Y-%m-%dT%H:%M:%S.%fZ'
2026-08-12 23:24:50 | WARNING | Could not parse candle datetime '2026-01-08 14:07:00': time data '2026-01-08 14:07:00' does not match format '%Y-%m-%dT%H:%M:%S.%fZ'
2026-08-12 23:24:50 | WARNING | Could not parse candle datetime '2026-01-08 14:08:00': time data '2026-01-08 14:08:00' does not match format '%Y-%m-%dT%H:%M:%S.%fZ'
2026-08-12 23:24:50 | WARNING | Could not parse candle datetime '2026-01-08 14:09:00': time data '2026-01-08 14:09:00' does not match format '%Y-%m-%dT%H:%M:%S.%fZ'
2026-08-12 23:24:50 | WARNING | Could not parse candle datetime '2026-01-08 14:10:00': time data '2026-01-08 14:10:00' does not match format '%Y-%m-%dT%H:%M:%S.%fZ'
2026-08-12 23:24:50 | WARNING | Could not parse candle datetime '2026-01-08 14:11:00': time data '2026-01-08 14:11:00' does not match format '%Y-%m-%dT%H:%M:%S.%fZ'
2026-08-12 23:24:50 | WARNING | Could not parse candle datetime '2026-01-08 14:12:00': time data '2026-01-08 14:12:00' does not match format '%Y-%m-%dT%H:%M:%S.%fZ'
2026-08-12 23:24:50 | WARNING | Could not parse candle datetime '2026-01-08 14:13:00': time data '2026-01-08 14:13:00' does not match format '%Y-%m-%dT%H:%M:%S.%fZ'
2026-08-12 23:24:50 | WARNING | Could not parse candle datetime '2026-01-08 14:14:00': time data '2026-01-08 14:14:00' does not match format '%Y-%m-%dT%H:%M:%S.%fZ'
2026-08-12 23:24:50 | WARNING | Could not parse candle datetime '2026-01-08 14:15:00': time data '2026-01-08 14:15:00' does not match format '%Y-%m-%dT%H:%M:%S.%fZ'
2026-08-12 23:24:50 | WARNING | Could not parse candle datetime '2026-01-08 14:16:00': time data '2026-01-08 14:16:00' does not match format '%Y-%m-%dT%H:%M:%S.%fZ'
2026-08-12 23:24:50 | WARNING | Could not parse candle datetime '2026-01-08 14:17:00': time data '2026-01-08 14:17:00' does not match format '%Y-%m-%dT%H:%M:%S.%fZ'
2026-08-12 23:24:50 | WARNING | Could not parse candle datetime '2026-01-08 14:18:00': time data '2026-01-08 14:18:00' does not match format '%Y-%m-%dT%H:%M:%S.%fZ'
2026-08-12 23:24:50 | WARNING | Could not parse candle datetime '2026-01-08 14:19:00': time data '2026-01-08 14:19:00' does not match format '%Y-%m-%dT%H:%M:%S.%fZ'
2026-08-12 23:24:50 | WARNING | Could not parse candle datetime '2026-01-08 14:20:00': time data '2026-01-08 14:20:00' does not match format '%Y-%m-%dT%H:%M:%S.%fZ'
2026-08-12 23:24:50 | WARNING | Could not parse candle datetime '2026-01-08 14:21:00': time data '2026-01-08 14:21:00' does not match format '%Y-%m-%dT%H:%M:%S.%fZ'
2026-08-12 23:24:50 | WARNING | Could not parse candle datetime '2026-01-08 14:22:00': time data '2026-01-08 14:22:00' does not match format '%Y-%m-%dT%H:%M:%S.%fZ'
2026-08-12 23:24:50 | WARNING | Could not parse candle datetime '2026-01-08 14:23:00': time data '2026-01-08 14:23:00' does not match format '%Y-%m-%dT%H:%M:%S.%fZ'
2026-08-12 23:24:50 | WARNING | Could not parse candle datetime '2026-01-08 14:24:00': time data '2026-01-08 14:24:00' does not match format '%Y-%m-%dT%H:%M:%S.%fZ'
2026-08-12 23:24:50 | WARNING | Could not parse candle datetime '2026-01-08 14:25:00': time data '2026-01-08 14:25:00' does not match format '%Y-%m-%dT%H:%M:%S.%fZ'
2026-08-12 23:24:50 | WARNING | Could not parse candle datetime '2026-01-08 14:26:00': time data '2026-01-08 14:26:00' does not match format '%Y-%m-%dT%H:%M:%S.%fZ'
2026-08-12 23:24:50 | WARNING | Could not parse candle datetime '2026-01-08 14:27:00': time data '2026-01-08 14:27:00' does not match format '%Y-%m-%dT%H:%M:%S.%fZ'
2026-08-12 23:24:50 | WARNING | Could not parse candle datetime '2026-01-08 14:28:00': time data '2026-01-08 14:28:00' does not match format '%Y-%m-%dT%H:%M:%S.%fZ'
2026-08-12 23:24:50 | WARNING | Could not parse candle datetime '2026-01-08 14:29:00': time data '2026-01-08 14:29:00' does not match format '%Y-%m-%dT%H:%M:%S.%fZ'
2026-08-12 23:24:50 | WARNING | Could not parse candle datetime '2026-01-08 14:30:00': time data '2026-01-08 14:30:00' does not match format '%Y-%m-%dT%H:%M:%S.%fZ'
2026-08-12 23:24:50 | WARNING | Could not parse candle datetime '2026-01-08 14:31:00': time data '2026-01-08 14:31:00' does not match format '%Y-%m-%dT%H:%M:%S.%fZ'
2026-08-12 23:24:50 | WARNING | Could not parse candle datetime '2026-01-08 14:32:00': time data '2026-01-08 14:32:00' does not match format '%Y-%m-%dT%H:%M:%S.%fZ'
2026-08-12 23:24:50 | WARNING | Could not parse candle datetime '2026-01-08 14:33:00': time data '2026-01-08 14:33:00' does not match format '%Y-%m-%dT%H:%M:%S.%fZ'
2026-08-12 23:24:50 | WARNING | Could not parse candle datetime '2026-01-08 14:34:00': time data '2026-01-08 14:34:00' does not match format '%Y-%m-%dT%H:%M:%S.%fZ'
2026-08-12 23:24:50 | WARNING | Could not parse candle datetime '2026-01-08 14:35:00': time data '2026-01-08 14:35:00' does not match format '%Y-%m-%dT%H:%M:%S.%fZ'
2026-08-12 23:24:50 | WARNING | Could not parse candle datetime '2026-01-08 14:36:00': time data '2026-01-08 14:36:00' does not match format '%Y-%m-%dT%H:%M:%S.%fZ'
2026-08-12 23:24:50 | WARNING | Could not parse candle datetime '2026-01-08 14:37:00': time data '2026-01-08 14:37:00' does not match format '%Y-%m-%dT%H:%M:%S.%fZ'
2026-08-12 23:24:50 | WARNING | Could not parse candle datetime '2026-01-08 14:38:00': time data '2026-01-08 14:38:00' does not match format '%Y-%m-%dT%H:%M:%S.%fZ'
2026-08-12 23:24:50 | WARNING | Could not parse candle datetime '2026-01-08 14:39:00': time data '2026-01-08 14:39:00' does not match format '%Y-%m-%dT%H:%M:%S.%fZ'
2026-08-12 23:24:50 | WARNING | Could not parse candle datetime '2026-01-08 14:40:00': time data '2026-01-08 14:40:00' does not match format '%Y-%m-%dT%H:%M:%S.%fZ'
2026-08-12 23:24:50 | WARNING | Could not parse candle datetime '2026-01-08 14:41:00': time data '2026-01-08 14:41:00' does not match format '%Y-%m-%dT%H:%M:%S.%fZ'
2026-08-12 23:24:50 | WARNING | Could not parse candle datetime '2026-01-08 14:42:00': time data '2026-01-08 14:42:00' does not match format '%Y-%m-%dT%H:%M:%S.%fZ'
2026-08-12 23:24:50 | WARNING | Could not parse candle datetime '2026-01-08 14:43:00': time data '2026-01-08 14:43:00' does not match format '%Y-%m-%dT%H:%M:%S.%fZ'
2026-08-12 23:24:50 | WARNING | Could not parse candle datetime '2026-01-08 14:44:00': time data '2026-01-08 14:44:00' does not match format '%Y-%m-%dT%H:%M:%S.%fZ'
2026-08-12 23:24:50 | WARNING | Could not parse candle datetime '2026-01-08 14:45:00': time data '2026-01-08 14:45:00' does not match format '%Y-%m-%dT%H:%M:%S.%fZ'
2026-08-12 23:24:50 | WARNING | Could not parse candle datetime '2026-01-08 14:46:00': time data '2026-01-08 14:46:00' does not match format '%Y-%m-%dT%H:%M:%S.%fZ'
2026-08-12 23:24:50 | WARNING | Could not parse candle datetime '2026-01-08 14:47:00': time data '2026-01-08 14:47:00' does not match format '%Y-%m-%dT%H:%M:%S.%fZ'
2026-08-12 23:24:50 | WARNING | Could not parse candle datetime '2026-01-08 14:48:00': time data '2026-01-08 14:48:00' does not match format '%Y-%m-%dT%H:%M:%S.%fZ'
2026-08-12 23:24:50 | WARNING | Could not parse candle datetime '2026-01-08 14:49:00': time data '2026-01-08 14:49:00' does not match format '%Y-%m-%dT%H:%M:%S.%fZ'
2026-08-12 23:24:50 | WARNING | Could not parse candle datetime '2026-01-08 14:50:00': time data '2026-01-08 14:50:00' does not match format '%Y-%m-%dT%H:%M:%S.%fZ'
2026-08-12 23:24:50 | WARNING | Could not parse candle datetime '2026-01-08 14:51:00': time data '2026-01-08 14:51:00' does not match format '%Y-%m-%dT%H:%M:%S.%fZ'
2026-08-12 23:24:50 | WARNING | Could not parse candle datetime '2026-01-08 14:52:00': time data '2026-01-08 14:52:00' does not match format '%Y-%m-%dT%H:%M:%S.%fZ'
2026-08-12 23:24:50 | WARNING | Could not parse candle datetime '2026-01-08 14:53:00': time data '2026-01-08 14:53:00' does not match format '%Y-%m-%dT%H:%M:%S.%fZ'
2026-08-12 23:24:50 | WARNING | Could not parse candle datetime '2026-01-08 14:54:00': time data '2026-01-08 14:54:00' does not match format '%Y-%m-%dT%H:%M:%S.%fZ'
2026-08-12 23:24:50 | WARNING | Could not parse candle datetime '2026-01-08 14:55:00': time data '2026-01-08 14:55:00' does not match format '%Y-%m-%dT%H:%M:%S.%fZ'
2026-08-12 23:24:50 | WARNING | Could not parse candle datetime '2026-01-08 14:56:00': time data '2026-01-08 14:56:00' does not match format '%Y-%m-%dT%H:%M:%S.%fZ'
2026-08-12 23:24:50 | WARNING | Could not parse candle datetime '2026-01-08 14:57:00': time data '2026-01-08 14:57:00' does not match format '%Y-%m-%dT%H:%M:%S.%fZ'
2026-08-12 23:24:50 | WARNING | Could not parse candle datetime '2026-01-08 14:58:00': time data '2026-01-08 14:58:00' does not match format '%Y-%m-%dT%H:%M:%S.%fZ'
2026-08-12 23:24:50 | WARNING | Could not parse candle datetime '2026-01-08 14:59:00': time data '2026-01-08 14:59:00' does not match format '%Y-%m-%dT%H:%M:%S.%fZ'
2026-08-12 23:24:50 | WARNING | Could not parse candle datetime '2026-01-08 15:00:00': time data '2026-01-08 15:00:00' does not match format '%Y-%m-%dT%H:%M:%S.%fZ'
2026-08-12 23:24:50 | WARNING | Could not parse candle datetime '2026-01-08 15:01:00': time data '2026-01-08 15:01:00' does not match format '%Y-%m-%dT%H:%M:%S.%fZ'
2026-08-12 23:24:50 | WARNING | Could not parse candle datetime '2026-01-08 15:02:00': time data '2026-01-08 15:02:00' does not match format '%Y-%m-%dT%H:%M:%S.%fZ'
2026-08-12 23:24:50 | WARNING | Could not parse candle datetime '2026-01-08 15:03:00': time data '2026-01-08 15:03:00' does not match format '%Y-%m-%dT%H:%M:%S.%fZ'
2026-08-12 23:24:50 | WARNING | Could not parse candle datetime '2026-01-08 15:04:00': time data '2026-01-08 15:04:00' does not match format '%Y-%m-%dT%H:%M:%S.%fZ'
2026-08-12 23:24:50 | WARNING | Could not parse candle datetime '2026-01-08 15:05:00': time data '2026-01-08 15:05:00' does not match format '%Y-%m-%dT%H:%M:%S.%fZ'
2026-08-12 23:24:50 | WARNING | Could not parse candle datetime '2026-01-08 15:06:00': time data '2026-01-08 15:06:00' does not match format '%Y-%m-%dT%H:%M:%S.%fZ'
2026-08-12 23:24:50 | WARNING | Could not parse candle datetime '2026-01-08 15:07:00': time data '2026-01-08 15:07:00' does not match format '%Y-%m-%dT%H:%M:%S.%fZ'
2026-08-12 23:24:50 | WARNING | Could not parse candle datetime '2026-01-08 15:08:00': time data '2026-01-08 15:08:00' does not match format '%Y-%m-%dT%H:%M:%S.%fZ'
2026-08-12 23:24:50 | WARNING | Could not parse candle datetime '2026-01-08 15:09:00': time data '2026-01-08 15:09:00' does not match format '%Y-%m-%dT%H:%M:%S.%fZ'
2026-08-12 23:24:50 | WARNING | Could not parse candle datetime '2026-01-08 15:10:00': time data '2026-01-08 15:10:00' does not match format '%Y-%m-%dT%H:%M:%S.%fZ'
2026-08-12 23:24:50 | WARNING | Could not parse candle datetime '2026-01-08 15:11:00': time data '2026-01-08 15:11:00' does not match format '%Y-%m-%dT%H:%M:%S.%fZ'
2026-08-12 23:24:50 | WARNING | Could not parse candle datetime '2026-01-08 15:12:00': time data '2026-01-08 15:12:00' does not match format '%Y-%m-%dT%H:%M:%S.%fZ'
2026-08-12 23:24:50 | WARNING | Could not parse candle datetime '2026-01-08 15:13:00': time data '2026-01-08 15:13:00' does not match format '%Y-%m-%dT%H:%M:%S.%fZ'
2026-08-12 23:24:50 | WARNING | Could not parse candle datetime '2026-01-08 15:14:00': time data '2026-01-08 15:14:00' does not match format '%Y-%m-%dT%H:%M:%S.%fZ'
2026-08-12 23:24:50 | WARNING | Could not parse candle datetime '2026-01-08 15:15:00': time data '2026-01-08 15:15:00' does not match format '%Y-%m-%dT%H:%M:%S.%fZ'
2026-08-12 23:24:50 | WARNING | Could not parse candle datetime '2026-01-08 15:16:00': time data '2026-01-08 15:16:00' does not match format '%Y-%m-%dT%H:%M:%S.%fZ'
2026-08-12 23:24:50 | WARNING | Could not parse candle datetime '2026-01-08 15:17:00': time data '2026-01-08 15:17:00' does not match format '%Y-%m-%dT%H:%M:%S.%fZ'
2026-08-12 23:24:50 | WARNING | Could not parse candle datetime '2026-01-08 15:18:00': time data '2026-01-08 15:18:00' does not match format '%Y-%m-%dT%H:%M:%S.%fZ'
2026-08-12 23:24:50 | WARNING | Could not parse candle datetime '2026-01-08 15:19:00': time data '2026-01-08 15:19:00' does not match format '%Y-%m-%dT%H:%M:%S.%fZ'
2026-08-12 23:24:50 | WARNING | Could not parse candle datetime '2026-01-08 15:20:00': time data '2026-01-08 15:20:00' does not match format '%Y-%m-%dT%H:%M:%S.%fZ'
2026-08-12 23:24:50 | WARNING | Could not parse candle datetime '2026-01-08 15:21:00': time data '2026-01-08 15:21:00' does not match format '%Y-%m-%dT%H:%M:%S.%fZ'
2026-08-12 23:24:50 | WARNING | Could not parse candle datetime '2026-01-08 15:22:00': time data '2026-01-08 15:22:00' does not match format '%Y-%m-%dT%H:%M:%S.%fZ'
2026-08-12 23:24:50 | WARNING | Could not parse candle datetime '2026-01-08 15:23:00': time data '2026-01-08 15:23:00' does not match format '%Y-%m-%dT%H:%M:%S.%fZ'
2026-08-12 23:24:50 | WARNING | Could not parse candle datetime '2026-01-08 15:24:00': time data '2026-01-08 15:24:00' does not match format '%Y-%m-%dT%H:%M:%S.%fZ'
2026-08-12 23:24:50 | WARNING | Could not parse candle datetime '2026-01-08 15:25:00': time data '2026-01-08 15:25:00' does not match format '%Y-%m-%dT%H:%M:%S.%fZ'
2026-08-12 23:24:50 | WARNING | Could not parse candle datetime '2026-01-08 15:26:00': time data '2026-01-08 15:26:00' does not match format '%Y-%m-%dT%H:%M:%S.%fZ'
2026-08-12 23:24:50 | WARNING | Could not parse candle datetime '2026-01-08 15:27:00': time data '2026-01-08 15:27:00' does not match format '%Y-%m-%dT%H:%M:%S.%fZ'
2026-08-12 23:24:50 | WARNING | Could not parse candle datetime '2026-01-08 15:28:00': time data '2026-01-08 15:28:00' does not match format '%Y-%m-%dT%H:%M:%S.%fZ'
2026-08-12 23:24:50 | WARNING | Could not parse candle datetime '2026-01-08 15:29:00': time data '2026-01-08 15:29:00' does not match format '%Y-%m-%dT%H:%M:%S.%fZ'
2026-08-12 23:24:50 | WARNING | Could not parse candle datetime '2026-01-08 15:30:00': time data '2026-01-08 15:30:00' does not match format '%Y-%m-%dT%H:%M:%S.%fZ'
2026-08-12 23:24:50 | INFO | Saved 2026-01-07: 0 candles -> data/raw/breeze\RELIND\1m\2026\01\2026-01-07.json
2026-08-12 23:24:50 | INFO | Saved 2026-01-08: 0 candles -> data/raw/breeze\RELIND\1m\2026\01\2026-01-08.json
2026-08-12 23:24:50 | INFO | Next trading day: 2026-01-09
2026-08-12 23:24:50 | INFO | Waiting 1.0 seconds...
2026-08-12 23:24:51 | INFO | 
2026-08-12 23:24:51 | INFO | ======================================================================
2026-08-12 23:24:51 | INFO | CHUNK #4
2026-08-12 23:24:51 | INFO | Trading days: 2026-01-09 -> 2026-01-09
2026-08-12 23:24:51 | INFO | Request: 2026-01-09T09:00:00.000Z -> 2026-01-09T15:45:00.000Z
2026-08-12 23:24:51 | INFO | ======================================================================
2026-08-12 23:24:51 | INFO | API request: 2026-01-09T09:00:00.000Z -> 2026-01-09T15:45:00.000Z (attempt 1/3)
2026-08-12 23:24:51 | INFO | API returned 378 candles.
2026-08-12 23:24:51 | WARNING | Could not parse candle datetime '2026-01-09 09:07:00': time data '2026-01-09 09:07:00' does not match format '%Y-%m-%dT%H:%M:%S.%fZ'
2026-08-12 23:24:51 | WARNING | Could not parse candle datetime '2026-01-09 09:15:00': time data '2026-01-09 09:15:00' does not match format '%Y-%m-%dT%H:%M:%S.%fZ'
2026-08-12 23:24:51 | WARNING | Could not parse candle datetime '2026-01-09 09:16:00': time data '2026-01-09 09:16:00' does not match format '%Y-%m-%dT%H:%M:%S.%fZ'
2026-08-12 23:24:51 | WARNING | Could not parse candle datetime '2026-01-09 09:17:00': time data '2026-01-09 09:17:00' does not match format '%Y-%m-%dT%H:%M:%S.%fZ'
2026-08-12 23:24:51 | WARNING | Could not parse candle datetime '2026-01-09 09:18:00': time data '2026-01-09 09:18:00' does not match format '%Y-%m-%dT%H:%M:%S.%fZ'
2026-08-12 23:24:51 | WARNING | Could not parse candle datetime '2026-01-09 09:19:00': time data '2026-01-09 09:19:00' does not match format '%Y-%m-%dT%H:%M:%S.%fZ'
2026-08-12 23:24:51 | WARNING | Could not parse candle datetime '2026-01-09 09:20:00': time data '2026-01-09 09:20:00' does not match format '%Y-%m-%dT%H:%M:%S.%fZ'
2026-08-12 23:24:51 | WARNING | Could not parse candle datetime '2026-01-09 09:21:00': time data '2026-01-09 09:21:00' does not match format '%Y-%m-%dT%H:%M:%S.%fZ'
2026-08-12 23:24:51 | WARNING | Could not parse candle datetime '2026-01-09 09:22:00': time data '2026-01-09 09:22:00' does not match format '%Y-%m-%dT%H:%M:%S.%fZ'
2026-08-12 23:24:51 | WARNING | Could not parse candle datetime '2026-01-09 09:23:00': time data '2026-01-09 09:23:00' does not match format '%Y-%m-%dT%H:%M:%S.%fZ'
2026-08-12 23:24:51 | WARNING | Could not parse candle datetime '2026-01-09 09:24:00': time data '2026-01-09 09:24:00' does not match format '%Y-%m-%dT%H:%M:%S.%fZ'
2026-08-12 23:24:51 | WARNING | Could not parse candle datetime '2026-01-09 09:25:00': time data '2026-01-09 09:25:00' does not match format '%Y-%m-%dT%H:%M:%S.%fZ'
2026-08-12 23:24:51 | WARNING | Could not parse candle datetime '2026-01-09 09:26:00': time data '2026-01-09 09:26:00' does not match format '%Y-%m-%dT%H:%M:%S.%fZ'
2026-08-12 23:24:51 | WARNING | Could not parse candle datetime '2026-01-09 09:27:00': time data '2026-01-09 09:27:00' does not match format '%Y-%m-%dT%H:%M:%S.%fZ'
2026-08-12 23:24:51 | WARNING | Could not parse candle datetime '2026-01-09 09:28:00': time data '2026-01-09 09:28:00' does not match format '%Y-%m-%dT%H:%M:%S.%fZ'
2026-08-12 23:24:51 | WARNING | Could not parse candle datetime '2026-01-09 09:29:00': time data '2026-01-09 09:29:00' does not match format '%Y-%m-%dT%H:%M:%S.%fZ'
2026-08-12 23:24:51 | WARNING | Could not parse candle datetime '2026-01-09 09:30:00': time data '2026-01-09 09:30:00' does not match format '%Y-%m-%dT%H:%M:%S.%fZ'
2026-08-12 23:24:51 | WARNING | Could not parse candle datetime '2026-01-09 09:31:00': time data '2026-01-09 09:31:00' does not match format '%Y-%m-%dT%H:%M:%S.%fZ'
2026-08-12 23:24:51 | WARNING | Could not parse candle datetime '2026-01-09 09:32:00': time data '2026-01-09 09:32:00' does not match format '%Y-%m-%dT%H:%M:%S.%fZ'
2026-08-12 23:24:51 | WARNING | Could not parse candle datetime '2026-01-09 09:33:00': time data '2026-01-09 09:33:00' does not match format '%Y-%m-%dT%H:%M:%S.%fZ'
2026-08-12 23:24:51 | WARNING | Could not parse candle datetime '2026-01-09 09:34:00': time data '2026-01-09 09:34:00' does not match format '%Y-%m-%dT%H:%M:%S.%fZ'
2026-08-12 23:24:51 | WARNING | Could not parse candle datetime '2026-01-09 09:35:00': time data '2026-01-09 09:35:00' does not match format '%Y-%m-%dT%H:%M:%S.%fZ'
2026-08-12 23:24:51 | WARNING | Could not parse candle datetime '2026-01-09 09:36:00': time data '2026-01-09 09:36:00' does not match format '%Y-%m-%dT%H:%M:%S.%fZ'
2026-08-12 23:24:51 | WARNING | Could not parse candle datetime '2026-01-09 09:37:00': time data '2026-01-09 09:37:00' does not match format '%Y-%m-%dT%H:%M:%S.%fZ'
2026-08-12 23:24:51 | WARNING | Could not parse candle datetime '2026-01-09 09:38:00': time data '2026-01-09 09:38:00' does not match format '%Y-%m-%dT%H:%M:%S.%fZ'
2026-08-12 23:24:51 | WARNING | Could not parse candle datetime '2026-01-09 09:39:00': time data '2026-01-09 09:39:00' does not match format '%Y-%m-%dT%H:%M:%S.%fZ'
2026-08-12 23:24:51 | WARNING | Could not parse candle datetime '2026-01-09 09:40:00': time data '2026-01-09 09:40:00' does not match format '%Y-%m-%dT%H:%M:%S.%fZ'
2026-08-12 23:24:51 | WARNING | Could not parse candle datetime '2026-01-09 09:41:00': time data '2026-01-09 09:41:00' does not match format '%Y-%m-%dT%H:%M:%S.%fZ'
2026-08-12 23:24:51 | WARNING | Could not parse candle datetime '2026-01-09 09:42:00': time data '2026-01-09 09:42:00' does not match format '%Y-%m-%dT%H:%M:%S.%fZ'
2026-08-12 23:24:51 | WARNING | Could not parse candle datetime '2026-01-09 09:43:00': time data '2026-01-09 09:43:00' does not match format '%Y-%m-%dT%H:%M:%S.%fZ'
2026-08-12 23:24:51 | WARNING | Could not parse candle datetime '2026-01-09 09:44:00': time data '2026-01-09 09:44:00' does not match format '%Y-%m-%dT%H:%M:%S.%fZ'
2026-08-12 23:24:51 | WARNING | Could not parse candle datetime '2026-01-09 09:45:00': time data '2026-01-09 09:45:00' does not match format '%Y-%m-%dT%H:%M:%S.%fZ'
2026-08-12 23:24:51 | WARNING | Could not parse candle datetime '2026-01-09 09:46:00': time data '2026-01-09 09:46:00' does not match format '%Y-%m-%dT%H:%M:%S.%fZ'
2026-08-12 23:24:51 | WARNING | Could not parse candle datetime '2026-01-09 09:47:00': time data '2026-01-09 09:47:00' does not match format '%Y-%m-%dT%H:%M:%S.%fZ'
2026-08-12 23:24:51 | WARNING | Could not parse candle datetime '2026-01-09 09:48:00': time data '2026-01-09 09:48:00' does not match format '%Y-%m-%dT%H:%M:%S.%fZ'
2026-08-12 23:24:51 | WARNING | Could not parse candle datetime '2026-01-09 09:49:00': time data '2026-01-09 09:49:00' does not match format '%Y-%m-%dT%H:%M:%S.%fZ'
2026-08-12 23:24:51 | WARNING | Could not parse candle datetime '2026-01-09 09:50:00': time data '2026-01-09 09:50:00' does not match format '%Y-%m-%dT%H:%M:%S.%fZ'
2026-08-12 23:24:51 | WARNING | Could not parse candle datetime '2026-01-09 09:51:00': time data '2026-01-09 09:51:00' does not match format '%Y-%m-%dT%H:%M:%S.%fZ'
2026-08-12 23:24:51 | WARNING | Could not parse candle datetime '2026-01-09 09:52:00': time data '2026-01-09 09:52:00' does not match format '%Y-%m-%dT%H:%M:%S.%fZ'
2026-08-12 23:24:51 | WARNING | Could not parse candle datetime '2026-01-09 09:53:00': time data '2026-01-09 09:53:00' does not match format '%Y-%m-%dT%H:%M:%S.%fZ'
2026-08-12 23:24:51 | WARNING | Could not parse candle datetime '2026-01-09 09:54:00': time data '2026-01-09 09:54:00' does not match format '%Y-%m-%dT%H:%M:%S.%fZ'
2026-08-12 23:24:51 | WARNING | Could not parse candle datetime '2026-01-09 09:55:00': time data '2026-01-09 09:55:00' does not match format '%Y-%m-%dT%H:%M:%S.%fZ'
2026-08-12 23:24:51 | WARNING | Could not parse candle datetime '2026-01-09 09:56:00': time data '2026-01-09 09:56:00' does not match format '%Y-%m-%dT%H:%M:%S.%fZ'
2026-08-12 23:24:51 | WARNING | Could not parse candle datetime '2026-01-09 09:57:00': time data '2026-01-09 09:57:00' does not match format '%Y-%m-%dT%H:%M:%S.%fZ'
2026-08-12 23:24:51 | WARNING | Could not parse candle datetime '2026-01-09 09:58:00': time data '2026-01-09 09:58:00' does not match format '%Y-%m-%dT%H:%M:%S.%fZ'
2026-08-12 23:24:51 | WARNING | Could not parse candle datetime '2026-01-09 09:59:00': time data '2026-01-09 09:59:00' does not match format '%Y-%m-%dT%H:%M:%S.%fZ'
2026-08-12 23:24:51 | WARNING | Could not parse candle datetime '2026-01-09 10:00:00': time data '2026-01-09 10:00:00' does not match format '%Y-%m-%dT%H:%M:%S.%fZ'
2026-08-12 23:24:51 | WARNING | Could not parse candle datetime '2026-01-09 10:01:00': time data '2026-01-09 10:01:00' does not match format '%Y-%m-%dT%H:%M:%S.%fZ'
2026-08-12 23:24:51 | WARNING | Could not parse candle datetime '2026-01-09 10:02:00': time data '2026-01-09 10:02:00' does not match format '%Y-%m-%dT%H:%M:%S.%fZ'
2026-08-12 23:24:51 | WARNING | Could not parse candle datetime '2026-01-09 10:03:00': time data '2026-01-09 10:03:00' does not match format '%Y-%m-%dT%H:%M:%S.%fZ'
2026-08-12 23:24:51 | WARNING | Could not parse candle datetime '2026-01-09 10:04:00': time data '2026-01-09 10:04:00' does not match format '%Y-%m-%dT%H:%M:%S.%fZ'
2026-08-12 23:24:51 | WARNING | Could not parse candle datetime '2026-01-09 10:05:00': time data '2026-01-09 10:05:00' does not match format '%Y-%m-%dT%H:%M:%S.%fZ'
2026-08-12 23:24:51 | WARNING | Could not parse candle datetime '2026-01-09 10:06:00': time data '2026-01-09 10:06:00' does not match format '%Y-%m-%dT%H:%M:%S.%fZ'
2026-08-12 23:24:51 | WARNING | Could not parse candle datetime '2026-01-09 10:07:00': time data '2026-01-09 10:07:00' does not match format '%Y-%m-%dT%H:%M:%S.%fZ'
2026-08-12 23:24:51 | WARNING | Could not parse candle datetime '2026-01-09 10:08:00': time data '2026-01-09 10:08:00' does not match format '%Y-%m-%dT%H:%M:%S.%fZ'
2026-08-12 23:24:51 | WARNING | Could not parse candle datetime '2026-01-09 10:09:00': time data '2026-01-09 10:09:00' does not match format '%Y-%m-%dT%H:%M:%S.%fZ'
2026-08-12 23:24:51 | WARNING | Could not parse candle datetime '2026-01-09 10:10:00': time data '2026-01-09 10:10:00' does not match format '%Y-%m-%dT%H:%M:%S.%fZ'
2026-08-12 23:24:51 | WARNING | Could not parse candle datetime '2026-01-09 10:11:00': time data '2026-01-09 10:11:00' does not match format '%Y-%m-%dT%H:%M:%S.%fZ'
2026-08-12 23:24:51 | WARNING | Could not parse candle datetime '2026-01-09 10:12:00': time data '2026-01-09 10:12:00' does not match format '%Y-%m-%dT%H:%M:%S.%fZ'
2026-08-12 23:24:51 | WARNING | Could not parse candle datetime '2026-01-09 10:13:00': time data '2026-01-09 10:13:00' does not match format '%Y-%m-%dT%H:%M:%S.%fZ'
2026-08-12 23:24:51 | WARNING | Could not parse candle datetime '2026-01-09 10:14:00': time data '2026-01-09 10:14:00' does not match format '%Y-%m-%dT%H:%M:%S.%fZ'
2026-08-12 23:24:51 | WARNING | Could not parse candle datetime '2026-01-09 10:15:00': time data '2026-01-09 10:15:00' does not match format '%Y-%m-%dT%H:%M:%S.%fZ'
2026-08-12 23:24:51 | WARNING | Could not parse candle datetime '2026-01-09 10:16:00': time data '2026-01-09 10:16:00' does not match format '%Y-%m-%dT%H:%M:%S.%fZ'
2026-08-12 23:24:51 | WARNING | Could not parse candle datetime '2026-01-09 10:17:00': time data '2026-01-09 10:17:00' does not match format '%Y-%m-%dT%H:%M:%S.%fZ'
2026-08-12 23:24:51 | WARNING | Could not parse candle datetime '2026-01-09 10:18:00': time data '2026-01-09 10:18:00' does not match format '%Y-%m-%dT%H:%M:%S.%fZ'
2026-08-12 23:24:51 | WARNING | Could not parse candle datetime '2026-01-09 10:19:00': time data '2026-01-09 10:19:00' does not match format '%Y-%m-%dT%H:%M:%S.%fZ'
2026-08-12 23:24:51 | WARNING | Could not parse candle datetime '2026-01-09 10:20:00': time data '2026-01-09 10:20:00' does not match format '%Y-%m-%dT%H:%M:%S.%fZ'
2026-08-12 23:24:51 | WARNING | Could not parse candle datetime '2026-01-09 10:21:00': time data '2026-01-09 10:21:00' does not match format '%Y-%m-%dT%H:%M:%S.%fZ'
2026-08-12 23:24:51 | WARNING | Could not parse candle datetime '2026-01-09 10:22:00': time data '2026-01-09 10:22:00' does not match format '%Y-%m-%dT%H:%M:%S.%fZ'
2026-08-12 23:24:51 | WARNING | Could not parse candle datetime '2026-01-09 10:23:00': time data '2026-01-09 10:23:00' does not match format '%Y-%m-%dT%H:%M:%S.%fZ'
2026-08-12 23:24:51 | WARNING | Could not parse candle datetime '2026-01-09 10:24:00': time data '2026-01-09 10:24:00' does not match format '%Y-%m-%dT%H:%M:%S.%fZ'
2026-08-12 23:24:51 | WARNING | Could not parse candle datetime '2026-01-09 10:25:00': time data '2026-01-09 10:25:00' does not match format '%Y-%m-%dT%H:%M:%S.%fZ'
2026-08-12 23:24:51 | WARNING | Could not parse candle datetime '2026-01-09 10:26:00': time data '2026-01-09 10:26:00' does not match format '%Y-%m-%dT%H:%M:%S.%fZ'
2026-08-12 23:24:51 | WARNING | Could not parse candle datetime '2026-01-09 10:27:00': time data '2026-01-09 10:27:00' does not match format '%Y-%m-%dT%H:%M:%S.%fZ'
2026-08-12 23:24:51 | WARNING | Could not parse candle datetime '2026-01-09 10:28:00': time data '2026-01-09 10:28:00' does not match format '%Y-%m-%dT%H:%M:%S.%fZ'
2026-08-12 23:24:51 | WARNING | Could not parse candle datetime '2026-01-09 10:29:00': time data '2026-01-09 10:29:00' does not match format '%Y-%m-%dT%H:%M:%S.%fZ'
2026-08-12 23:24:51 | WARNING | Could not parse candle datetime '2026-01-09 10:30:00': time data '2026-01-09 10:30:00' does not match format '%Y-%m-%dT%H:%M:%S.%fZ'
2026-08-12 23:24:51 | WARNING | Could not parse candle datetime '2026-01-09 10:31:00': time data '2026-01-09 10:31:00' does not match format '%Y-%m-%dT%H:%M:%S.%fZ'
2026-08-12 23:24:51 | WARNING | Could not parse candle datetime '2026-01-09 10:32:00': time data '2026-01-09 10:32:00' does not match format '%Y-%m-%dT%H:%M:%S.%fZ'
2026-08-12 23:24:51 | WARNING | Could not parse candle datetime '2026-01-09 10:33:00': time data '2026-01-09 10:33:00' does not match format '%Y-%m-%dT%H:%M:%S.%fZ'
2026-08-12 23:24:51 | WARNING | Could not parse candle datetime '2026-01-09 10:34:00': time data '2026-01-09 10:34:00' does not match format '%Y-%m-%dT%H:%M:%S.%fZ'
2026-08-12 23:24:51 | WARNING | Could not parse candle datetime '2026-01-09 10:35:00': time data '2026-01-09 10:35:00' does not match format '%Y-%m-%dT%H:%M:%S.%fZ'
2026-08-12 23:24:51 | WARNING | Could not parse candle datetime '2026-01-09 10:36:00': time data '2026-01-09 10:36:00' does not match format '%Y-%m-%dT%H:%M:%S.%fZ'
2026-08-12 23:24:51 | WARNING | Could not parse candle datetime '2026-01-09 10:37:00': time data '2026-01-09 10:37:00' does not match format '%Y-%m-%dT%H:%M:%S.%fZ'
2026-08-12 23:24:51 | WARNING | Could not parse candle datetime '2026-01-09 10:38:00': time data '2026-01-09 10:38:00' does not match format '%Y-%m-%dT%H:%M:%S.%fZ'
2026-08-12 23:24:51 | WARNING | Could not parse candle datetime '2026-01-09 10:39:00': time data '2026-01-09 10:39:00' does not match format '%Y-%m-%dT%H:%M:%S.%fZ'
2026-08-12 23:24:51 | WARNING | Could not parse candle datetime '2026-01-09 10:40:00': time data '2026-01-09 10:40:00' does not match format '%Y-%m-%dT%H:%M:%S.%fZ'
2026-08-12 23:24:51 | WARNING | Could not parse candle datetime '2026-01-09 10:41:00': time data '2026-01-09 10:41:00' does not match format '%Y-%m-%dT%H:%M:%S.%fZ'
2026-08-12 23:24:51 | WARNING | Could not parse candle datetime '2026-01-09 10:42:00': time data '2026-01-09 10:42:00' does not match format '%Y-%m-%dT%H:%M:%S.%fZ'
2026-08-12 23:24:51 | WARNING | Could not parse candle datetime '2026-01-09 10:43:00': time data '2026-01-09 10:43:00' does not match format '%Y-%m-%dT%H:%M:%S.%fZ'
2026-08-12 23:24:51 | WARNING | Could not parse candle datetime '2026-01-09 10:44:00': time data '2026-01-09 10:44:00' does not match format '%Y-%m-%dT%H:%M:%S.%fZ'
2026-08-12 23:24:51 | WARNING | Could not parse candle datetime '2026-01-09 10:45:00': time data '2026-01-09 10:45:00' does not match format '%Y-%m-%dT%H:%M:%S.%fZ'
2026-08-12 23:24:51 | WARNING | Could not parse candle datetime '2026-01-09 10:46:00': time data '2026-01-09 10:46:00' does not match format '%Y-%m-%dT%H:%M:%S.%fZ'
2026-08-12 23:24:51 | WARNING | Could not parse candle datetime '2026-01-09 10:47:00': time data '2026-01-09 10:47:00' does not match format '%Y-%m-%dT%H:%M:%S.%fZ'
2026-08-12 23:24:51 | WARNING | Could not parse candle datetime '2026-01-09 10:48:00': time data '2026-01-09 10:48:00' does not match format '%Y-%m-%dT%H:%M:%S.%fZ'
2026-08-12 23:24:51 | WARNING | Could not parse candle datetime '2026-01-09 10:49:00': time data '2026-01-09 10:49:00' does not match format '%Y-%m-%dT%H:%M:%S.%fZ'
2026-08-12 23:24:51 | WARNING | Could not parse candle datetime '2026-01-09 10:50:00': time data '2026-01-09 10:50:00' does not match format '%Y-%m-%dT%H:%M:%S.%fZ'
2026-08-12 23:24:51 | WARNING | Could not parse candle datetime '2026-01-09 10:51:00': time data '2026-01-09 10:51:00' does not match format '%Y-%m-%dT%H:%M:%S.%fZ'
2026-08-12 23:24:51 | WARNING | Could not parse candle datetime '2026-01-09 10:52:00': time data '2026-01-09 10:52:00' does not match format '%Y-%m-%dT%H:%M:%S.%fZ'
2026-08-12 23:24:51 | WARNING | Could not parse candle datetime '2026-01-09 10:53:00': time data '2026-01-09 10:53:00' does not match format '%Y-%m-%dT%H:%M:%S.%fZ'
2026-08-12 23:24:51 | WARNING | Could not parse candle datetime '2026-01-09 10:54:00': time data '2026-01-09 10:54:00' does not match format '%Y-%m-%dT%H:%M:%S.%fZ'
2026-08-12 23:24:51 | WARNING | Could not parse candle datetime '2026-01-09 10:55:00': time data '2026-01-09 10:55:00' does not match format '%Y-%m-%dT%H:%M:%S.%fZ'
2026-08-12 23:24:51 | WARNING | Could not parse candle datetime '2026-01-09 10:56:00': time data '2026-01-09 10:56:00' does not match format '%Y-%m-%dT%H:%M:%S.%fZ'
2026-08-12 23:24:51 | WARNING | Could not parse candle datetime '2026-01-09 10:57:00': time data '2026-01-09 10:57:00' does not match format '%Y-%m-%dT%H:%M:%S.%fZ'
2026-08-12 23:24:51 | WARNING | Could not parse candle datetime '2026-01-09 10:58:00': time data '2026-01-09 10:58:00' does not match format '%Y-%m-%dT%H:%M:%S.%fZ'
2026-08-12 23:24:51 | WARNING | Could not parse candle datetime '2026-01-09 10:59:00': time data '2026-01-09 10:59:00' does not match format '%Y-%m-%dT%H:%M:%S.%fZ'
2026-08-12 23:24:51 | WARNING | Could not parse candle datetime '2026-01-09 11:00:00': time data '2026-01-09 11:00:00' does not match format '%Y-%m-%dT%H:%M:%S.%fZ'
2026-08-12 23:24:51 | WARNING | Could not parse candle datetime '2026-01-09 11:01:00': time data '2026-01-09 11:01:00' does not match format '%Y-%m-%dT%H:%M:%S.%fZ'
2026-08-12 23:24:51 | WARNING | Could not parse candle datetime '2026-01-09 11:02:00': time data '2026-01-09 11:02:00' does not match format '%Y-%m-%dT%H:%M:%S.%fZ'
2026-08-12 23:24:51 | WARNING | Could not parse candle datetime '2026-01-09 11:03:00': time data '2026-01-09 11:03:00' does not match format '%Y-%m-%dT%H:%M:%S.%fZ'
2026-08-12 23:24:51 | WARNING | Could not parse candle datetime '2026-01-09 11:04:00': time data '2026-01-09 11:04:00' does not match format '%Y-%m-%dT%H:%M:%S.%fZ'
2026-08-12 23:24:51 | WARNING | Could not parse candle datetime '2026-01-09 11:05:00': time data '2026-01-09 11:05:00' does not match format '%Y-%m-%dT%H:%M:%S.%fZ'
2026-08-12 23:24:51 | WARNING | Could not parse candle datetime '2026-01-09 11:06:00': time data '2026-01-09 11:06:00' does not match format '%Y-%m-%dT%H:%M:%S.%fZ'
2026-08-12 23:24:51 | WARNING | Could not parse candle datetime '2026-01-09 11:07:00': time data '2026-01-09 11:07:00' does not match format '%Y-%m-%dT%H:%M:%S.%fZ'
2026-08-12 23:24:51 | WARNING | Could not parse candle datetime '2026-01-09 11:08:00': time data '2026-01-09 11:08:00' does not match format '%Y-%m-%dT%H:%M:%S.%fZ'
2026-08-12 23:24:51 | WARNING | Could not parse candle datetime '2026-01-09 11:09:00': time data '2026-01-09 11:09:00' does not match format '%Y-%m-%dT%H:%M:%S.%fZ'
2026-08-12 23:24:51 | WARNING | Could not parse candle datetime '2026-01-09 11:10:00': time data '2026-01-09 11:10:00' does not match format '%Y-%m-%dT%H:%M:%S.%fZ'
2026-08-12 23:24:51 | WARNING | Could not parse candle datetime '2026-01-09 11:11:00': time data '2026-01-09 11:11:00' does not match format '%Y-%m-%dT%H:%M:%S.%fZ'
2026-08-12 23:24:51 | WARNING | Could not parse candle datetime '2026-01-09 11:12:00': time data '2026-01-09 11:12:00' does not match format '%Y-%m-%dT%H:%M:%S.%fZ'
2026-08-12 23:24:51 | WARNING | Could not parse candle datetime '2026-01-09 11:13:00': time data '2026-01-09 11:13:00' does not match format '%Y-%m-%dT%H:%M:%S.%fZ'
2026-08-12 23:24:51 | WARNING | Could not parse candle datetime '2026-01-09 11:14:00': time data '2026-01-09 11:14:00' does not match format '%Y-%m-%dT%H:%M:%S.%fZ'
2026-08-12 23:24:51 | WARNING | Could not parse candle datetime '2026-01-09 11:15:00': time data '2026-01-09 11:15:00' does not match format '%Y-%m-%dT%H:%M:%S.%fZ'
2026-08-12 23:24:51 | WARNING | Could not parse candle datetime '2026-01-09 11:16:00': time data '2026-01-09 11:16:00' does not match format '%Y-%m-%dT%H:%M:%S.%fZ'
2026-08-12 23:24:51 | WARNING | Could not parse candle datetime '2026-01-09 11:17:00': time data '2026-01-09 11:17:00' does not match format '%Y-%m-%dT%H:%M:%S.%fZ'
2026-08-12 23:24:51 | WARNING | Could not parse candle datetime '2026-01-09 11:18:00': time data '2026-01-09 11:18:00' does not match format '%Y-%m-%dT%H:%M:%S.%fZ'
2026-08-12 23:24:51 | WARNING | Could not parse candle datetime '2026-01-09 11:19:00': time data '2026-01-09 11:19:00' does not match format '%Y-%m-%dT%H:%M:%S.%fZ'
2026-08-12 23:24:51 | WARNING | Could not parse candle datetime '2026-01-09 11:20:00': time data '2026-01-09 11:20:00' does not match format '%Y-%m-%dT%H:%M:%S.%fZ'
2026-08-12 23:24:51 | WARNING | Could not parse candle datetime '2026-01-09 11:21:00': time data '2026-01-09 11:21:00' does not match format '%Y-%m-%dT%H:%M:%S.%fZ'
2026-08-12 23:24:51 | WARNING | Could not parse candle datetime '2026-01-09 11:22:00': time data '2026-01-09 11:22:00' does not match format '%Y-%m-%dT%H:%M:%S.%fZ'
2026-08-12 23:24:51 | WARNING | Could not parse candle datetime '2026-01-09 11:23:00': time data '2026-01-09 11:23:00' does not match format '%Y-%m-%dT%H:%M:%S.%fZ'
2026-08-12 23:24:51 | WARNING | Could not parse candle datetime '2026-01-09 11:24:00': time data '2026-01-09 11:24:00' does not match format '%Y-%m-%dT%H:%M:%S.%fZ'
2026-08-12 23:24:51 | WARNING | Could not parse candle datetime '2026-01-09 11:25:00': time data '2026-01-09 11:25:00' does not match format '%Y-%m-%dT%H:%M:%S.%fZ'
2026-08-12 23:24:51 | WARNING | Could not parse candle datetime '2026-01-09 11:26:00': time data '2026-01-09 11:26:00' does not match format '%Y-%m-%dT%H:%M:%S.%fZ'
2026-08-12 23:24:51 | WARNING | Could not parse candle datetime '2026-01-09 11:27:00': time data '2026-01-09 11:27:00' does not match format '%Y-%m-%dT%H:%M:%S.%fZ'
2026-08-12 23:24:51 | WARNING | Could not parse candle datetime '2026-01-09 11:28:00': time data '2026-01-09 11:28:00' does not match format '%Y-%m-%dT%H:%M:%S.%fZ'
2026-08-12 23:24:51 | WARNING | Could not parse candle datetime '2026-01-09 11:29:00': time data '2026-01-09 11:29:00' does not match format '%Y-%m-%dT%H:%M:%S.%fZ'
2026-08-12 23:24:51 | WARNING | Could not parse candle datetime '2026-01-09 11:30:00': time data '2026-01-09 11:30:00' does not match format '%Y-%m-%dT%H:%M:%S.%fZ'
2026-08-12 23:24:51 | WARNING | Could not parse candle datetime '2026-01-09 11:31:00': time data '2026-01-09 11:31:00' does not match format '%Y-%m-%dT%H:%M:%S.%fZ'
2026-08-12 23:24:51 | WARNING | Could not parse candle datetime '2026-01-09 11:32:00': time data '2026-01-09 11:32:00' does not match format '%Y-%m-%dT%H:%M:%S.%fZ'
2026-08-12 23:24:51 | WARNING | Could not parse candle datetime '2026-01-09 11:33:00': time data '2026-01-09 11:33:00' does not match format '%Y-%m-%dT%H:%M:%S.%fZ'
2026-08-12 23:24:51 | WARNING | Could not parse candle datetime '2026-01-09 11:34:00': time data '2026-01-09 11:34:00' does not match format '%Y-%m-%dT%H:%M:%S.%fZ'
2026-08-12 23:24:51 | WARNING | Could not parse candle datetime '2026-01-09 11:35:00': time data '2026-01-09 11:35:00' does not match format '%Y-%m-%dT%H:%M:%S.%fZ'
2026-08-12 23:24:51 | WARNING | Could not parse candle datetime '2026-01-09 11:36:00': time data '2026-01-09 11:36:00' does not match format '%Y-%m-%dT%H:%M:%S.%fZ'
2026-08-12 23:24:51 | WARNING | Could not parse candle datetime '2026-01-09 11:37:00': time data '2026-01-09 11:37:00' does not match format '%Y-%m-%dT%H:%M:%S.%fZ'
2026-08-12 23:24:51 | WARNING | Could not parse candle datetime '2026-01-09 11:38:00': time data '2026-01-09 11:38:00' does not match format '%Y-%m-%dT%H:%M:%S.%fZ'
2026-08-12 23:24:51 | WARNING | Could not parse candle datetime '2026-01-09 11:39:00': time data '2026-01-09 11:39:00' does not match format '%Y-%m-%dT%H:%M:%S.%fZ'
2026-08-12 23:24:51 | WARNING | Could not parse candle datetime '2026-01-09 11:40:00': time data '2026-01-09 11:40:00' does not match format '%Y-%m-%dT%H:%M:%S.%fZ'
2026-08-12 23:24:51 | WARNING | Could not parse candle datetime '2026-01-09 11:41:00': time data '2026-01-09 11:41:00' does not match format '%Y-%m-%dT%H:%M:%S.%fZ'
2026-08-12 23:24:51 | WARNING | Could not parse candle datetime '2026-01-09 11:42:00': time data '2026-01-09 11:42:00' does not match format '%Y-%m-%dT%H:%M:%S.%fZ'
2026-08-12 23:24:51 | WARNING | Could not parse candle datetime '2026-01-09 11:43:00': time data '2026-01-09 11:43:00' does not match format '%Y-%m-%dT%H:%M:%S.%fZ'
2026-08-12 23:24:51 | WARNING | Could not parse candle datetime '2026-01-09 11:44:00': time data '2026-01-09 11:44:00' does not match format '%Y-%m-%dT%H:%M:%S.%fZ'
2026-08-12 23:24:51 | WARNING | Could not parse candle datetime '2026-01-09 11:45:00': time data '2026-01-09 11:45:00' does not match format '%Y-%m-%dT%H:%M:%S.%fZ'
2026-08-12 23:24:51 | WARNING | Could not parse candle datetime '2026-01-09 11:46:00': time data '2026-01-09 11:46:00' does not match format '%Y-%m-%dT%H:%M:%S.%fZ'
2026-08-12 23:24:51 | WARNING | Could not parse candle datetime '2026-01-09 11:47:00': time data '2026-01-09 11:47:00' does not match format '%Y-%m-%dT%H:%M:%S.%fZ'
2026-08-12 23:24:51 | WARNING | Could not parse candle datetime '2026-01-09 11:48:00': time data '2026-01-09 11:48:00' does not match format '%Y-%m-%dT%H:%M:%S.%fZ'
2026-08-12 23:24:51 | WARNING | Could not parse candle datetime '2026-01-09 11:49:00': time data '2026-01-09 11:49:00' does not match format '%Y-%m-%dT%H:%M:%S.%fZ'
2026-08-12 23:24:51 | WARNING | Could not parse candle datetime '2026-01-09 11:50:00': time data '2026-01-09 11:50:00' does not match format '%Y-%m-%dT%H:%M:%S.%fZ'
2026-08-12 23:24:51 | WARNING | Could not parse candle datetime '2026-01-09 11:51:00': time data '2026-01-09 11:51:00' does not match format '%Y-%m-%dT%H:%M:%S.%fZ'
2026-08-12 23:24:51 | WARNING | Could not parse candle datetime '2026-01-09 11:52:00': time data '2026-01-09 11:52:00' does not match format '%Y-%m-%dT%H:%M:%S.%fZ'
2026-08-12 23:24:51 | WARNING | Could not parse candle datetime '2026-01-09 11:53:00': time data '2026-01-09 11:53:00' does not match format '%Y-%m-%dT%H:%M:%S.%fZ'
2026-08-12 23:24:51 | WARNING | Could not parse candle datetime '2026-01-09 11:54:00': time data '2026-01-09 11:54:00' does not match format '%Y-%m-%dT%H:%M:%S.%fZ'
2026-08-12 23:24:51 | WARNING | Could not parse candle datetime '2026-01-09 11:55:00': time data '2026-01-09 11:55:00' does not match format '%Y-%m-%dT%H:%M:%S.%fZ'
2026-08-12 23:24:51 | WARNING | Could not parse candle datetime '2026-01-09 11:56:00': time data '2026-01-09 11:56:00' does not match format '%Y-%m-%dT%H:%M:%S.%fZ'
2026-08-12 23:24:51 | WARNING | Could not parse candle datetime '2026-01-09 11:57:00': time data '2026-01-09 11:57:00' does not match format '%Y-%m-%dT%H:%M:%S.%fZ'
2026-08-12 23:24:51 | WARNING | Could not parse candle datetime '2026-01-09 11:58:00': time data '2026-01-09 11:58:00' does not match format '%Y-%m-%dT%H:%M:%S.%fZ'
2026-08-12 23:24:51 | WARNING | Could not parse candle datetime '2026-01-09 11:59:00': time data '2026-01-09 11:59:00' does not match format '%Y-%m-%dT%H:%M:%S.%fZ'
2026-08-12 23:24:51 | WARNING | Could not parse candle datetime '2026-01-09 12:00:00': time data '2026-01-09 12:00:00' does not match format '%Y-%m-%dT%H:%M:%S.%fZ'
2026-08-12 23:24:51 | WARNING | Could not parse candle datetime '2026-01-09 12:01:00': time data '2026-01-09 12:01:00' does not match format '%Y-%m-%dT%H:%M:%S.%fZ'
2026-08-12 23:24:51 | WARNING | Could not parse candle datetime '2026-01-09 12:02:00': time data '2026-01-09 12:02:00' does not match format '%Y-%m-%dT%H:%M:%S.%fZ'
2026-08-12 23:24:51 | WARNING | Could not parse candle datetime '2026-01-09 12:03:00': time data '2026-01-09 12:03:00' does not match format '%Y-%m-%dT%H:%M:%S.%fZ'
2026-08-12 23:24:51 | WARNING | Could not parse candle datetime '2026-01-09 12:04:00': time data '2026-01-09 12:04:00' does not match format '%Y-%m-%dT%H:%M:%S.%fZ'
2026-08-12 23:24:51 | WARNING | Could not parse candle datetime '2026-01-09 12:05:00': time data '2026-01-09 12:05:00' does not match format '%Y-%m-%dT%H:%M:%S.%fZ'
2026-08-12 23:24:51 | WARNING | Could not parse candle datetime '2026-01-09 12:06:00': time data '2026-01-09 12:06:00' does not match format '%Y-%m-%dT%H:%M:%S.%fZ'
2026-08-12 23:24:51 | WARNING | Could not parse candle datetime '2026-01-09 12:07:00': time data '2026-01-09 12:07:00' does not match format '%Y-%m-%dT%H:%M:%S.%fZ'
2026-08-12 23:24:51 | WARNING | Could not parse candle datetime '2026-01-09 12:08:00': time data '2026-01-09 12:08:00' does not match format '%Y-%m-%dT%H:%M:%S.%fZ'
2026-08-12 23:24:51 | WARNING | Could not parse candle datetime '2026-01-09 12:09:00': time data '2026-01-09 12:09:00' does not match format '%Y-%m-%dT%H:%M:%S.%fZ'
2026-08-12 23:24:51 | WARNING | Could not parse candle datetime '2026-01-09 12:10:00': time data '2026-01-09 12:10:00' does not match format '%Y-%m-%dT%H:%M:%S.%fZ'
2026-08-12 23:24:51 | WARNING | Could not parse candle datetime '2026-01-09 12:11:00': time data '2026-01-09 12:11:00' does not match format '%Y-%m-%dT%H:%M:%S.%fZ'
2026-08-12 23:24:51 | WARNING | Could not parse candle datetime '2026-01-09 12:12:00': time data '2026-01-09 12:12:00' does not match format '%Y-%m-%dT%H:%M:%S.%fZ'
2026-08-12 23:24:51 | WARNING | Could not parse candle datetime '2026-01-09 12:13:00': time data '2026-01-09 12:13:00' does not match format '%Y-%m-%dT%H:%M:%S.%fZ'
2026-08-12 23:24:51 | WARNING | Could not parse candle datetime '2026-01-09 12:14:00': time data '2026-01-09 12:14:00' does not match format '%Y-%m-%dT%H:%M:%S.%fZ'
2026-08-12 23:24:51 | WARNING | Could not parse candle datetime '2026-01-09 12:15:00': time data '2026-01-09 12:15:00' does not match format '%Y-%m-%dT%H:%M:%S.%fZ'
2026-08-12 23:24:51 | WARNING | Could not parse candle datetime '2026-01-09 12:16:00': time data '2026-01-09 12:16:00' does not match format '%Y-%m-%dT%H:%M:%S.%fZ'
2026-08-12 23:24:51 | WARNING | Could not parse candle datetime '2026-01-09 12:17:00': time data '2026-01-09 12:17:00' does not match format '%Y-%m-%dT%H:%M:%S.%fZ'
2026-08-12 23:24:51 | WARNING | Could not parse candle datetime '2026-01-09 12:18:00': time data '2026-01-09 12:18:00' does not match format '%Y-%m-%dT%H:%M:%S.%fZ'
2026-08-12 23:24:51 | WARNING | Could not parse candle datetime '2026-01-09 12:19:00': time data '2026-01-09 12:19:00' does not match format '%Y-%m-%dT%H:%M:%S.%fZ'
2026-08-12 23:24:51 | WARNING | Could not parse candle datetime '2026-01-09 12:20:00': time data '2026-01-09 12:20:00' does not match format '%Y-%m-%dT%H:%M:%S.%fZ'
2026-08-12 23:24:51 | WARNING | Could not parse candle datetime '2026-01-09 12:21:00': time data '2026-01-09 12:21:00' does not match format '%Y-%m-%dT%H:%M:%S.%fZ'
2026-08-12 23:24:51 | WARNING | Could not parse candle datetime '2026-01-09 12:22:00': time data '2026-01-09 12:22:00' does not match format '%Y-%m-%dT%H:%M:%S.%fZ'
2026-08-12 23:24:51 | WARNING | Could not parse candle datetime '2026-01-09 12:23:00': time data '2026-01-09 12:23:00' does not match format '%Y-%m-%dT%H:%M:%S.%fZ'
2026-08-12 23:24:51 | WARNING | Could not parse candle datetime '2026-01-09 12:24:00': time data '2026-01-09 12:24:00' does not match format '%Y-%m-%dT%H:%M:%S.%fZ'
2026-08-12 23:24:51 | WARNING | Could not parse candle datetime '2026-01-09 12:25:00': time data '2026-01-09 12:25:00' does not match format '%Y-%m-%dT%H:%M:%S.%fZ'
2026-08-12 23:24:51 | WARNING | Could not parse candle datetime '2026-01-09 12:26:00': time data '2026-01-09 12:26:00' does not match format '%Y-%m-%dT%H:%M:%S.%fZ'
2026-08-12 23:24:51 | WARNING | Could not parse candle datetime '2026-01-09 12:27:00': time data '2026-01-09 12:27:00' does not match format '%Y-%m-%dT%H:%M:%S.%fZ'
2026-08-12 23:24:51 | WARNING | Could not parse candle datetime '2026-01-09 12:28:00': time data '2026-01-09 12:28:00' does not match format '%Y-%m-%dT%H:%M:%S.%fZ'
2026-08-12 23:24:51 | WARNING | Could not parse candle datetime '2026-01-09 12:29:00': time data '2026-01-09 12:29:00' does not match format '%Y-%m-%dT%H:%M:%S.%fZ'
2026-08-12 23:24:51 | WARNING | Could not parse candle datetime '2026-01-09 12:30:00': time data '2026-01-09 12:30:00' does not match format '%Y-%m-%dT%H:%M:%S.%fZ'
2026-08-12 23:24:51 | WARNING | Could not parse candle datetime '2026-01-09 12:31:00': time data '2026-01-09 12:31:00' does not match format '%Y-%m-%dT%H:%M:%S.%fZ'
2026-08-12 23:24:51 | WARNING | Could not parse candle datetime '2026-01-09 12:32:00': time data '2026-01-09 12:32:00' does not match format '%Y-%m-%dT%H:%M:%S.%fZ'
2026-08-12 23:24:51 | WARNING | Could not parse candle datetime '2026-01-09 12:33:00': time data '2026-01-09 12:33:00' does not match format '%Y-%m-%dT%H:%M:%S.%fZ'
2026-08-12 23:24:51 | WARNING | Could not parse candle datetime '2026-01-09 12:34:00': time data '2026-01-09 12:34:00' does not match format '%Y-%m-%dT%H:%M:%S.%fZ'
2026-08-12 23:24:51 | WARNING | Could not parse candle datetime '2026-01-09 12:35:00': time data '2026-01-09 12:35:00' does not match format '%Y-%m-%dT%H:%M:%S.%fZ'
2026-08-12 23:24:51 | WARNING | Could not parse candle datetime '2026-01-09 12:36:00': time data '2026-01-09 12:36:00' does not match format '%Y-%m-%dT%H:%M:%S.%fZ'
2026-08-12 23:24:51 | WARNING | Could not parse candle datetime '2026-01-09 12:37:00': time data '2026-01-09 12:37:00' does not match format '%Y-%m-%dT%H:%M:%S.%fZ'
2026-08-12 23:24:51 | WARNING | Could not parse candle datetime '2026-01-09 12:38:00': time data '2026-01-09 12:38:00' does not match format '%Y-%m-%dT%H:%M:%S.%fZ'
2026-08-12 23:24:51 | WARNING | Could not parse candle datetime '2026-01-09 12:39:00': time data '2026-01-09 12:39:00' does not match format '%Y-%m-%dT%H:%M:%S.%fZ'
2026-08-12 23:24:51 | WARNING | Could not parse candle datetime '2026-01-09 12:40:00': time data '2026-01-09 12:40:00' does not match format '%Y-%m-%dT%H:%M:%S.%fZ'
2026-08-12 23:24:51 | WARNING | Could not parse candle datetime '2026-01-09 12:41:00': time data '2026-01-09 12:41:00' does not match format '%Y-%m-%dT%H:%M:%S.%fZ'
2026-08-12 23:24:51 | WARNING | Could not parse candle datetime '2026-01-09 12:42:00': time data '2026-01-09 12:42:00' does not match format '%Y-%m-%dT%H:%M:%S.%fZ'
2026-08-12 23:24:51 | WARNING | Could not parse candle datetime '2026-01-09 12:43:00': time data '2026-01-09 12:43:00' does not match format '%Y-%m-%dT%H:%M:%S.%fZ'
2026-08-12 23:24:51 | WARNING | Could not parse candle datetime '2026-01-09 12:44:00': time data '2026-01-09 12:44:00' does not match format '%Y-%m-%dT%H:%M:%S.%fZ'
2026-08-12 23:24:51 | WARNING | Could not parse candle datetime '2026-01-09 12:45:00': time data '2026-01-09 12:45:00' does not match format '%Y-%m-%dT%H:%M:%S.%fZ'
2026-08-12 23:24:51 | WARNING | Could not parse candle datetime '2026-01-09 12:46:00': time data '2026-01-09 12:46:00' does not match format '%Y-%m-%dT%H:%M:%S.%fZ'
2026-08-12 23:24:51 | WARNING | Could not parse candle datetime '2026-01-09 12:47:00': time data '2026-01-09 12:47:00' does not match format '%Y-%m-%dT%H:%M:%S.%fZ'
2026-08-12 23:24:51 | WARNING | Could not parse candle datetime '2026-01-09 12:48:00': time data '2026-01-09 12:48:00' does not match format '%Y-%m-%dT%H:%M:%S.%fZ'
2026-08-12 23:24:51 | WARNING | Could not parse candle datetime '2026-01-09 12:49:00': time data '2026-01-09 12:49:00' does not match format '%Y-%m-%dT%H:%M:%S.%fZ'
2026-08-12 23:24:51 | WARNING | Could not parse candle datetime '2026-01-09 12:50:00': time data '2026-01-09 12:50:00' does not match format '%Y-%m-%dT%H:%M:%S.%fZ'
2026-08-12 23:24:51 | WARNING | Could not parse candle datetime '2026-01-09 12:51:00': time data '2026-01-09 12:51:00' does not match format '%Y-%m-%dT%H:%M:%S.%fZ'
2026-08-12 23:24:51 | WARNING | Could not parse candle datetime '2026-01-09 12:52:00': time data '2026-01-09 12:52:00' does not match format '%Y-%m-%dT%H:%M:%S.%fZ'
2026-08-12 23:24:51 | WARNING | Could not parse candle datetime '2026-01-09 12:53:00': time data '2026-01-09 12:53:00' does not match format '%Y-%m-%dT%H:%M:%S.%fZ'
2026-08-12 23:24:51 | WARNING | Could not parse candle datetime '2026-01-09 12:54:00': time data '2026-01-09 12:54:00' does not match format '%Y-%m-%dT%H:%M:%S.%fZ'
2026-08-12 23:24:51 | WARNING | Could not parse candle datetime '2026-01-09 12:55:00': time data '2026-01-09 12:55:00' does not match format '%Y-%m-%dT%H:%M:%S.%fZ'
2026-08-12 23:24:51 | WARNING | Could not parse candle datetime '2026-01-09 12:56:00': time data '2026-01-09 12:56:00' does not match format '%Y-%m-%dT%H:%M:%S.%fZ'
2026-08-12 23:24:51 | WARNING | Could not parse candle datetime '2026-01-09 12:57:00': time data '2026-01-09 12:57:00' does not match format '%Y-%m-%dT%H:%M:%S.%fZ'
2026-08-12 23:24:51 | WARNING | Could not parse candle datetime '2026-01-09 12:58:00': time data '2026-01-09 12:58:00' does not match format '%Y-%m-%dT%H:%M:%S.%fZ'
2026-08-12 23:24:51 | WARNING | Could not parse candle datetime '2026-01-09 12:59:00': time data '2026-01-09 12:59:00' does not match format '%Y-%m-%dT%H:%M:%S.%fZ'
2026-08-12 23:24:51 | WARNING | Could not parse candle datetime '2026-01-09 13:00:00': time data '2026-01-09 13:00:00' does not match format '%Y-%m-%dT%H:%M:%S.%fZ'
2026-08-12 23:24:51 | WARNING | Could not parse candle datetime '2026-01-09 13:01:00': time data '2026-01-09 13:01:00' does not match format '%Y-%m-%dT%H:%M:%S.%fZ'
2026-08-12 23:24:51 | WARNING | Could not parse candle datetime '2026-01-09 13:02:00': time data '2026-01-09 13:02:00' does not match format '%Y-%m-%dT%H:%M:%S.%fZ'
2026-08-12 23:24:51 | WARNING | Could not parse candle datetime '2026-01-09 13:03:00': time data '2026-01-09 13:03:00' does not match format '%Y-%m-%dT%H:%M:%S.%fZ'
2026-08-12 23:24:51 | WARNING | Could not parse candle datetime '2026-01-09 13:04:00': time data '2026-01-09 13:04:00' does not match format '%Y-%m-%dT%H:%M:%S.%fZ'
2026-08-12 23:24:51 | WARNING | Could not parse candle datetime '2026-01-09 13:05:00': time data '2026-01-09 13:05:00' does not match format '%Y-%m-%dT%H:%M:%S.%fZ'
2026-08-12 23:24:51 | WARNING | Could not parse candle datetime '2026-01-09 13:06:00': time data '2026-01-09 13:06:00' does not match format '%Y-%m-%dT%H:%M:%S.%fZ'
2026-08-12 23:24:51 | WARNING | Could not parse candle datetime '2026-01-09 13:07:00': time data '2026-01-09 13:07:00' does not match format '%Y-%m-%dT%H:%M:%S.%fZ'
2026-08-12 23:24:51 | WARNING | Could not parse candle datetime '2026-01-09 13:08:00': time data '2026-01-09 13:08:00' does not match format '%Y-%m-%dT%H:%M:%S.%fZ'
2026-08-12 23:24:51 | WARNING | Could not parse candle datetime '2026-01-09 13:09:00': time data '2026-01-09 13:09:00' does not match format '%Y-%m-%dT%H:%M:%S.%fZ'
2026-08-12 23:24:51 | WARNING | Could not parse candle datetime '2026-01-09 13:10:00': time data '2026-01-09 13:10:00' does not match format '%Y-%m-%dT%H:%M:%S.%fZ'
2026-08-12 23:24:51 | WARNING | Could not parse candle datetime '2026-01-09 13:11:00': time data '2026-01-09 13:11:00' does not match format '%Y-%m-%dT%H:%M:%S.%fZ'
2026-08-12 23:24:51 | WARNING | Could not parse candle datetime '2026-01-09 13:12:00': time data '2026-01-09 13:12:00' does not match format '%Y-%m-%dT%H:%M:%S.%fZ'
2026-08-12 23:24:51 | WARNING | Could not parse candle datetime '2026-01-09 13:13:00': time data '2026-01-09 13:13:00' does not match format '%Y-%m-%dT%H:%M:%S.%fZ'
2026-08-12 23:24:51 | WARNING | Could not parse candle datetime '2026-01-09 13:14:00': time data '2026-01-09 13:14:00' does not match format '%Y-%m-%dT%H:%M:%S.%fZ'
2026-08-12 23:24:51 | WARNING | Could not parse candle datetime '2026-01-09 13:15:00': time data '2026-01-09 13:15:00' does not match format '%Y-%m-%dT%H:%M:%S.%fZ'
2026-08-12 23:24:51 | WARNING | Could not parse candle datetime '2026-01-09 13:16:00': time data '2026-01-09 13:16:00' does not match format '%Y-%m-%dT%H:%M:%S.%fZ'
2026-08-12 23:24:51 | WARNING | Could not parse candle datetime '2026-01-09 13:17:00': time data '2026-01-09 13:17:00' does not match format '%Y-%m-%dT%H:%M:%S.%fZ'
2026-08-12 23:24:51 | WARNING | Could not parse candle datetime '2026-01-09 13:18:00': time data '2026-01-09 13:18:00' does not match format '%Y-%m-%dT%H:%M:%S.%fZ'
2026-08-12 23:24:51 | WARNING | Could not parse candle datetime '2026-01-09 13:19:00': time data '2026-01-09 13:19:00' does not match format '%Y-%m-%dT%H:%M:%S.%fZ'
2026-08-12 23:24:51 | WARNING | Could not parse candle datetime '2026-01-09 13:20:00': time data '2026-01-09 13:20:00' does not match format '%Y-%m-%dT%H:%M:%S.%fZ'
2026-08-12 23:24:51 | WARNING | Could not parse candle datetime '2026-01-09 13:21:00': time data '2026-01-09 13:21:00' does not match format '%Y-%m-%dT%H:%M:%S.%fZ'
2026-08-12 23:24:51 | WARNING | Could not parse candle datetime '2026-01-09 13:22:00': time data '2026-01-09 13:22:00' does not match format '%Y-%m-%dT%H:%M:%S.%fZ'
2026-08-12 23:24:51 | WARNING | Could not parse candle datetime '2026-01-09 13:23:00': time data '2026-01-09 13:23:00' does not match format '%Y-%m-%dT%H:%M:%S.%fZ'
2026-08-12 23:24:51 | WARNING | Could not parse candle datetime '2026-01-09 13:24:00': time data '2026-01-09 13:24:00' does not match format '%Y-%m-%dT%H:%M:%S.%fZ'
2026-08-12 23:24:51 | WARNING | Could not parse candle datetime '2026-01-09 13:25:00': time data '2026-01-09 13:25:00' does not match format '%Y-%m-%dT%H:%M:%S.%fZ'
2026-08-12 23:24:51 | WARNING | Could not parse candle datetime '2026-01-09 13:26:00': time data '2026-01-09 13:26:00' does not match format '%Y-%m-%dT%H:%M:%S.%fZ'
2026-08-12 23:24:51 | WARNING | Could not parse candle datetime '2026-01-09 13:27:00': time data '2026-01-09 13:27:00' does not match format '%Y-%m-%dT%H:%M:%S.%fZ'
2026-08-12 23:24:51 | WARNING | Could not parse candle datetime '2026-01-09 13:28:00': time data '2026-01-09 13:28:00' does not match format '%Y-%m-%dT%H:%M:%S.%fZ'
2026-08-12 23:24:51 | WARNING | Could not parse candle datetime '2026-01-09 13:29:00': time data '2026-01-09 13:29:00' does not match format '%Y-%m-%dT%H:%M:%S.%fZ'
2026-08-12 23:24:51 | WARNING | Could not parse candle datetime '2026-01-09 13:30:00': time data '2026-01-09 13:30:00' does not match format '%Y-%m-%dT%H:%M:%S.%fZ'
2026-08-12 23:24:51 | WARNING | Could not parse candle datetime '2026-01-09 13:31:00': time data '2026-01-09 13:31:00' does not match format '%Y-%m-%dT%H:%M:%S.%fZ'
2026-08-12 23:24:51 | WARNING | Could not parse candle datetime '2026-01-09 13:32:00': time data '2026-01-09 13:32:00' does not match format '%Y-%m-%dT%H:%M:%S.%fZ'
2026-08-12 23:24:51 | WARNING | Could not parse candle datetime '2026-01-09 13:33:00': time data '2026-01-09 13:33:00' does not match format '%Y-%m-%dT%H:%M:%S.%fZ'
2026-08-12 23:24:51 | WARNING | Could not parse candle datetime '2026-01-09 13:34:00': time data '2026-01-09 13:34:00' does not match format '%Y-%m-%dT%H:%M:%S.%fZ'
2026-08-12 23:24:51 | WARNING | Could not parse candle datetime '2026-01-09 13:35:00': time data '2026-01-09 13:35:00' does not match format '%Y-%m-%dT%H:%M:%S.%fZ'
2026-08-12 23:24:51 | WARNING | Could not parse candle datetime '2026-01-09 13:36:00': time data '2026-01-09 13:36:00' does not match format '%Y-%m-%dT%H:%M:%S.%fZ'
2026-08-12 23:24:51 | WARNING | Could not parse candle datetime '2026-01-09 13:37:00': time data '2026-01-09 13:37:00' does not match format '%Y-%m-%dT%H:%M:%S.%fZ'
2026-08-12 23:24:51 | WARNING | Could not parse candle datetime '2026-01-09 13:38:00': time data '2026-01-09 13:38:00' does not match format '%Y-%m-%dT%H:%M:%S.%fZ'
2026-08-12 23:24:51 | WARNING | Could not parse candle datetime '2026-01-09 13:39:00': time data '2026-01-09 13:39:00' does not match format '%Y-%m-%dT%H:%M:%S.%fZ'
2026-08-12 23:24:51 | WARNING | Could not parse candle datetime '2026-01-09 13:40:00': time data '2026-01-09 13:40:00' does not match format '%Y-%m-%dT%H:%M:%S.%fZ'
2026-08-12 23:24:51 | WARNING | Could not parse candle datetime '2026-01-09 13:41:00': time data '2026-01-09 13:41:00' does not match format '%Y-%m-%dT%H:%M:%S.%fZ'
2026-08-12 23:24:51 | WARNING | Could not parse candle datetime '2026-01-09 13:42:00': time data '2026-01-09 13:42:00' does not match format '%Y-%m-%dT%H:%M:%S.%fZ'
2026-08-12 23:24:51 | WARNING | Could not parse candle datetime '2026-01-09 13:43:00': time data '2026-01-09 13:43:00' does not match format '%Y-%m-%dT%H:%M:%S.%fZ'
2026-08-12 23:24:51 | WARNING | Could not parse candle datetime '2026-01-09 13:44:00': time data '2026-01-09 13:44:00' does not match format '%Y-%m-%dT%H:%M:%S.%fZ'
2026-08-12 23:24:51 | WARNING | Could not parse candle datetime '2026-01-09 13:45:00': time data '2026-01-09 13:45:00' does not match format '%Y-%m-%dT%H:%M:%S.%fZ'
2026-08-12 23:24:51 | WARNING | Could not parse candle datetime '2026-01-09 13:46:00': time data '2026-01-09 13:46:00' does not match format '%Y-%m-%dT%H:%M:%S.%fZ'
2026-08-12 23:24:51 | WARNING | Could not parse candle datetime '2026-01-09 13:47:00': time data '2026-01-09 13:47:00' does not match format '%Y-%m-%dT%H:%M:%S.%fZ'
2026-08-12 23:24:51 | WARNING | Could not parse candle datetime '2026-01-09 13:48:00': time data '2026-01-09 13:48:00' does not match format '%Y-%m-%dT%H:%M:%S.%fZ'
2026-08-12 23:24:51 | WARNING | Could not parse candle datetime '2026-01-09 13:49:00': time data '2026-01-09 13:49:00' does not match format '%Y-%m-%dT%H:%M:%S.%fZ'
2026-08-12 23:24:51 | WARNING | Could not parse candle datetime '2026-01-09 13:50:00': time data '2026-01-09 13:50:00' does not match format '%Y-%m-%dT%H:%M:%S.%fZ'
2026-08-12 23:24:51 | WARNING | Could not parse candle datetime '2026-01-09 13:51:00': time data '2026-01-09 13:51:00' does not match format '%Y-%m-%dT%H:%M:%S.%fZ'
2026-08-12 23:24:51 | WARNING | Could not parse candle datetime '2026-01-09 13:52:00': time data '2026-01-09 13:52:00' does not match format '%Y-%m-%dT%H:%M:%S.%fZ'
2026-08-12 23:24:51 | WARNING | Could not parse candle datetime '2026-01-09 13:53:00': time data '2026-01-09 13:53:00' does not match format '%Y-%m-%dT%H:%M:%S.%fZ'
2026-08-12 23:24:51 | WARNING | Could not parse candle datetime '2026-01-09 13:54:00': time data '2026-01-09 13:54:00' does not match format '%Y-%m-%dT%H:%M:%S.%fZ'
2026-08-12 23:24:51 | WARNING | Could not parse candle datetime '2026-01-09 13:55:00': time data '2026-01-09 13:55:00' does not match format '%Y-%m-%dT%H:%M:%S.%fZ'
2026-08-12 23:24:51 | WARNING | Could not parse candle datetime '2026-01-09 13:56:00': time data '2026-01-09 13:56:00' does not match format '%Y-%m-%dT%H:%M:%S.%fZ'
2026-08-12 23:24:51 | WARNING | Could not parse candle datetime '2026-01-09 13:57:00': time data '2026-01-09 13:57:00' does not match format '%Y-%m-%dT%H:%M:%S.%fZ'
2026-08-12 23:24:51 | WARNING | Could not parse candle datetime '2026-01-09 13:58:00': time data '2026-01-09 13:58:00' does not match format '%Y-%m-%dT%H:%M:%S.%fZ'
2026-08-12 23:24:51 | WARNING | Could not parse candle datetime '2026-01-09 13:59:00': time data '2026-01-09 13:59:00' does not match format '%Y-%m-%dT%H:%M:%S.%fZ'
2026-08-12 23:24:51 | WARNING | Could not parse candle datetime '2026-01-09 14:00:00': time data '2026-01-09 14:00:00' does not match format '%Y-%m-%dT%H:%M:%S.%fZ'
2026-08-12 23:24:51 | WARNING | Could not parse candle datetime '2026-01-09 14:01:00': time data '2026-01-09 14:01:00' does not match format '%Y-%m-%dT%H:%M:%S.%fZ'
2026-08-12 23:24:51 | WARNING | Could not parse candle datetime '2026-01-09 14:02:00': time data '2026-01-09 14:02:00' does not match format '%Y-%m-%dT%H:%M:%S.%fZ'
2026-08-12 23:24:51 | WARNING | Could not parse candle datetime '2026-01-09 14:03:00': time data '2026-01-09 14:03:00' does not match format '%Y-%m-%dT%H:%M:%S.%fZ'
2026-08-12 23:24:51 | WARNING | Could not parse candle datetime '2026-01-09 14:04:00': time data '2026-01-09 14:04:00' does not match format '%Y-%m-%dT%H:%M:%S.%fZ'
2026-08-12 23:24:51 | WARNING | Could not parse candle datetime '2026-01-09 14:05:00': time data '2026-01-09 14:05:00' does not match format '%Y-%m-%dT%H:%M:%S.%fZ'
2026-08-12 23:24:51 | WARNING | Could not parse candle datetime '2026-01-09 14:06:00': time data '2026-01-09 14:06:00' does not match format '%Y-%m-%dT%H:%M:%S.%fZ'
2026-08-12 23:24:51 | WARNING | Could not parse candle datetime '2026-01-09 14:07:00': time data '2026-01-09 14:07:00' does not match format '%Y-%m-%dT%H:%M:%S.%fZ'
2026-08-12 23:24:51 | WARNING | Could not parse candle datetime '2026-01-09 14:08:00': time data '2026-01-09 14:08:00' does not match format '%Y-%m-%dT%H:%M:%S.%fZ'
2026-08-12 23:24:51 | WARNING | Could not parse candle datetime '2026-01-09 14:09:00': time data '2026-01-09 14:09:00' does not match format '%Y-%m-%dT%H:%M:%S.%fZ'
2026-08-12 23:24:51 | WARNING | Could not parse candle datetime '2026-01-09 14:10:00': time data '2026-01-09 14:10:00' does not match format '%Y-%m-%dT%H:%M:%S.%fZ'
2026-08-12 23:24:51 | WARNING | Could not parse candle datetime '2026-01-09 14:11:00': time data '2026-01-09 14:11:00' does not match format '%Y-%m-%dT%H:%M:%S.%fZ'
2026-08-12 23:24:51 | WARNING | Could not parse candle datetime '2026-01-09 14:12:00': time data '2026-01-09 14:12:00' does not match format '%Y-%m-%dT%H:%M:%S.%fZ'
2026-08-12 23:24:51 | WARNING | Could not parse candle datetime '2026-01-09 14:13:00': time data '2026-01-09 14:13:00' does not match format '%Y-%m-%dT%H:%M:%S.%fZ'
2026-08-12 23:24:51 | WARNING | Could not parse candle datetime '2026-01-09 14:14:00': time data '2026-01-09 14:14:00' does not match format '%Y-%m-%dT%H:%M:%S.%fZ'
2026-08-12 23:24:51 | WARNING | Could not parse candle datetime '2026-01-09 14:15:00': time data '2026-01-09 14:15:00' does not match format '%Y-%m-%dT%H:%M:%S.%fZ'
2026-08-12 23:24:51 | WARNING | Could not parse candle datetime '2026-01-09 14:16:00': time data '2026-01-09 14:16:00' does not match format '%Y-%m-%dT%H:%M:%S.%fZ'
2026-08-12 23:24:51 | WARNING | Could not parse candle datetime '2026-01-09 14:17:00': time data '2026-01-09 14:17:00' does not match format '%Y-%m-%dT%H:%M:%S.%fZ'
2026-08-12 23:24:51 | WARNING | Could not parse candle datetime '2026-01-09 14:18:00': time data '2026-01-09 14:18:00' does not match format '%Y-%m-%dT%H:%M:%S.%fZ'
2026-08-12 23:24:51 | WARNING | Could not parse candle datetime '2026-01-09 14:19:00': time data '2026-01-09 14:19:00' does not match format '%Y-%m-%dT%H:%M:%S.%fZ'
2026-08-12 23:24:51 | WARNING | Could not parse candle datetime '2026-01-09 14:20:00': time data '2026-01-09 14:20:00' does not match format '%Y-%m-%dT%H:%M:%S.%fZ'
2026-08-12 23:24:51 | WARNING | Could not parse candle datetime '2026-01-09 14:21:00': time data '2026-01-09 14:21:00' does not match format '%Y-%m-%dT%H:%M:%S.%fZ'
2026-08-12 23:24:51 | WARNING | Could not parse candle datetime '2026-01-09 14:22:00': time data '2026-01-09 14:22:00' does not match format '%Y-%m-%dT%H:%M:%S.%fZ'
2026-08-12 23:24:51 | WARNING | Could not parse candle datetime '2026-01-09 14:23:00': time data '2026-01-09 14:23:00' does not match format '%Y-%m-%dT%H:%M:%S.%fZ'
2026-08-12 23:24:51 | WARNING | Could not parse candle datetime '2026-01-09 14:24:00': time data '2026-01-09 14:24:00' does not match format '%Y-%m-%dT%H:%M:%S.%fZ'
2026-08-12 23:24:51 | WARNING | Could not parse candle datetime '2026-01-09 14:25:00': time data '2026-01-09 14:25:00' does not match format '%Y-%m-%dT%H:%M:%S.%fZ'
2026-08-12 23:24:51 | WARNING | Could not parse candle datetime '2026-01-09 14:26:00': time data '2026-01-09 14:26:00' does not match format '%Y-%m-%dT%H:%M:%S.%fZ'
2026-08-12 23:24:51 | WARNING | Could not parse candle datetime '2026-01-09 14:27:00': time data '2026-01-09 14:27:00' does not match format '%Y-%m-%dT%H:%M:%S.%fZ'
2026-08-12 23:24:51 | WARNING | Could not parse candle datetime '2026-01-09 14:28:00': time data '2026-01-09 14:28:00' does not match format '%Y-%m-%dT%H:%M:%S.%fZ'
2026-08-12 23:24:51 | WARNING | Could not parse candle datetime '2026-01-09 14:29:00': time data '2026-01-09 14:29:00' does not match format '%Y-%m-%dT%H:%M:%S.%fZ'
2026-08-12 23:24:51 | WARNING | Could not parse candle datetime '2026-01-09 14:30:00': time data '2026-01-09 14:30:00' does not match format '%Y-%m-%dT%H:%M:%S.%fZ'
2026-08-12 23:24:51 | WARNING | Could not parse candle datetime '2026-01-09 14:31:00': time data '2026-01-09 14:31:00' does not match format '%Y-%m-%dT%H:%M:%S.%fZ'
2026-08-12 23:24:51 | WARNING | Could not parse candle datetime '2026-01-09 14:32:00': time data '2026-01-09 14:32:00' does not match format '%Y-%m-%dT%H:%M:%S.%fZ'
2026-08-12 23:24:51 | WARNING | Could not parse candle datetime '2026-01-09 14:33:00': time data '2026-01-09 14:33:00' does not match format '%Y-%m-%dT%H:%M:%S.%fZ'
2026-08-12 23:24:51 | WARNING | Could not parse candle datetime '2026-01-09 14:34:00': time data '2026-01-09 14:34:00' does not match format '%Y-%m-%dT%H:%M:%S.%fZ'
2026-08-12 23:24:51 | WARNING | Could not parse candle datetime '2026-01-09 14:35:00': time data '2026-01-09 14:35:00' does not match format '%Y-%m-%dT%H:%M:%S.%fZ'
2026-08-12 23:24:51 | WARNING | Could not parse candle datetime '2026-01-09 14:36:00': time data '2026-01-09 14:36:00' does not match format '%Y-%m-%dT%H:%M:%S.%fZ'
2026-08-12 23:24:51 | WARNING | Could not parse candle datetime '2026-01-09 14:37:00': time data '2026-01-09 14:37:00' does not match format '%Y-%m-%dT%H:%M:%S.%fZ'
2026-08-12 23:24:51 | WARNING | Could not parse candle datetime '2026-01-09 14:38:00': time data '2026-01-09 14:38:00' does not match format '%Y-%m-%dT%H:%M:%S.%fZ'
2026-08-12 23:24:51 | WARNING | Could not parse candle datetime '2026-01-09 14:39:00': time data '2026-01-09 14:39:00' does not match format '%Y-%m-%dT%H:%M:%S.%fZ'
2026-08-12 23:24:51 | WARNING | Could not parse candle datetime '2026-01-09 14:40:00': time data '2026-01-09 14:40:00' does not match format '%Y-%m-%dT%H:%M:%S.%fZ'
2026-08-12 23:24:51 | WARNING | Could not parse candle datetime '2026-01-09 14:41:00': time data '2026-01-09 14:41:00' does not match format '%Y-%m-%dT%H:%M:%S.%fZ'
2026-08-12 23:24:51 | WARNING | Could not parse candle datetime '2026-01-09 14:42:00': time data '2026-01-09 14:42:00' does not match format '%Y-%m-%dT%H:%M:%S.%fZ'
2026-08-12 23:24:51 | WARNING | Could not parse candle datetime '2026-01-09 14:43:00': time data '2026-01-09 14:43:00' does not match format '%Y-%m-%dT%H:%M:%S.%fZ'
2026-08-12 23:24:51 | WARNING | Could not parse candle datetime '2026-01-09 14:44:00': time data '2026-01-09 14:44:00' does not match format '%Y-%m-%dT%H:%M:%S.%fZ'
2026-08-12 23:24:51 | WARNING | Could not parse candle datetime '2026-01-09 14:45:00': time data '2026-01-09 14:45:00' does not match format '%Y-%m-%dT%H:%M:%S.%fZ'
2026-08-12 23:24:51 | WARNING | Could not parse candle datetime '2026-01-09 14:46:00': time data '2026-01-09 14:46:00' does not match format '%Y-%m-%dT%H:%M:%S.%fZ'
2026-08-12 23:24:51 | WARNING | Could not parse candle datetime '2026-01-09 14:47:00': time data '2026-01-09 14:47:00' does not match format '%Y-%m-%dT%H:%M:%S.%fZ'
2026-08-12 23:24:51 | WARNING | Could not parse candle datetime '2026-01-09 14:48:00': time data '2026-01-09 14:48:00' does not match format '%Y-%m-%dT%H:%M:%S.%fZ'
2026-08-12 23:24:51 | WARNING | Could not parse candle datetime '2026-01-09 14:49:00': time data '2026-01-09 14:49:00' does not match format '%Y-%m-%dT%H:%M:%S.%fZ'
2026-08-12 23:24:51 | WARNING | Could not parse candle datetime '2026-01-09 14:50:00': time data '2026-01-09 14:50:00' does not match format '%Y-%m-%dT%H:%M:%S.%fZ'
2026-08-12 23:24:51 | WARNING | Could not parse candle datetime '2026-01-09 14:51:00': time data '2026-01-09 14:51:00' does not match format '%Y-%m-%dT%H:%M:%S.%fZ'
2026-08-12 23:24:51 | WARNING | Could not parse candle datetime '2026-01-09 14:52:00': time data '2026-01-09 14:52:00' does not match format '%Y-%m-%dT%H:%M:%S.%fZ'
2026-08-12 23:24:51 | WARNING | Could not parse candle datetime '2026-01-09 14:53:00': time data '2026-01-09 14:53:00' does not match format '%Y-%m-%dT%H:%M:%S.%fZ'
2026-08-12 23:24:51 | WARNING | Could not parse candle datetime '2026-01-09 14:54:00': time data '2026-01-09 14:54:00' does not match format '%Y-%m-%dT%H:%M:%S.%fZ'
2026-08-12 23:24:51 | WARNING | Could not parse candle datetime '2026-01-09 14:55:00': time data '2026-01-09 14:55:00' does not match format '%Y-%m-%dT%H:%M:%S.%fZ'
2026-08-12 23:24:51 | WARNING | Could not parse candle datetime '2026-01-09 14:56:00': time data '2026-01-09 14:56:00' does not match format '%Y-%m-%dT%H:%M:%S.%fZ'
2026-08-12 23:24:51 | WARNING | Could not parse candle datetime '2026-01-09 14:57:00': time data '2026-01-09 14:57:00' does not match format '%Y-%m-%dT%H:%M:%S.%fZ'
2026-08-12 23:24:51 | WARNING | Could not parse candle datetime '2026-01-09 14:58:00': time data '2026-01-09 14:58:00' does not match format '%Y-%m-%dT%H:%M:%S.%fZ'
2026-08-12 23:24:51 | WARNING | Could not parse candle datetime '2026-01-09 14:59:00': time data '2026-01-09 14:59:00' does not match format '%Y-%m-%dT%H:%M:%S.%fZ'
2026-08-12 23:24:51 | WARNING | Could not parse candle datetime '2026-01-09 15:00:00': time data '2026-01-09 15:00:00' does not match format '%Y-%m-%dT%H:%M:%S.%fZ'
2026-08-12 23:24:51 | WARNING | Could not parse candle datetime '2026-01-09 15:01:00': time data '2026-01-09 15:01:00' does not match format '%Y-%m-%dT%H:%M:%S.%fZ'
2026-08-12 23:24:51 | WARNING | Could not parse candle datetime '2026-01-09 15:02:00': time data '2026-01-09 15:02:00' does not match format '%Y-%m-%dT%H:%M:%S.%fZ'
2026-08-12 23:24:51 | WARNING | Could not parse candle datetime '2026-01-09 15:03:00': time data '2026-01-09 15:03:00' does not match format '%Y-%m-%dT%H:%M:%S.%fZ'
2026-08-12 23:24:51 | WARNING | Could not parse candle datetime '2026-01-09 15:04:00': time data '2026-01-09 15:04:00' does not match format '%Y-%m-%dT%H:%M:%S.%fZ'
2026-08-12 23:24:51 | WARNING | Could not parse candle datetime '2026-01-09 15:05:00': time data '2026-01-09 15:05:00' does not match format '%Y-%m-%dT%H:%M:%S.%fZ'
2026-08-12 23:24:51 | WARNING | Could not parse candle datetime '2026-01-09 15:06:00': time data '2026-01-09 15:06:00' does not match format '%Y-%m-%dT%H:%M:%S.%fZ'
2026-08-12 23:24:51 | WARNING | Could not parse candle datetime '2026-01-09 15:07:00': time data '2026-01-09 15:07:00' does not match format '%Y-%m-%dT%H:%M:%S.%fZ'
2026-08-12 23:24:51 | WARNING | Could not parse candle datetime '2026-01-09 15:08:00': time data '2026-01-09 15:08:00' does not match format '%Y-%m-%dT%H:%M:%S.%fZ'
2026-08-12 23:24:51 | WARNING | Could not parse candle datetime '2026-01-09 15:09:00': time data '2026-01-09 15:09:00' does not match format '%Y-%m-%dT%H:%M:%S.%fZ'
2026-08-12 23:24:51 | WARNING | Could not parse candle datetime '2026-01-09 15:10:00': time data '2026-01-09 15:10:00' does not match format '%Y-%m-%dT%H:%M:%S.%fZ'
2026-08-12 23:24:51 | WARNING | Could not parse candle datetime '2026-01-09 15:11:00': time data '2026-01-09 15:11:00' does not match format '%Y-%m-%dT%H:%M:%S.%fZ'
2026-08-12 23:24:51 | WARNING | Could not parse candle datetime '2026-01-09 15:12:00': time data '2026-01-09 15:12:00' does not match format '%Y-%m-%dT%H:%M:%S.%fZ'
2026-08-12 23:24:51 | WARNING | Could not parse candle datetime '2026-01-09 15:13:00': time data '2026-01-09 15:13:00' does not match format '%Y-%m-%dT%H:%M:%S.%fZ'
2026-08-12 23:24:51 | WARNING | Could not parse candle datetime '2026-01-09 15:14:00': time data '2026-01-09 15:14:00' does not match format '%Y-%m-%dT%H:%M:%S.%fZ'
2026-08-12 23:24:51 | WARNING | Could not parse candle datetime '2026-01-09 15:15:00': time data '2026-01-09 15:15:00' does not match format '%Y-%m-%dT%H:%M:%S.%fZ'
2026-08-12 23:24:51 | WARNING | Could not parse candle datetime '2026-01-09 15:16:00': time data '2026-01-09 15:16:00' does not match format '%Y-%m-%dT%H:%M:%S.%fZ'
2026-08-12 23:24:51 | WARNING | Could not parse candle datetime '2026-01-09 15:17:00': time data '2026-01-09 15:17:00' does not match format '%Y-%m-%dT%H:%M:%S.%fZ'
2026-08-12 23:24:51 | WARNING | Could not parse candle datetime '2026-01-09 15:18:00': time data '2026-01-09 15:18:00' does not match format '%Y-%m-%dT%H:%M:%S.%fZ'
2026-08-12 23:24:51 | WARNING | Could not parse candle datetime '2026-01-09 15:19:00': time data '2026-01-09 15:19:00' does not match format '%Y-%m-%dT%H:%M:%S.%fZ'
2026-08-12 23:24:51 | WARNING | Could not parse candle datetime '2026-01-09 15:20:00': time data '2026-01-09 15:20:00' does not match format '%Y-%m-%dT%H:%M:%S.%fZ'
2026-08-12 23:24:51 | WARNING | Could not parse candle datetime '2026-01-09 15:21:00': time data '2026-01-09 15:21:00' does not match format '%Y-%m-%dT%H:%M:%S.%fZ'
2026-08-12 23:24:51 | WARNING | Could not parse candle datetime '2026-01-09 15:22:00': time data '2026-01-09 15:22:00' does not match format '%Y-%m-%dT%H:%M:%S.%fZ'
2026-08-12 23:24:51 | WARNING | Could not parse candle datetime '2026-01-09 15:23:00': time data '2026-01-09 15:23:00' does not match format '%Y-%m-%dT%H:%M:%S.%fZ'
2026-08-12 23:24:51 | WARNING | Could not parse candle datetime '2026-01-09 15:24:00': time data '2026-01-09 15:24:00' does not match format '%Y-%m-%dT%H:%M:%S.%fZ'
2026-08-12 23:24:51 | WARNING | Could not parse candle datetime '2026-01-09 15:25:00': time data '2026-01-09 15:25:00' does not match format '%Y-%m-%dT%H:%M:%S.%fZ'
2026-08-12 23:24:51 | WARNING | Could not parse candle datetime '2026-01-09 15:26:00': time data '2026-01-09 15:26:00' does not match format '%Y-%m-%dT%H:%M:%S.%fZ'
2026-08-12 23:24:51 | WARNING | Could not parse candle datetime '2026-01-09 15:27:00': time data '2026-01-09 15:27:00' does not match format '%Y-%m-%dT%H:%M:%S.%fZ'
2026-08-12 23:24:51 | WARNING | Could not parse candle datetime '2026-01-09 15:28:00': time data '2026-01-09 15:28:00' does not match format '%Y-%m-%dT%H:%M:%S.%fZ'
2026-08-12 23:24:51 | WARNING | Could not parse candle datetime '2026-01-09 15:29:00': time data '2026-01-09 15:29:00' does not match format '%Y-%m-%dT%H:%M:%S.%fZ'
2026-08-12 23:24:51 | WARNING | Could not parse candle datetime '2026-01-09 15:30:00': time data '2026-01-09 15:30:00' does not match format '%Y-%m-%dT%H:%M:%S.%fZ'
2026-08-12 23:24:51 | WARNING | Could not parse candle datetime '2026-01-09 15:31:00': time data '2026-01-09 15:31:00' does not match format '%Y-%m-%dT%H:%M:%S.%fZ'
2026-08-12 23:24:51 | INFO | Saved 2026-01-09: 0 candles -> data/raw/breeze\RELIND\1m\2026\01\2026-01-09.json
2026-08-12 23:24:51 | INFO | Next trading day: 2026-01-12
2026-08-12 23:24:51 | INFO | Waiting 1.0 seconds...
2026-08-12 23:24:52 | INFO | 
2026-08-12 23:24:52 | INFO | ======================================================================
2026-08-12 23:24:52 | INFO | CHUNK #5
2026-08-12 23:24:52 | INFO | Trading days: 2026-01-12 -> 2026-01-13
2026-08-12 23:24:52 | INFO | Request: 2026-01-12T09:00:00.000Z -> 2026-01-13T15:45:00.000Z
2026-08-12 23:24:52 | INFO | ======================================================================
2026-08-12 23:24:52 | INFO | API request: 2026-01-12T09:00:00.000Z -> 2026-01-13T15:45:00.000Z (attempt 1/3)
2026-08-12 23:24:53 | INFO | API returned 755 candles.
2026-08-12 23:24:53 | WARNING | Could not parse candle datetime '2026-01-12 09:07:00': time data '2026-01-12 09:07:00' does not match format '%Y-%m-%dT%H:%M:%S.%fZ'
2026-08-12 23:24:53 | WARNING | Could not parse candle datetime '2026-01-12 09:15:00': time data '2026-01-12 09:15:00' does not match format '%Y-%m-%dT%H:%M:%S.%fZ'
2026-08-12 23:24:53 | WARNING | Could not parse candle datetime '2026-01-12 09:16:00': time data '2026-01-12 09:16:00' does not match format '%Y-%m-%dT%H:%M:%S.%fZ'
2026-08-12 23:24:53 | WARNING | Could not parse candle datetime '2026-01-12 09:17:00': time data '2026-01-12 09:17:00' does not match format '%Y-%m-%dT%H:%M:%S.%fZ'
2026-08-12 23:24:53 | WARNING | Could not parse candle datetime '2026-01-12 09:18:00': time data '2026-01-12 09:18:00' does not match format '%Y-%m-%dT%H:%M:%S.%fZ'
2026-08-12 23:24:53 | WARNING | Could not parse candle datetime '2026-01-12 09:19:00': time data '2026-01-12 09:19:00' does not match format '%Y-%m-%dT%H:%M:%S.%fZ'
2026-08-12 23:24:53 | WARNING | Could not parse candle datetime '2026-01-12 09:20:00': time data '2026-01-12 09:20:00' does not match format '%Y-%m-%dT%H:%M:%S.%fZ'
2026-08-12 23:24:53 | WARNING | Could not parse candle datetime '2026-01-12 09:21:00': time data '2026-01-12 09:21:00' does not match format '%Y-%m-%dT%H:%M:%S.%fZ'
2026-08-12 23:24:53 | WARNING | Could not parse candle datetime '2026-01-12 09:22:00': time data '2026-01-12 09:22:00' does not match format '%Y-%m-%dT%H:%M:%S.%fZ'
2026-08-12 23:24:53 | WARNING | Could not parse candle datetime '2026-01-12 09:23:00': time data '2026-01-12 09:23:00' does not match format '%Y-%m-%dT%H:%M:%S.%fZ'
2026-08-12 23:24:53 | WARNING | Could not parse candle datetime '2026-01-12 09:24:00': time data '2026-01-12 09:24:00' does not match format '%Y-%m-%dT%H:%M:%S.%fZ'
2026-08-12 23:24:53 | WARNING | Could not parse candle datetime '2026-01-12 09:25:00': time data '2026-01-12 09:25:00' does not match format '%Y-%m-%dT%H:%M:%S.%fZ'
2026-08-12 23:24:53 | WARNING | Could not parse candle datetime '2026-01-12 09:26:00': time data '2026-01-12 09:26:00' does not match format '%Y-%m-%dT%H:%M:%S.%fZ'
2026-08-12 23:24:53 | WARNING | Could not parse candle datetime '2026-01-12 09:27:00': time data '2026-01-12 09:27:00' does not match format '%Y-%m-%dT%H:%M:%S.%fZ'
2026-08-12 23:24:53 | WARNING | Could not parse candle datetime '2026-01-12 09:28:00': time data '2026-01-12 09:28:00' does not match format '%Y-%m-%dT%H:%M:%S.%fZ'
2026-08-12 23:24:53 | WARNING | Could not parse candle datetime '2026-01-12 09:29:00': time data '2026-01-12 09:29:00' does not match format '%Y-%m-%dT%H:%M:%S.%fZ'
2026-08-12 23:24:53 | WARNING | Could not parse candle datetime '2026-01-12 09:30:00': time data '2026-01-12 09:30:00' does not match format '%Y-%m-%dT%H:%M:%S.%fZ'
2026-08-12 23:24:53 | WARNING | Could not parse candle datetime '2026-01-12 09:31:00': time data '2026-01-12 09:31:00' does not match format '%Y-%m-%dT%H:%M:%S.%fZ'
2026-08-12 23:24:53 | WARNING | Could not parse candle datetime '2026-01-12 09:32:00': time data '2026-01-12 09:32:00' does not match format '%Y-%m-%dT%H:%M:%S.%fZ'
2026-08-12 23:24:53 | WARNING | Could not parse candle datetime '2026-01-12 09:33:00': time data '2026-01-12 09:33:00' does not match format '%Y-%m-%dT%H:%M:%S.%fZ'
2026-08-12 23:24:53 | WARNING | Could not parse candle datetime '2026-01-12 09:34:00': time data '2026-01-12 09:34:00' does not match format '%Y-%m-%dT%H:%M:%S.%fZ'
2026-08-12 23:24:53 | WARNING | Could not parse candle datetime '2026-01-12 09:35:00': time data '2026-01-12 09:35:00' does not match format '%Y-%m-%dT%H:%M:%S.%fZ'
2026-08-12 23:24:53 | WARNING | Could not parse candle datetime '2026-01-12 09:36:00': time data '2026-01-12 09:36:00' does not match format '%Y-%m-%dT%H:%M:%S.%fZ'
2026-08-12 23:24:53 | WARNING | Could not parse candle datetime '2026-01-12 09:37:00': time data '2026-01-12 09:37:00' does not match format '%Y-%m-%dT%H:%M:%S.%fZ'
2026-08-12 23:24:53 | WARNING | Could not parse candle datetime '2026-01-12 09:38:00': time data '2026-01-12 09:38:00' does not match format '%Y-%m-%dT%H:%M:%S.%fZ'
2026-08-12 23:24:53 | WARNING | Could not parse candle datetime '2026-01-12 09:39:00': time data '2026-01-12 09:39:00' does not match format '%Y-%m-%dT%H:%M:%S.%fZ'
2026-08-12 23:24:53 | WARNING | Could not parse candle datetime '2026-01-12 09:40:00': time data '2026-01-12 09:40:00' does not match format '%Y-%m-%dT%H:%M:%S.%fZ'
2026-08-12 23:24:53 | WARNING | Could not parse candle datetime '2026-01-12 09:41:00': time data '2026-01-12 09:41:00' does not match format '%Y-%m-%dT%H:%M:%S.%fZ'
2026-08-12 23:24:53 | WARNING | Could not parse candle datetime '2026-01-12 09:42:00': time data '2026-01-12 09:42:00' does not match format '%Y-%m-%dT%H:%M:%S.%fZ'
2026-08-12 23:24:53 | WARNING | Could not parse candle datetime '2026-01-12 09:43:00': time data '2026-01-12 09:43:00' does not match format '%Y-%m-%dT%H:%M:%S.%fZ'
2026-08-12 23:24:53 | WARNING | Could not parse candle datetime '2026-01-12 09:44:00': time data '2026-01-12 09:44:00' does not match format '%Y-%m-%dT%H:%M:%S.%fZ'
2026-08-12 23:24:53 | WARNING | Could not parse candle datetime '2026-01-12 09:45:00': time data '2026-01-12 09:45:00' does not match format '%Y-%m-%dT%H:%M:%S.%fZ'
2026-08-12 23:24:53 | WARNING | Could not parse candle datetime '2026-01-12 09:46:00': time data '2026-01-12 09:46:00' does not match format '%Y-%m-%dT%H:%M:%S.%fZ'
2026-08-12 23:24:53 | WARNING | Could not parse candle datetime '2026-01-12 09:47:00': time data '2026-01-12 09:47:00' does not match format '%Y-%m-%dT%H:%M:%S.%fZ'
2026-08-12 23:24:53 | WARNING | Could not parse candle datetime '2026-01-12 09:48:00': time data '2026-01-12 09:48:00' does not match format '%Y-%m-%dT%H:%M:%S.%fZ'
2026-08-12 23:24:53 | WARNING | Could not parse candle datetime '2026-01-12 09:49:00': time data '2026-01-12 09:49:00' does not match format '%Y-%m-%dT%H:%M:%S.%fZ'
2026-08-12 23:24:53 | WARNING | Could not parse candle datetime '2026-01-12 09:50:00': time data '2026-01-12 09:50:00' does not match format '%Y-%m-%dT%H:%M:%S.%fZ'
2026-08-12 23:24:53 | WARNING | Could not parse candle datetime '2026-01-12 09:51:00': time data '2026-01-12 09:51:00' does not match format '%Y-%m-%dT%H:%M:%S.%fZ'
2026-08-12 23:24:53 | WARNING | Could not parse candle datetime '2026-01-12 09:52:00': time data '2026-01-12 09:52:00' does not match format '%Y-%m-%dT%H:%M:%S.%fZ'
2026-08-12 23:24:53 | WARNING | Could not parse candle datetime '2026-01-12 09:53:00': time data '2026-01-12 09:53:00' does not match format '%Y-%m-%dT%H:%M:%S.%fZ'
2026-08-12 23:24:53 | WARNING | Could not parse candle datetime '2026-01-12 09:54:00': time data '2026-01-12 09:54:00' does not match format '%Y-%m-%dT%H:%M:%S.%fZ'
2026-08-12 23:24:53 | WARNING | Could not parse candle datetime '2026-01-12 09:55:00': time data '2026-01-12 09:55:00' does not match format '%Y-%m-%dT%H:%M:%S.%fZ'
2026-08-12 23:24:53 | WARNING | Could not parse candle datetime '2026-01-12 09:56:00': time data '2026-01-12 09:56:00' does not match format '%Y-%m-%dT%H:%M:%S.%fZ'
2026-08-12 23:24:53 | WARNING | Could not parse candle datetime '2026-01-12 09:57:00': time data '2026-01-12 09:57:00' does not match format '%Y-%m-%dT%H:%M:%S.%fZ'
2026-08-12 23:24:53 | WARNING | Could not parse candle datetime '2026-01-12 09:58:00': time data '2026-01-12 09:58:00' does not match format '%Y-%m-%dT%H:%M:%S.%fZ'
2026-08-12 23:24:53 | WARNING | Could not parse candle datetime '2026-01-12 09:59:00': time data '2026-01-12 09:59:00' does not match format '%Y-%m-%dT%H:%M:%S.%fZ'
2026-08-12 23:24:53 | WARNING | Could not parse candle datetime '2026-01-12 10:00:00': time data '2026-01-12 10:00:00' does not match format '%Y-%m-%dT%H:%M:%S.%fZ'
2026-08-12 23:24:53 | WARNING | Could not parse candle datetime '2026-01-12 10:01:00': time data '2026-01-12 10:01:00' does not match format '%Y-%m-%dT%H:%M:%S.%fZ'
2026-08-12 23:24:53 | WARNING | Could not parse candle datetime '2026-01-12 10:02:00': time data '2026-01-12 10:02:00' does not match format '%Y-%m-%dT%H:%M:%S.%fZ'
2026-08-12 23:24:53 | WARNING | Could not parse candle datetime '2026-01-12 10:03:00': time data '2026-01-12 10:03:00' does not match format '%Y-%m-%dT%H:%M:%S.%fZ'
2026-08-12 23:24:53 | WARNING | Could not parse candle datetime '2026-01-12 10:04:00': time data '2026-01-12 10:04:00' does not match format '%Y-%m-%dT%H:%M:%S.%fZ'
2026-08-12 23:24:53 | WARNING | Could not parse candle datetime '2026-01-12 10:05:00': time data '2026-01-12 10:05:00' does not match format '%Y-%m-%dT%H:%M:%S.%fZ'
2026-08-12 23:24:53 | WARNING | Could not parse candle datetime '2026-01-12 10:06:00': time data '2026-01-12 10:06:00' does not match format '%Y-%m-%dT%H:%M:%S.%fZ'
2026-08-12 23:24:53 | WARNING | Could not parse candle datetime '2026-01-12 10:07:00': time data '2026-01-12 10:07:00' does not match format '%Y-%m-%dT%H:%M:%S.%fZ'
2026-08-12 23:24:53 | WARNING | Could not parse candle datetime '2026-01-12 10:08:00': time data '2026-01-12 10:08:00' does not match format '%Y-%m-%dT%H:%M:%S.%fZ'
2026-08-12 23:24:53 | WARNING | Could not parse candle datetime '2026-01-12 10:09:00': time data '2026-01-12 10:09:00' does not match format '%Y-%m-%dT%H:%M:%S.%fZ'
2026-08-12 23:24:53 | WARNING | Could not parse candle datetime '2026-01-12 10:10:00': time data '2026-01-12 10:10:00' does not match format '%Y-%m-%dT%H:%M:%S.%fZ'
2026-08-12 23:24:53 | WARNING | Could not parse candle datetime '2026-01-12 10:11:00': time data '2026-01-12 10:11:00' does not match format '%Y-%m-%dT%H:%M:%S.%fZ'
2026-08-12 23:24:53 | WARNING | Could not parse candle datetime '2026-01-12 10:12:00': time data '2026-01-12 10:12:00' does not match format '%Y-%m-%dT%H:%M:%S.%fZ'
2026-08-12 23:24:53 | WARNING | Could not parse candle datetime '2026-01-12 10:13:00': time data '2026-01-12 10:13:00' does not match format '%Y-%m-%dT%H:%M:%S.%fZ'
2026-08-12 23:24:53 | WARNING | Could not parse candle datetime '2026-01-12 10:14:00': time data '2026-01-12 10:14:00' does not match format '%Y-%m-%dT%H:%M:%S.%fZ'
2026-08-12 23:24:53 | WARNING | Could not parse candle datetime '2026-01-12 10:15:00': time data '2026-01-12 10:15:00' does not match format '%Y-%m-%dT%H:%M:%S.%fZ'
2026-08-12 23:24:53 | WARNING | Could not parse candle datetime '2026-01-12 10:16:00': time data '2026-01-12 10:16:00' does not match format '%Y-%m-%dT%H:%M:%S.%fZ'
2026-08-12 23:24:53 | WARNING | Could not parse candle datetime '2026-01-12 10:17:00': time data '2026-01-12 10:17:00' does not match format '%Y-%m-%dT%H:%M:%S.%fZ'
2026-08-12 23:24:53 | WARNING | Could not parse candle datetime '2026-01-12 10:18:00': time data '2026-01-12 10:18:00' does not match format '%Y-%m-%dT%H:%M:%S.%fZ'
2026-08-12 23:24:53 | WARNING | Could not parse candle datetime '2026-01-12 10:19:00': time data '2026-01-12 10:19:00' does not match format '%Y-%m-%dT%H:%M:%S.%fZ'
2026-08-12 23:24:53 | WARNING | Could not parse candle datetime '2026-01-12 10:20:00': time data '2026-01-12 10:20:00' does not match format '%Y-%m-%dT%H:%M:%S.%fZ'
2026-08-12 23:24:53 | WARNING | Could not parse candle datetime '2026-01-12 10:21:00': time data '2026-01-12 10:21:00' does not match format '%Y-%m-%dT%H:%M:%S.%fZ'
2026-08-12 23:24:53 | WARNING | Could not parse candle datetime '2026-01-12 10:22:00': time data '2026-01-12 10:22:00' does not match format '%Y-%m-%dT%H:%M:%S.%fZ'
2026-08-12 23:24:53 | WARNING | Could not parse candle datetime '2026-01-12 10:23:00': time data '2026-01-12 10:23:00' does not match format '%Y-%m-%dT%H:%M:%S.%fZ'
2026-08-12 23:24:53 | WARNING | Could not parse candle datetime '2026-01-12 10:24:00': time data '2026-01-12 10:24:00' does not match format '%Y-%m-%dT%H:%M:%S.%fZ'
2026-08-12 23:24:53 | WARNING | Could not parse candle datetime '2026-01-12 10:25:00': time data '2026-01-12 10:25:00' does not match format '%Y-%m-%dT%H:%M:%S.%fZ'
2026-08-12 23:24:53 | WARNING | Could not parse candle datetime '2026-01-12 10:26:00': time data '2026-01-12 10:26:00' does not match format '%Y-%m-%dT%H:%M:%S.%fZ'
2026-08-12 23:24:53 | WARNING | Could not parse candle datetime '2026-01-12 10:27:00': time data '2026-01-12 10:27:00' does not match format '%Y-%m-%dT%H:%M:%S.%fZ'
2026-08-12 23:24:53 | WARNING | Could not parse candle datetime '2026-01-12 10:28:00': time data '2026-01-12 10:28:00' does not match format '%Y-%m-%dT%H:%M:%S.%fZ'
2026-08-12 23:24:53 | WARNING | Could not parse candle datetime '2026-01-12 10:29:00': time data '2026-01-12 10:29:00' does not match format '%Y-%m-%dT%H:%M:%S.%fZ'
2026-08-12 23:24:53 | WARNING | Could not parse candle datetime '2026-01-12 10:30:00': time data '2026-01-12 10:30:00' does not match format '%Y-%m-%dT%H:%M:%S.%fZ'
2026-08-12 23:24:53 | WARNING | Could not parse candle datetime '2026-01-12 10:31:00': time data '2026-01-12 10:31:00' does not match format '%Y-%m-%dT%H:%M:%S.%fZ'
2026-08-12 23:24:53 | WARNING | Could not parse candle datetime '2026-01-12 10:32:00': time data '2026-01-12 10:32:00' does not match format '%Y-%m-%dT%H:%M:%S.%fZ'
2026-08-12 23:24:53 | WARNING | Could not parse candle datetime '2026-01-12 10:33:00': time data '2026-01-12 10:33:00' does not match format '%Y-%m-%dT%H:%M:%S.%fZ'
2026-08-12 23:24:53 | WARNING | Could not parse candle datetime '2026-01-12 10:34:00': time data '2026-01-12 10:34:00' does not match format '%Y-%m-%dT%H:%M:%S.%fZ'
2026-08-12 23:24:53 | WARNING | Could not parse candle datetime '2026-01-12 10:35:00': time data '2026-01-12 10:35:00' does not match format '%Y-%m-%dT%H:%M:%S.%fZ'
2026-08-12 23:24:53 | WARNING | Could not parse candle datetime '2026-01-12 10:36:00': time data '2026-01-12 10:36:00' does not match format '%Y-%m-%dT%H:%M:%S.%fZ'
2026-08-12 23:24:53 | WARNING | Could not parse candle datetime '2026-01-12 10:37:00': time data '2026-01-12 10:37:00' does not match format '%Y-%m-%dT%H:%M:%S.%fZ'
2026-08-12 23:24:53 | WARNING | Could not parse candle datetime '2026-01-12 10:38:00': time data '2026-01-12 10:38:00' does not match format '%Y-%m-%dT%H:%M:%S.%fZ'
2026-08-12 23:24:53 | WARNING | Could not parse candle datetime '2026-01-12 10:39:00': time data '2026-01-12 10:39:00' does not match format '%Y-%m-%dT%H:%M:%S.%fZ'
2026-08-12 23:24:53 | WARNING | Could not parse candle datetime '2026-01-12 10:40:00': time data '2026-01-12 10:40:00' does not match format '%Y-%m-%dT%H:%M:%S.%fZ'
2026-08-12 23:24:53 | WARNING | Could not parse candle datetime '2026-01-12 10:41:00': time data '2026-01-12 10:41:00' does not match format '%Y-%m-%dT%H:%M:%S.%fZ'
2026-08-12 23:24:53 | WARNING | Could not parse candle datetime '2026-01-12 10:42:00': time data '2026-01-12 10:42:00' does not match format '%Y-%m-%dT%H:%M:%S.%fZ'
2026-08-12 23:24:53 | WARNING | Could not parse candle datetime '2026-01-12 10:43:00': time data '2026-01-12 10:43:00' does not match format '%Y-%m-%dT%H:%M:%S.%fZ'
2026-08-12 23:24:53 | WARNING | Could not parse candle datetime '2026-01-12 10:44:00': time data '2026-01-12 10:44:00' does not match format '%Y-%m-%dT%H:%M:%S.%fZ'
2026-08-12 23:24:53 | WARNING | Could not parse candle datetime '2026-01-12 10:45:00': time data '2026-01-12 10:45:00' does not match format '%Y-%m-%dT%H:%M:%S.%fZ'
2026-08-12 23:24:53 | WARNING | Could not parse candle datetime '2026-01-12 10:46:00': time data '2026-01-12 10:46:00' does not match format '%Y-%m-%dT%H:%M:%S.%fZ'
2026-08-12 23:24:53 | WARNING | Could not parse candle datetime '2026-01-12 10:47:00': time data '2026-01-12 10:47:00' does not match format '%Y-%m-%dT%H:%M:%S.%fZ'
2026-08-12 23:24:53 | WARNING | Could not parse candle datetime '2026-01-12 10:48:00': time data '2026-01-12 10:48:00' does not match format '%Y-%m-%dT%H:%M:%S.%fZ'
2026-08-12 23:24:53 | WARNING | Could not parse candle datetime '2026-01-12 10:49:00': time data '2026-01-12 10:49:00' does not match format '%Y-%m-%dT%H:%M:%S.%fZ'
2026-08-12 23:24:53 | WARNING | Could not parse candle datetime '2026-01-12 10:50:00': time data '2026-01-12 10:50:00' does not match format '%Y-%m-%dT%H:%M:%S.%fZ'
2026-08-12 23:24:53 | WARNING | Could not parse candle datetime '2026-01-12 10:51:00': time data '2026-01-12 10:51:00' does not match format '%Y-%m-%dT%H:%M:%S.%fZ'
2026-08-12 23:24:53 | WARNING | Could not parse candle datetime '2026-01-12 10:52:00': time data '2026-01-12 10:52:00' does not match format '%Y-%m-%dT%H:%M:%S.%fZ'
2026-08-12 23:24:53 | WARNING | Could not parse candle datetime '2026-01-12 10:53:00': time data '2026-01-12 10:53:00' does not match format '%Y-%m-%dT%H:%M:%S.%fZ'
2026-08-12 23:24:53 | WARNING | Could not parse candle datetime '2026-01-12 10:54:00': time data '2026-01-12 10:54:00' does not match format '%Y-%m-%dT%H:%M:%S.%fZ'
2026-08-12 23:24:53 | WARNING | Could not parse candle datetime '2026-01-12 10:55:00': time data '2026-01-12 10:55:00' does not match format '%Y-%m-%dT%H:%M:%S.%fZ'
2026-08-12 23:24:53 | WARNING | Could not parse candle datetime '2026-01-12 10:56:00': time data '2026-01-12 10:56:00' does not match format '%Y-%m-%dT%H:%M:%S.%fZ'
2026-08-12 23:24:53 | WARNING | Could not parse candle datetime '2026-01-12 10:57:00': time data '2026-01-12 10:57:00' does not match format '%Y-%m-%dT%H:%M:%S.%fZ'
2026-08-12 23:24:53 | WARNING | Could not parse candle datetime '2026-01-12 10:58:00': time data '2026-01-12 10:58:00' does not match format '%Y-%m-%dT%H:%M:%S.%fZ'
2026-08-12 23:24:53 | WARNING | Could not parse candle datetime '2026-01-12 10:59:00': time data '2026-01-12 10:59:00' does not match format '%Y-%m-%dT%H:%M:%S.%fZ'
2026-08-12 23:24:53 | WARNING | Could not parse candle datetime '2026-01-12 11:00:00': time data '2026-01-12 11:00:00' does not match format '%Y-%m-%dT%H:%M:%S.%fZ'
2026-08-12 23:24:53 | WARNING | Could not parse candle datetime '2026-01-12 11:01:00': time data '2026-01-12 11:01:00' does not match format '%Y-%m-%dT%H:%M:%S.%fZ'
2026-08-12 23:24:53 | WARNING | Could not parse candle datetime '2026-01-12 11:02:00': time data '2026-01-12 11:02:00' does not match format '%Y-%m-%dT%H:%M:%S.%fZ'
2026-08-12 23:24:53 | WARNING | Could not parse candle datetime '2026-01-12 11:03:00': time data '2026-01-12 11:03:00' does not match format '%Y-%m-%dT%H:%M:%S.%fZ'
2026-08-12 23:24:53 | WARNING | Could not parse candle datetime '2026-01-12 11:04:00': time data '2026-01-12 11:04:00' does not match format '%Y-%m-%dT%H:%M:%S.%fZ'
2026-08-12 23:24:53 | WARNING | Could not parse candle datetime '2026-01-12 11:05:00': time data '2026-01-12 11:05:00' does not match format '%Y-%m-%dT%H:%M:%S.%fZ'
2026-08-12 23:24:53 | WARNING | Could not parse candle datetime '2026-01-12 11:06:00': time data '2026-01-12 11:06:00' does not match format '%Y-%m-%dT%H:%M:%S.%fZ'
2026-08-12 23:24:53 | WARNING | Could not parse candle datetime '2026-01-12 11:07:00': time data '2026-01-12 11:07:00' does not match format '%Y-%m-%dT%H:%M:%S.%fZ'
2026-08-12 23:24:53 | WARNING | Could not parse candle datetime '2026-01-12 11:08:00': time data '2026-01-12 11:08:00' does not match format '%Y-%m-%dT%H:%M:%S.%fZ'
2026-08-12 23:24:53 | WARNING | Could not parse candle datetime '2026-01-12 11:09:00': time data '2026-01-12 11:09:00' does not match format '%Y-%m-%dT%H:%M:%S.%fZ'
2026-08-12 23:24:53 | WARNING | Could not parse candle datetime '2026-01-12 11:10:00': time data '2026-01-12 11:10:00' does not match format '%Y-%m-%dT%H:%M:%S.%fZ'
2026-08-12 23:24:53 | WARNING | Could not parse candle datetime '2026-01-12 11:11:00': time data '2026-01-12 11:11:00' does not match format '%Y-%m-%dT%H:%M:%S.%fZ'
2026-08-12 23:24:53 | WARNING | Could not parse candle datetime '2026-01-12 11:12:00': time data '2026-01-12 11:12:00' does not match format '%Y-%m-%dT%H:%M:%S.%fZ'
2026-08-12 23:24:53 | WARNING | Could not parse candle datetime '2026-01-12 11:13:00': time data '2026-01-12 11:13:00' does not match format '%Y-%m-%dT%H:%M:%S.%fZ'
2026-08-12 23:24:53 | WARNING | Could not parse candle datetime '2026-01-12 11:14:00': time data '2026-01-12 11:14:00' does not match format '%Y-%m-%dT%H:%M:%S.%fZ'
2026-08-12 23:24:53 | WARNING | Could not parse candle datetime '2026-01-12 11:15:00': time data '2026-01-12 11:15:00' does not match format '%Y-%m-%dT%H:%M:%S.%fZ'
2026-08-12 23:24:53 | WARNING | Could not parse candle datetime '2026-01-12 11:16:00': time data '2026-01-12 11:16:00' does not match format '%Y-%m-%dT%H:%M:%S.%fZ'
2026-08-12 23:24:53 | WARNING | Could not parse candle datetime '2026-01-12 11:17:00': time data '2026-01-12 11:17:00' does not match format '%Y-%m-%dT%H:%M:%S.%fZ'
2026-08-12 23:24:53 | WARNING | Could not parse candle datetime '2026-01-12 11:18:00': time data '2026-01-12 11:18:00' does not match format '%Y-%m-%dT%H:%M:%S.%fZ'
2026-08-12 23:24:53 | WARNING | Could not parse candle datetime '2026-01-12 11:19:00': time data '2026-01-12 11:19:00' does not match format '%Y-%m-%dT%H:%M:%S.%fZ'
2026-08-12 23:24:53 | WARNING | Could not parse candle datetime '2026-01-12 11:20:00': time data '2026-01-12 11:20:00' does not match format '%Y-%m-%dT%H:%M:%S.%fZ'
2026-08-12 23:24:53 | WARNING | Could not parse candle datetime '2026-01-12 11:21:00': time data '2026-01-12 11:21:00' does not match format '%Y-%m-%dT%H:%M:%S.%fZ'
2026-08-12 23:24:53 | WARNING | Could not parse candle datetime '2026-01-12 11:22:00': time data '2026-01-12 11:22:00' does not match format '%Y-%m-%dT%H:%M:%S.%fZ'
2026-08-12 23:24:53 | WARNING | Could not parse candle datetime '2026-01-12 11:23:00': time data '2026-01-12 11:23:00' does not match format '%Y-%m-%dT%H:%M:%S.%fZ'
2026-08-12 23:24:53 | WARNING | Could not parse candle datetime '2026-01-12 11:24:00': time data '2026-01-12 11:24:00' does not match format '%Y-%m-%dT%H:%M:%S.%fZ'
2026-08-12 23:24:53 | WARNING | Could not parse candle datetime '2026-01-12 11:25:00': time data '2026-01-12 11:25:00' does not match format '%Y-%m-%dT%H:%M:%S.%fZ'
2026-08-12 23:24:53 | WARNING | Could not parse candle datetime '2026-01-12 11:26:00': time data '2026-01-12 11:26:00' does not match format '%Y-%m-%dT%H:%M:%S.%fZ'
2026-08-12 23:24:53 | WARNING | Could not parse candle datetime '2026-01-12 11:27:00': time data '2026-01-12 11:27:00' does not match format '%Y-%m-%dT%H:%M:%S.%fZ'
2026-08-12 23:24:53 | WARNING | Could not parse candle datetime '2026-01-12 11:28:00': time data '2026-01-12 11:28:00' does not match format '%Y-%m-%dT%H:%M:%S.%fZ'
2026-08-12 23:24:53 | WARNING | Could not parse candle datetime '2026-01-12 11:29:00': time data '2026-01-12 11:29:00' does not match format '%Y-%m-%dT%H:%M:%S.%fZ'
2026-08-12 23:24:53 | WARNING | Could not parse candle datetime '2026-01-12 11:30:00': time data '2026-01-12 11:30:00' does not match format '%Y-%m-%dT%H:%M:%S.%fZ'
2026-08-12 23:24:53 | WARNING | Could not parse candle datetime '2026-01-12 11:31:00': time data '2026-01-12 11:31:00' does not match format '%Y-%m-%dT%H:%M:%S.%fZ'
2026-08-12 23:24:53 | WARNING | Could not parse candle datetime '2026-01-12 11:32:00': time data '2026-01-12 11:32:00' does not match format '%Y-%m-%dT%H:%M:%S.%fZ'
2026-08-12 23:24:53 | WARNING | Could not parse candle datetime '2026-01-12 11:33:00': time data '2026-01-12 11:33:00' does not match format '%Y-%m-%dT%H:%M:%S.%fZ'
2026-08-12 23:24:53 | WARNING | Could not parse candle datetime '2026-01-12 11:34:00': time data '2026-01-12 11:34:00' does not match format '%Y-%m-%dT%H:%M:%S.%fZ'
2026-08-12 23:24:53 | WARNING | Could not parse candle datetime '2026-01-12 11:35:00': time data '2026-01-12 11:35:00' does not match format '%Y-%m-%dT%H:%M:%S.%fZ'
2026-08-12 23:24:53 | WARNING | Could not parse candle datetime '2026-01-12 11:36:00': time data '2026-01-12 11:36:00' does not match format '%Y-%m-%dT%H:%M:%S.%fZ'
2026-08-12 23:24:53 | WARNING | Could not parse candle datetime '2026-01-12 11:37:00': time data '2026-01-12 11:37:00' does not match format '%Y-%m-%dT%H:%M:%S.%fZ'
2026-08-12 23:24:53 | WARNING | Could not parse candle datetime '2026-01-12 11:38:00': time data '2026-01-12 11:38:00' does not match format '%Y-%m-%dT%H:%M:%S.%fZ'
2026-08-12 23:24:53 | WARNING | Could not parse candle datetime '2026-01-12 11:39:00': time data '2026-01-12 11:39:00' does not match format '%Y-%m-%dT%H:%M:%S.%fZ'
2026-08-12 23:24:53 | WARNING | Could not parse candle datetime '2026-01-12 11:40:00': time data '2026-01-12 11:40:00' does not match format '%Y-%m-%dT%H:%M:%S.%fZ'
2026-08-12 23:24:53 | WARNING | Could not parse candle datetime '2026-01-12 11:41:00': time data '2026-01-12 11:41:00' does not match format '%Y-%m-%dT%H:%M:%S.%fZ'
2026-08-12 23:24:53 | WARNING | Could not parse candle datetime '2026-01-12 11:42:00': time data '2026-01-12 11:42:00' does not match format '%Y-%m-%dT%H:%M:%S.%fZ'
2026-08-12 23:24:53 | WARNING | Could not parse candle datetime '2026-01-12 11:43:00': time data '2026-01-12 11:43:00' does not match format '%Y-%m-%dT%H:%M:%S.%fZ'
2026-08-12 23:24:53 | WARNING | Could not parse candle datetime '2026-01-12 11:44:00': time data '2026-01-12 11:44:00' does not match format '%Y-%m-%dT%H:%M:%S.%fZ'
2026-08-12 23:24:53 | WARNING | Could not parse candle datetime '2026-01-12 11:45:00': time data '2026-01-12 11:45:00' does not match format '%Y-%m-%dT%H:%M:%S.%fZ'
2026-08-12 23:24:53 | WARNING | Could not parse candle datetime '2026-01-12 11:46:00': time data '2026-01-12 11:46:00' does not match format '%Y-%m-%dT%H:%M:%S.%fZ'
2026-08-12 23:24:53 | WARNING | Could not parse candle datetime '2026-01-12 11:47:00': time data '2026-01-12 11:47:00' does not match format '%Y-%m-%dT%H:%M:%S.%fZ'
2026-08-12 23:24:53 | WARNING | Could not parse candle datetime '2026-01-12 11:48:00': time data '2026-01-12 11:48:00' does not match format '%Y-%m-%dT%H:%M:%S.%fZ'
2026-08-12 23:24:53 | WARNING | Could not parse candle datetime '2026-01-12 11:49:00': time data '2026-01-12 11:49:00' does not match format '%Y-%m-%dT%H:%M:%S.%fZ'
2026-08-12 23:24:53 | WARNING | Could not parse candle datetime '2026-01-12 11:50:00': time data '2026-01-12 11:50:00' does not match format '%Y-%m-%dT%H:%M:%S.%fZ'
2026-08-12 23:24:53 | WARNING | Could not parse candle datetime '2026-01-12 11:51:00': time data '2026-01-12 11:51:00' does not match format '%Y-%m-%dT%H:%M:%S.%fZ'
2026-08-12 23:24:53 | WARNING | Could not parse candle datetime '2026-01-12 11:52:00': time data '2026-01-12 11:52:00' does not match format '%Y-%m-%dT%H:%M:%S.%fZ'
2026-08-12 23:24:53 | WARNING | Could not parse candle datetime '2026-01-12 11:53:00': time data '2026-01-12 11:53:00' does not match format '%Y-%m-%dT%H:%M:%S.%fZ'
2026-08-12 23:24:53 | WARNING | Could not parse candle datetime '2026-01-12 11:54:00': time data '2026-01-12 11:54:00' does not match format '%Y-%m-%dT%H:%M:%S.%fZ'
2026-08-12 23:24:53 | WARNING | Could not parse candle datetime '2026-01-12 11:55:00': time data '2026-01-12 11:55:00' does not match format '%Y-%m-%dT%H:%M:%S.%fZ'
2026-08-12 23:24:53 | WARNING | Could not parse candle datetime '2026-01-12 11:56:00': time data '2026-01-12 11:56:00' does not match format '%Y-%m-%dT%H:%M:%S.%fZ'
2026-08-12 23:24:53 | WARNING | Could not parse candle datetime '2026-01-12 11:57:00': time data '2026-01-12 11:57:00' does not match format '%Y-%m-%dT%H:%M:%S.%fZ'
2026-08-12 23:24:53 | WARNING | Could not parse candle datetime '2026-01-12 11:58:00': time data '2026-01-12 11:58:00' does not match format '%Y-%m-%dT%H:%M:%S.%fZ'
2026-08-12 23:24:53 | WARNING | Could not parse candle datetime '2026-01-12 11:59:00': time data '2026-01-12 11:59:00' does not match format '%Y-%m-%dT%H:%M:%S.%fZ'
2026-08-12 23:24:53 | WARNING | Could not parse candle datetime '2026-01-12 12:00:00': time data '2026-01-12 12:00:00' does not match format '%Y-%m-%dT%H:%M:%S.%fZ'
2026-08-12 23:24:53 | WARNING | Could not parse candle datetime '2026-01-12 12:01:00': time data '2026-01-12 12:01:00' does not match format '%Y-%m-%dT%H:%M:%S.%fZ'
2026-08-12 23:24:53 | WARNING | Could not parse candle datetime '2026-01-12 12:02:00': time data '2026-01-12 12:02:00' does not match format '%Y-%m-%dT%H:%M:%S.%fZ'
2026-08-12 23:24:53 | WARNING | Could not parse candle datetime '2026-01-12 12:03:00': time data '2026-01-12 12:03:00' does not match format '%Y-%m-%dT%H:%M:%S.%fZ'
2026-08-12 23:24:53 | WARNING | Could not parse candle datetime '2026-01-12 12:04:00': time data '2026-01-12 12:04:00' does not match format '%Y-%m-%dT%H:%M:%S.%fZ'
2026-08-12 23:24:53 | WARNING | Could not parse candle datetime '2026-01-12 12:05:00': time data '2026-01-12 12:05:00' does not match format '%Y-%m-%dT%H:%M:%S.%fZ'
2026-08-12 23:24:53 | WARNING | Could not parse candle datetime '2026-01-12 12:06:00': time data '2026-01-12 12:06:00' does not match format '%Y-%m-%dT%H:%M:%S.%fZ'
2026-08-12 23:24:53 | WARNING | Could not parse candle datetime '2026-01-12 12:07:00': time data '2026-01-12 12:07:00' does not match format '%Y-%m-%dT%H:%M:%S.%fZ'
2026-08-12 23:24:53 | WARNING | Could not parse candle datetime '2026-01-12 12:08:00': time data '2026-01-12 12:08:00' does not match format '%Y-%m-%dT%H:%M:%S.%fZ'
2026-08-12 23:24:53 | WARNING | Could not parse candle datetime '2026-01-12 12:09:00': time data '2026-01-12 12:09:00' does not match format '%Y-%m-%dT%H:%M:%S.%fZ'
2026-08-12 23:24:53 | WARNING | Could not parse candle datetime '2026-01-12 12:10:00': time data '2026-01-12 12:10:00' does not match format '%Y-%m-%dT%H:%M:%S.%fZ'
2026-08-12 23:24:53 | WARNING | Could not parse candle datetime '2026-01-12 12:11:00': time data '2026-01-12 12:11:00' does not match format '%Y-%m-%dT%H:%M:%S.%fZ'
2026-08-12 23:24:53 | WARNING | Could not parse candle datetime '2026-01-12 12:12:00': time data '2026-01-12 12:12:00' does not match format '%Y-%m-%dT%H:%M:%S.%fZ'
2026-08-12 23:24:53 | WARNING | Could not parse candle datetime '2026-01-12 12:13:00': time data '2026-01-12 12:13:00' does not match format '%Y-%m-%dT%H:%M:%S.%fZ'
2026-08-12 23:24:53 | WARNING | Could not parse candle datetime '2026-01-12 12:14:00': time data '2026-01-12 12:14:00' does not match format '%Y-%m-%dT%H:%M:%S.%fZ'
2026-08-12 23:24:53 | WARNING | Could not parse candle datetime '2026-01-12 12:15:00': time data '2026-01-12 12:15:00' does not match format '%Y-%m-%dT%H:%M:%S.%fZ'
2026-08-12 23:24:53 | WARNING | Could not parse candle datetime '2026-01-12 12:16:00': time data '2026-01-12 12:16:00' does not match format '%Y-%m-%dT%H:%M:%S.%fZ'
2026-08-12 23:24:53 | WARNING | Could not parse candle datetime '2026-01-12 12:17:00': time data '2026-01-12 12:17:00' does not match format '%Y-%m-%dT%H:%M:%S.%fZ'
2026-08-12 23:24:53 | WARNING | Could not parse candle datetime '2026-01-12 12:18:00': time data '2026-01-12 12:18:00' does not match format '%Y-%m-%dT%H:%M:%S.%fZ'
2026-08-12 23:24:53 | WARNING | Could not parse candle datetime '2026-01-12 12:19:00': time data '2026-01-12 12:19:00' does not match format '%Y-%m-%dT%H:%M:%S.%fZ'
2026-08-12 23:24:53 | WARNING | Could not parse candle datetime '2026-01-12 12:20:00': time data '2026-01-12 12:20:00' does not match format '%Y-%m-%dT%H:%M:%S.%fZ'
2026-08-12 23:24:53 | WARNING | Could not parse candle datetime '2026-01-12 12:21:00': time data '2026-01-12 12:21:00' does not match format '%Y-%m-%dT%H:%M:%S.%fZ'
2026-08-12 23:24:53 | WARNING | Could not parse candle datetime '2026-01-12 12:22:00': time data '2026-01-12 12:22:00' does not match format '%Y-%m-%dT%H:%M:%S.%fZ'
2026-08-12 23:24:53 | WARNING | Could not parse candle datetime '2026-01-12 12:23:00': time data '2026-01-12 12:23:00' does not match format '%Y-%m-%dT%H:%M:%S.%fZ'
2026-08-12 23:24:53 | WARNING | Could not parse candle datetime '2026-01-12 12:24:00': time data '2026-01-12 12:24:00' does not match format '%Y-%m-%dT%H:%M:%S.%fZ'
2026-08-12 23:24:53 | WARNING | Could not parse candle datetime '2026-01-12 12:25:00': time data '2026-01-12 12:25:00' does not match format '%Y-%m-%dT%H:%M:%S.%fZ'
2026-08-12 23:24:53 | WARNING | Could not parse candle datetime '2026-01-12 12:26:00': time data '2026-01-12 12:26:00' does not match format '%Y-%m-%dT%H:%M:%S.%fZ'
2026-08-12 23:24:53 | WARNING | Could not parse candle datetime '2026-01-12 12:27:00': time data '2026-01-12 12:27:00' does not match format '%Y-%m-%dT%H:%M:%S.%fZ'
2026-08-12 23:24:53 | WARNING | Could not parse candle datetime '2026-01-12 12:28:00': time data '2026-01-12 12:28:00' does not match format '%Y-%m-%dT%H:%M:%S.%fZ'
2026-08-12 23:24:53 | WARNING | Could not parse candle datetime '2026-01-12 12:29:00': time data '2026-01-12 12:29:00' does not match format '%Y-%m-%dT%H:%M:%S.%fZ'
2026-08-12 23:24:53 | WARNING | Could not parse candle datetime '2026-01-12 12:30:00': time data '2026-01-12 12:30:00' does not match format '%Y-%m-%dT%H:%M:%S.%fZ'
2026-08-12 23:24:53 | WARNING | Could not parse candle datetime '2026-01-12 12:31:00': time data '2026-01-12 12:31:00' does not match format '%Y-%m-%dT%H:%M:%S.%fZ'
2026-08-12 23:24:53 | WARNING | Could not parse candle datetime '2026-01-12 12:32:00': time data '2026-01-12 12:32:00' does not match format '%Y-%m-%dT%H:%M:%S.%fZ'
2026-08-12 23:24:53 | WARNING | Could not parse candle datetime '2026-01-12 12:33:00': time data '2026-01-12 12:33:00' does not match format '%Y-%m-%dT%H:%M:%S.%fZ'
2026-08-12 23:24:53 | WARNING | Could not parse candle datetime '2026-01-12 12:34:00': time data '2026-01-12 12:34:00' does not match format '%Y-%m-%dT%H:%M:%S.%fZ'
2026-08-12 23:24:53 | WARNING | Could not parse candle datetime '2026-01-12 12:35:00': time data '2026-01-12 12:35:00' does not match format '%Y-%m-%dT%H:%M:%S.%fZ'
2026-08-12 23:24:53 | WARNING | Could not parse candle datetime '2026-01-12 12:36:00': time data '2026-01-12 12:36:00' does not match format '%Y-%m-%dT%H:%M:%S.%fZ'
2026-08-12 23:24:53 | WARNING | Could not parse candle datetime '2026-01-12 12:37:00': time data '2026-01-12 12:37:00' does not match format '%Y-%m-%dT%H:%M:%S.%fZ'
2026-08-12 23:24:53 | WARNING | Could not parse candle datetime '2026-01-12 12:38:00': time data '2026-01-12 12:38:00' does not match format '%Y-%m-%dT%H:%M:%S.%fZ'
2026-08-12 23:24:53 | WARNING | Could not parse candle datetime '2026-01-12 12:39:00': time data '2026-01-12 12:39:00' does not match format '%Y-%m-%dT%H:%M:%S.%fZ'
2026-08-12 23:24:53 | WARNING | Could not parse candle datetime '2026-01-12 12:40:00': time data '2026-01-12 12:40:00' does not match format '%Y-%m-%dT%H:%M:%S.%fZ'
2026-08-12 23:24:53 | WARNING | Could not parse candle datetime '2026-01-12 12:41:00': time data '2026-01-12 12:41:00' does not match format '%Y-%m-%dT%H:%M:%S.%fZ'
2026-08-12 23:24:53 | WARNING | Could not parse candle datetime '2026-01-12 12:42:00': time data '2026-01-12 12:42:00' does not match format '%Y-%m-%dT%H:%M:%S.%fZ'
2026-08-12 23:24:53 | WARNING | Could not parse candle datetime '2026-01-12 12:43:00': time data '2026-01-12 12:43:00' does not match format '%Y-%m-%dT%H:%M:%S.%fZ'
2026-08-12 23:24:53 | WARNING | Could not parse candle datetime '2026-01-12 12:44:00': time data '2026-01-12 12:44:00' does not match format '%Y-%m-%dT%H:%M:%S.%fZ'
2026-08-12 23:24:53 | WARNING | Could not parse candle datetime '2026-01-12 12:45:00': time data '2026-01-12 12:45:00' does not match format '%Y-%m-%dT%H:%M:%S.%fZ'
2026-08-12 23:24:53 | WARNING | Could not parse candle datetime '2026-01-12 12:46:00': time data '2026-01-12 12:46:00' does not match format '%Y-%m-%dT%H:%M:%S.%fZ'
2026-08-12 23:24:53 | WARNING | Could not parse candle datetime '2026-01-12 12:47:00': time data '2026-01-12 12:47:00' does not match format '%Y-%m-%dT%H:%M:%S.%fZ'
2026-08-12 23:24:53 | WARNING | Could not parse candle datetime '2026-01-12 12:48:00': time data '2026-01-12 12:48:00' does not match format '%Y-%m-%dT%H:%M:%S.%fZ'
2026-08-12 23:24:53 | WARNING | Could not parse candle datetime '2026-01-12 12:49:00': time data '2026-01-12 12:49:00' does not match format '%Y-%m-%dT%H:%M:%S.%fZ'
2026-08-12 23:24:53 | WARNING | Could not parse candle datetime '2026-01-12 12:50:00': time data '2026-01-12 12:50:00' does not match format '%Y-%m-%dT%H:%M:%S.%fZ'
2026-08-12 23:24:53 | WARNING | Could not parse candle datetime '2026-01-12 12:51:00': time data '2026-01-12 12:51:00' does not match format '%Y-%m-%dT%H:%M:%S.%fZ'
2026-08-12 23:24:53 | WARNING | Could not parse candle datetime '2026-01-12 12:52:00': time data '2026-01-12 12:52:00' does not match format '%Y-%m-%dT%H:%M:%S.%fZ'
2026-08-12 23:24:53 | WARNING | Could not parse candle datetime '2026-01-12 12:53:00': time data '2026-01-12 12:53:00' does not match format '%Y-%m-%dT%H:%M:%S.%fZ'
2026-08-12 23:24:53 | WARNING | Could not parse candle datetime '2026-01-12 12:54:00': time data '2026-01-12 12:54:00' does not match format '%Y-%m-%dT%H:%M:%S.%fZ'
2026-08-12 23:24:53 | WARNING | Could not parse candle datetime '2026-01-12 12:55:00': time data '2026-01-12 12:55:00' does not match format '%Y-%m-%dT%H:%M:%S.%fZ'
2026-08-12 23:24:53 | WARNING | Could not parse candle datetime '2026-01-12 12:56:00': time data '2026-01-12 12:56:00' does not match format '%Y-%m-%dT%H:%M:%S.%fZ'
2026-08-12 23:24:53 | WARNING | Could not parse candle datetime '2026-01-12 12:57:00': time data '2026-01-12 12:57:00' does not match format '%Y-%m-%dT%H:%M:%S.%fZ'
2026-08-12 23:24:53 | WARNING | Could not parse candle datetime '2026-01-12 12:58:00': time data '2026-01-12 12:58:00' does not match format '%Y-%m-%dT%H:%M:%S.%fZ'
2026-08-12 23:24:53 | WARNING | Could not parse candle datetime '2026-01-12 12:59:00': time data '2026-01-12 12:59:00' does not match format '%Y-%m-%dT%H:%M:%S.%fZ'
2026-08-12 23:24:53 | WARNING | Could not parse candle datetime '2026-01-12 13:00:00': time data '2026-01-12 13:00:00' does not match format '%Y-%m-%dT%H:%M:%S.%fZ'
2026-08-12 23:24:53 | WARNING | Could not parse candle datetime '2026-01-12 13:01:00': time data '2026-01-12 13:01:00' does not match format '%Y-%m-%dT%H:%M:%S.%fZ'
2026-08-12 23:24:53 | WARNING | Could not parse candle datetime '2026-01-12 13:02:00': time data '2026-01-12 13:02:00' does not match format '%Y-%m-%dT%H:%M:%S.%fZ'
2026-08-12 23:24:53 | WARNING | Could not parse candle datetime '2026-01-12 13:03:00': time data '2026-01-12 13:03:00' does not match format '%Y-%m-%dT%H:%M:%S.%fZ'
2026-08-12 23:24:53 | WARNING | Could not parse candle datetime '2026-01-12 13:04:00': time data '2026-01-12 13:04:00' does not match format '%Y-%m-%dT%H:%M:%S.%fZ'
2026-08-12 23:24:53 | WARNING | Could not parse candle datetime '2026-01-12 13:05:00': time data '2026-01-12 13:05:00' does not match format '%Y-%m-%dT%H:%M:%S.%fZ'
2026-08-12 23:24:53 | WARNING | Could not parse candle datetime '2026-01-12 13:06:00': time data '2026-01-12 13:06:00' does not match format '%Y-%m-%dT%H:%M:%S.%fZ'
2026-08-12 23:24:53 | WARNING | Could not parse candle datetime '2026-01-12 13:07:00': time data '2026-01-12 13:07:00' does not match format '%Y-%m-%dT%H:%M:%S.%fZ'
2026-08-12 23:24:53 | WARNING | Could not parse candle datetime '2026-01-12 13:08:00': time data '2026-01-12 13:08:00' does not match format '%Y-%m-%dT%H:%M:%S.%fZ'
2026-08-12 23:24:53 | WARNING | Could not parse candle datetime '2026-01-12 13:09:00': time data '2026-01-12 13:09:00' does not match format '%Y-%m-%dT%H:%M:%S.%fZ'
2026-08-12 23:24:53 | WARNING | Could not parse candle datetime '2026-01-12 13:10:00': time data '2026-01-12 13:10:00' does not match format '%Y-%m-%dT%H:%M:%S.%fZ'
2026-08-12 23:24:53 | WARNING | Could not parse candle datetime '2026-01-12 13:11:00': time data '2026-01-12 13:11:00' does not match format '%Y-%m-%dT%H:%M:%S.%fZ'
2026-08-12 23:24:53 | WARNING | Could not parse candle datetime '2026-01-12 13:12:00': time data '2026-01-12 13:12:00' does not match format '%Y-%m-%dT%H:%M:%S.%fZ'
2026-08-12 23:24:53 | WARNING | Could not parse candle datetime '2026-01-12 13:13:00': time data '2026-01-12 13:13:00' does not match format '%Y-%m-%dT%H:%M:%S.%fZ'
2026-08-12 23:24:53 | WARNING | Could not parse candle datetime '2026-01-12 13:14:00': time data '2026-01-12 13:14:00' does not match format '%Y-%m-%dT%H:%M:%S.%fZ'
2026-08-12 23:24:53 | WARNING | Could not parse candle datetime '2026-01-12 13:15:00': time data '2026-01-12 13:15:00' does not match format '%Y-%m-%dT%H:%M:%S.%fZ'
2026-08-12 23:24:53 | WARNING | Could not parse candle datetime '2026-01-12 13:16:00': time data '2026-01-12 13:16:00' does not match format '%Y-%m-%dT%H:%M:%S.%fZ'
2026-08-12 23:24:53 | WARNING | Could not parse candle datetime '2026-01-12 13:17:00': time data '2026-01-12 13:17:00' does not match format '%Y-%m-%dT%H:%M:%S.%fZ'
2026-08-12 23:24:53 | WARNING | Could not parse candle datetime '2026-01-12 13:18:00': time data '2026-01-12 13:18:00' does not match format '%Y-%m-%dT%H:%M:%S.%fZ'
2026-08-12 23:24:53 | WARNING | Could not parse candle datetime '2026-01-12 13:19:00': time data '2026-01-12 13:19:00' does not match format '%Y-%m-%dT%H:%M:%S.%fZ'
2026-08-12 23:24:53 | WARNING | Could not parse candle datetime '2026-01-12 13:20:00': time data '2026-01-12 13:20:00' does not match format '%Y-%m-%dT%H:%M:%S.%fZ'
2026-08-12 23:24:53 | WARNING | Could not parse candle datetime '2026-01-12 13:21:00': time data '2026-01-12 13:21:00' does not match format '%Y-%m-%dT%H:%M:%S.%fZ'
2026-08-12 23:24:53 | WARNING | Could not parse candle datetime '2026-01-12 13:22:00': time data '2026-01-12 13:22:00' does not match format '%Y-%m-%dT%H:%M:%S.%fZ'
2026-08-12 23:24:53 | WARNING | Could not parse candle datetime '2026-01-12 13:23:00': time data '2026-01-12 13:23:00' does not match format '%Y-%m-%dT%H:%M:%S.%fZ'
2026-08-12 23:24:53 | WARNING | Could not parse candle datetime '2026-01-12 13:24:00': time data '2026-01-12 13:24:00' does not match format '%Y-%m-%dT%H:%M:%S.%fZ'
2026-08-12 23:24:53 | WARNING | Could not parse candle datetime '2026-01-12 13:25:00': time data '2026-01-12 13:25:00' does not match format '%Y-%m-%dT%H:%M:%S.%fZ'
2026-08-12 23:24:53 | WARNING | Could not parse candle datetime '2026-01-12 13:26:00': time data '2026-01-12 13:26:00' does not match format '%Y-%m-%dT%H:%M:%S.%fZ'
2026-08-12 23:24:53 | WARNING | Could not parse candle datetime '2026-01-12 13:27:00': time data '2026-01-12 13:27:00' does not match format '%Y-%m-%dT%H:%M:%S.%fZ'
2026-08-12 23:24:53 | WARNING | Could not parse candle datetime '2026-01-12 13:28:00': time data '2026-01-12 13:28:00' does not match format '%Y-%m-%dT%H:%M:%S.%fZ'
2026-08-12 23:24:53 | WARNING | Could not parse candle datetime '2026-01-12 13:29:00': time data '2026-01-12 13:29:00' does not match format '%Y-%m-%dT%H:%M:%S.%fZ'
2026-08-12 23:24:53 | WARNING | Could not parse candle datetime '2026-01-12 13:30:00': time data '2026-01-12 13:30:00' does not match format '%Y-%m-%dT%H:%M:%S.%fZ'
2026-08-12 23:24:53 | WARNING | Could not parse candle datetime '2026-01-12 13:31:00': time data '2026-01-12 13:31:00' does not match format '%Y-%m-%dT%H:%M:%S.%fZ'
2026-08-12 23:24:53 | WARNING | Could not parse candle datetime '2026-01-12 13:32:00': time data '2026-01-12 13:32:00' does not match format '%Y-%m-%dT%H:%M:%S.%fZ'
2026-08-12 23:24:53 | WARNING | Could not parse candle datetime '2026-01-12 13:33:00': time data '2026-01-12 13:33:00' does not match format '%Y-%m-%dT%H:%M:%S.%fZ'
2026-08-12 23:24:53 | WARNING | Could not parse candle datetime '2026-01-12 13:34:00': time data '2026-01-12 13:34:00' does not match format '%Y-%m-%dT%H:%M:%S.%fZ'
2026-08-12 23:24:53 | WARNING | Could not parse candle datetime '2026-01-12 13:35:00': time data '2026-01-12 13:35:00' does not match format '%Y-%m-%dT%H:%M:%S.%fZ'
2026-08-12 23:24:53 | WARNING | Could not parse candle datetime '2026-01-12 13:36:00': time data '2026-01-12 13:36:00' does not match format '%Y-%m-%dT%H:%M:%S.%fZ'
2026-08-12 23:24:53 | WARNING | Could not parse candle datetime '2026-01-12 13:37:00': time data '2026-01-12 13:37:00' does not match format '%Y-%m-%dT%H:%M:%S.%fZ'
2026-08-12 23:24:53 | WARNING | Could not parse candle datetime '2026-01-12 13:38:00': time data '2026-01-12 13:38:00' does not match format '%Y-%m-%dT%H:%M:%S.%fZ'
2026-08-12 23:24:53 | WARNING | Could not parse candle datetime '2026-01-12 13:39:00': time data '2026-01-12 13:39:00' does not match format '%Y-%m-%dT%H:%M:%S.%fZ'
2026-08-12 23:24:53 | WARNING | Could not parse candle datetime '2026-01-12 13:40:00': time data '2026-01-12 13:40:00' does not match format '%Y-%m-%dT%H:%M:%S.%fZ'
2026-08-12 23:24:53 | WARNING | Could not parse candle datetime '2026-01-12 13:41:00': time data '2026-01-12 13:41:00' does not match format '%Y-%m-%dT%H:%M:%S.%fZ'
2026-08-12 23:24:53 | WARNING | Could not parse candle datetime '2026-01-12 13:42:00': time data '2026-01-12 13:42:00' does not match format '%Y-%m-%dT%H:%M:%S.%fZ'
2026-08-12 23:24:53 | WARNING | Could not parse candle datetime '2026-01-12 13:43:00': time data '2026-01-12 13:43:00' does not match format '%Y-%m-%dT%H:%M:%S.%fZ'
2026-08-12 23:24:53 | WARNING | Could not parse candle datetime '2026-01-12 13:44:00': time data '2026-01-12 13:44:00' does not match format '%Y-%m-%dT%H:%M:%S.%fZ'
2026-08-12 23:24:53 | WARNING | Could not parse candle datetime '2026-01-12 13:45:00': time data '2026-01-12 13:45:00' does not match format '%Y-%m-%dT%H:%M:%S.%fZ'
2026-08-12 23:24:53 | WARNING | Could not parse candle datetime '2026-01-12 13:46:00': time data '2026-01-12 13:46:00' does not match format '%Y-%m-%dT%H:%M:%S.%fZ'
2026-08-12 23:24:53 | WARNING | Could not parse candle datetime '2026-01-12 13:47:00': time data '2026-01-12 13:47:00' does not match format '%Y-%m-%dT%H:%M:%S.%fZ'
2026-08-12 23:24:53 | WARNING | Could not parse candle datetime '2026-01-12 13:48:00': time data '2026-01-12 13:48:00' does not match format '%Y-%m-%dT%H:%M:%S.%fZ'
2026-08-12 23:24:53 | WARNING | Could not parse candle datetime '2026-01-12 13:49:00': time data '2026-01-12 13:49:00' does not match format '%Y-%m-%dT%H:%M:%S.%fZ'
2026-08-12 23:24:53 | WARNING | Could not parse candle datetime '2026-01-12 13:50:00': time data '2026-01-12 13:50:00' does not match format '%Y-%m-%dT%H:%M:%S.%fZ'
2026-08-12 23:24:53 | WARNING | Could not parse candle datetime '2026-01-12 13:51:00': time data '2026-01-12 13:51:00' does not match format '%Y-%m-%dT%H:%M:%S.%fZ'
2026-08-12 23:24:53 | WARNING | Could not parse candle datetime '2026-01-12 13:52:00': time data '2026-01-12 13:52:00' does not match format '%Y-%m-%dT%H:%M:%S.%fZ'
2026-08-12 23:24:53 | WARNING | Could not parse candle datetime '2026-01-12 13:53:00': time data '2026-01-12 13:53:00' does not match format '%Y-%m-%dT%H:%M:%S.%fZ'
2026-08-12 23:24:53 | WARNING | Could not parse candle datetime '2026-01-12 13:54:00': time data '2026-01-12 13:54:00' does not match format '%Y-%m-%dT%H:%M:%S.%fZ'
2026-08-12 23:24:53 | WARNING | Could not parse candle datetime '2026-01-12 13:55:00': time data '2026-01-12 13:55:00' does not match format '%Y-%m-%dT%H:%M:%S.%fZ'
2026-08-12 23:24:53 | WARNING | Could not parse candle datetime '2026-01-12 13:56:00': time data '2026-01-12 13:56:00' does not match format '%Y-%m-%dT%H:%M:%S.%fZ'
2026-08-12 23:24:53 | WARNING | Could not parse candle datetime '2026-01-12 13:57:00': time data '2026-01-12 13:57:00' does not match format '%Y-%m-%dT%H:%M:%S.%fZ'
2026-08-12 23:24:53 | WARNING | Could not parse candle datetime '2026-01-12 13:58:00': time data '2026-01-12 13:58:00' does not match format '%Y-%m-%dT%H:%M:%S.%fZ'
2026-08-12 23:24:53 | WARNING | Could not parse candle datetime '2026-01-12 13:59:00': time data '2026-01-12 13:59:00' does not match format '%Y-%m-%dT%H:%M:%S.%fZ'
2026-08-12 23:24:53 | WARNING | Could not parse candle datetime '2026-01-12 14:00:00': time data '2026-01-12 14:00:00' does not match format '%Y-%m-%dT%H:%M:%S.%fZ'
2026-08-12 23:24:53 | WARNING | Could not parse candle datetime '2026-01-12 14:01:00': time data '2026-01-12 14:01:00' does not match format '%Y-%m-%dT%H:%M:%S.%fZ'
2026-08-12 23:24:53 | WARNING | Could not parse candle datetime '2026-01-12 14:02:00': time data '2026-01-12 14:02:00' does not match format '%Y-%m-%dT%H:%M:%S.%fZ'
2026-08-12 23:24:53 | WARNING | Could not parse candle datetime '2026-01-12 14:03:00': time data '2026-01-12 14:03:00' does not match format '%Y-%m-%dT%H:%M:%S.%fZ'
2026-08-12 23:24:53 | WARNING | Could not parse candle datetime '2026-01-12 14:04:00': time data '2026-01-12 14:04:00' does not match format '%Y-%m-%dT%H:%M:%S.%fZ'
2026-08-12 23:24:53 | WARNING | Could not parse candle datetime '2026-01-12 14:05:00': time data '2026-01-12 14:05:00' does not match format '%Y-%m-%dT%H:%M:%S.%fZ'
2026-08-12 23:24:53 | WARNING | Could not parse candle datetime '2026-01-12 14:06:00': time data '2026-01-12 14:06:00' does not match format '%Y-%m-%dT%H:%M:%S.%fZ'
2026-08-12 23:24:53 | WARNING | Could not parse candle datetime '2026-01-12 14:07:00': time data '2026-01-12 14:07:00' does not match format '%Y-%m-%dT%H:%M:%S.%fZ'
2026-08-12 23:24:53 | WARNING | Could not parse candle datetime '2026-01-12 14:08:00': time data '2026-01-12 14:08:00' does not match format '%Y-%m-%dT%H:%M:%S.%fZ'
2026-08-12 23:24:53 | WARNING | Could not parse candle datetime '2026-01-12 14:09:00': time data '2026-01-12 14:09:00' does not match format '%Y-%m-%dT%H:%M:%S.%fZ'
2026-08-12 23:24:53 | WARNING | Could not parse candle datetime '2026-01-12 14:10:00': time data '2026-01-12 14:10:00' does not match format '%Y-%m-%dT%H:%M:%S.%fZ'
2026-08-12 23:24:53 | WARNING | Could not parse candle datetime '2026-01-12 14:11:00': time data '2026-01-12 14:11:00' does not match format '%Y-%m-%dT%H:%M:%S.%fZ'
2026-08-12 23:24:53 | WARNING | Could not parse candle datetime '2026-01-12 14:12:00': time data '2026-01-12 14:12:00' does not match format '%Y-%m-%dT%H:%M:%S.%fZ'
2026-08-12 23:24:53 | WARNING | Could not parse candle datetime '2026-01-12 14:13:00': time data '2026-01-12 14:13:00' does not match format '%Y-%m-%dT%H:%M:%S.%fZ'
2026-08-12 23:24:53 | WARNING | Could not parse candle datetime '2026-01-12 14:14:00': time data '2026-01-12 14:14:00' does not match format '%Y-%m-%dT%H:%M:%S.%fZ'
2026-08-12 23:24:53 | WARNING | Could not parse candle datetime '2026-01-12 14:15:00': time data '2026-01-12 14:15:00' does not match format '%Y-%m-%dT%H:%M:%S.%fZ'
2026-08-12 23:24:53 | WARNING | Could not parse candle datetime '2026-01-12 14:16:00': time data '2026-01-12 14:16:00' does not match format '%Y-%m-%dT%H:%M:%S.%fZ'
2026-08-12 23:24:53 | WARNING | Could not parse candle datetime '2026-01-12 14:17:00': time data '2026-01-12 14:17:00' does not match format '%Y-%m-%dT%H:%M:%S.%fZ'
2026-08-12 23:24:53 | WARNING | Could not parse candle datetime '2026-01-12 14:18:00': time data '2026-01-12 14:18:00' does not match format '%Y-%m-%dT%H:%M:%S.%fZ'
2026-08-12 23:24:53 | WARNING | Could not parse candle datetime '2026-01-12 14:19:00': time data '2026-01-12 14:19:00' does not match format '%Y-%m-%dT%H:%M:%S.%fZ'
2026-08-12 23:24:53 | WARNING | Could not parse candle datetime '2026-01-12 14:20:00': time data '2026-01-12 14:20:00' does not match format '%Y-%m-%dT%H:%M:%S.%fZ'
2026-08-12 23:24:53 | WARNING | Could not parse candle datetime '2026-01-12 14:21:00': time data '2026-01-12 14:21:00' does not match format '%Y-%m-%dT%H:%M:%S.%fZ'
2026-08-12 23:24:53 | WARNING | Could not parse candle datetime '2026-01-12 14:22:00': time data '2026-01-12 14:22:00' does not match format '%Y-%m-%dT%H:%M:%S.%fZ'
2026-08-12 23:24:53 | WARNING | Could not parse candle datetime '2026-01-12 14:23:00': time data '2026-01-12 14:23:00' does not match format '%Y-%m-%dT%H:%M:%S.%fZ'
2026-08-12 23:24:53 | WARNING | Could not parse candle datetime '2026-01-12 14:24:00': time data '2026-01-12 14:24:00' does not match format '%Y-%m-%dT%H:%M:%S.%fZ'
2026-08-12 23:24:53 | WARNING | Could not parse candle datetime '2026-01-12 14:25:00': time data '2026-01-12 14:25:00' does not match format '%Y-%m-%dT%H:%M:%S.%fZ'
2026-08-12 23:24:53 | WARNING | Could not parse candle datetime '2026-01-12 14:26:00': time data '2026-01-12 14:26:00' does not match format '%Y-%m-%dT%H:%M:%S.%fZ'
2026-08-12 23:24:53 | WARNING | Could not parse candle datetime '2026-01-12 14:27:00': time data '2026-01-12 14:27:00' does not match format '%Y-%m-%dT%H:%M:%S.%fZ'
2026-08-12 23:24:53 | WARNING | Could not parse candle datetime '2026-01-12 14:28:00': time data '2026-01-12 14:28:00' does not match format '%Y-%m-%dT%H:%M:%S.%fZ'
2026-08-12 23:24:53 | WARNING | Could not parse candle datetime '2026-01-12 14:29:00': time data '2026-01-12 14:29:00' does not match format '%Y-%m-%dT%H:%M:%S.%fZ'
2026-08-12 23:24:53 | WARNING | Could not parse candle datetime '2026-01-12 14:30:00': time data '2026-01-12 14:30:00' does not match format '%Y-%m-%dT%H:%M:%S.%fZ'
2026-08-12 23:24:53 | WARNING | Could not parse candle datetime '2026-01-12 14:31:00': time data '2026-01-12 14:31:00' does not match format '%Y-%m-%dT%H:%M:%S.%fZ'
2026-08-12 23:24:53 | WARNING | Could not parse candle datetime '2026-01-12 14:32:00': time data '2026-01-12 14:32:00' does not match format '%Y-%m-%dT%H:%M:%S.%fZ'
2026-08-12 23:24:53 | WARNING | Could not parse candle datetime '2026-01-12 14:33:00': time data '2026-01-12 14:33:00' does not match format '%Y-%m-%dT%H:%M:%S.%fZ'
2026-08-12 23:24:53 | WARNING | Could not parse candle datetime '2026-01-12 14:34:00': time data '2026-01-12 14:34:00' does not match format '%Y-%m-%dT%H:%M:%S.%fZ'
2026-08-12 23:24:53 | WARNING | Could not parse candle datetime '2026-01-12 14:35:00': time data '2026-01-12 14:35:00' does not match format '%Y-%m-%dT%H:%M:%S.%fZ'
2026-08-12 23:24:53 | WARNING | Could not parse candle datetime '2026-01-12 14:36:00': time data '2026-01-12 14:36:00' does not match format '%Y-%m-%dT%H:%M:%S.%fZ'
2026-08-12 23:24:53 | WARNING | Could not parse candle datetime '2026-01-12 14:37:00': time data '2026-01-12 14:37:00' does not match format '%Y-%m-%dT%H:%M:%S.%fZ'
2026-08-12 23:24:53 | WARNING | Could not parse candle datetime '2026-01-12 14:38:00': time data '2026-01-12 14:38:00' does not match format '%Y-%m-%dT%H:%M:%S.%fZ'
2026-08-12 23:24:53 | WARNING | Could not parse candle datetime '2026-01-12 14:39:00': time data '2026-01-12 14:39:00' does not match format '%Y-%m-%dT%H:%M:%S.%fZ'
2026-08-12 23:24:53 | WARNING | Could not parse candle datetime '2026-01-12 14:40:00': time data '2026-01-12 14:40:00' does not match format '%Y-%m-%dT%H:%M:%S.%fZ'
2026-08-12 23:24:53 | WARNING | Could not parse candle datetime '2026-01-12 14:41:00': time data '2026-01-12 14:41:00' does not match format '%Y-%m-%dT%H:%M:%S.%fZ'
2026-08-12 23:24:53 | WARNING | Could not parse candle datetime '2026-01-12 14:42:00': time data '2026-01-12 14:42:00' does not match format '%Y-%m-%dT%H:%M:%S.%fZ'
2026-08-12 23:24:53 | WARNING | Could not parse candle datetime '2026-01-12 14:43:00': time data '2026-01-12 14:43:00' does not match format '%Y-%m-%dT%H:%M:%S.%fZ'
2026-08-12 23:24:53 | WARNING | Could not parse candle datetime '2026-01-12 14:44:00': time data '2026-01-12 14:44:00' does not match format '%Y-%m-%dT%H:%M:%S.%fZ'
2026-08-12 23:24:53 | WARNING | Could not parse candle datetime '2026-01-12 14:45:00': time data '2026-01-12 14:45:00' does not match format '%Y-%m-%dT%H:%M:%S.%fZ'
2026-08-12 23:24:53 | WARNING | Could not parse candle datetime '2026-01-12 14:46:00': time data '2026-01-12 14:46:00' does not match format '%Y-%m-%dT%H:%M:%S.%fZ'
2026-08-12 23:24:53 | WARNING | Could not parse candle datetime '2026-01-12 14:47:00': time data '2026-01-12 14:47:00' does not match format '%Y-%m-%dT%H:%M:%S.%fZ'
2026-08-12 23:24:53 | WARNING | Could not parse candle datetime '2026-01-12 14:48:00': time data '2026-01-12 14:48:00' does not match format '%Y-%m-%dT%H:%M:%S.%fZ'
2026-08-12 23:24:53 | WARNING | Could not parse candle datetime '2026-01-12 14:49:00': time data '2026-01-12 14:49:00' does not match format '%Y-%m-%dT%H:%M:%S.%fZ'
2026-08-12 23:24:53 | WARNING | Could not parse candle datetime '2026-01-12 14:50:00': time data '2026-01-12 14:50:00' does not match format '%Y-%m-%dT%H:%M:%S.%fZ'
2026-08-12 23:24:53 | WARNING | Could not parse candle datetime '2026-01-12 14:51:00': time data '2026-01-12 14:51:00' does not match format '%Y-%m-%dT%H:%M:%S.%fZ'
2026-08-12 23:24:53 | WARNING | Could not parse candle datetime '2026-01-12 14:52:00': time data '2026-01-12 14:52:00' does not match format '%Y-%m-%dT%H:%M:%S.%fZ'
2026-08-12 23:24:53 | WARNING | Could not parse candle datetime '2026-01-12 14:53:00': time data '2026-01-12 14:53:00' does not match format '%Y-%m-%dT%H:%M:%S.%fZ'
2026-08-12 23:24:53 | WARNING | Could not parse candle datetime '2026-01-12 14:54:00': time data '2026-01-12 14:54:00' does not match format '%Y-%m-%dT%H:%M:%S.%fZ'
2026-08-12 23:24:53 | WARNING | Could not parse candle datetime '2026-01-12 14:55:00': time data '2026-01-12 14:55:00' does not match format '%Y-%m-%dT%H:%M:%S.%fZ'
2026-08-12 23:24:53 | WARNING | Could not parse candle datetime '2026-01-12 14:56:00': time data '2026-01-12 14:56:00' does not match format '%Y-%m-%dT%H:%M:%S.%fZ'
2026-08-12 23:24:53 | WARNING | Could not parse candle datetime '2026-01-12 14:57:00': time data '2026-01-12 14:57:00' does not match format '%Y-%m-%dT%H:%M:%S.%fZ'
2026-08-12 23:24:53 | WARNING | Could not parse candle datetime '2026-01-12 14:58:00': time data '2026-01-12 14:58:00' does not match format '%Y-%m-%dT%H:%M:%S.%fZ'
2026-08-12 23:24:53 | WARNING | Could not parse candle datetime '2026-01-12 14:59:00': time data '2026-01-12 14:59:00' does not match format '%Y-%m-%dT%H:%M:%S.%fZ'
2026-08-12 23:24:53 | WARNING | Could not parse candle datetime '2026-01-12 15:00:00': time data '2026-01-12 15:00:00' does not match format '%Y-%m-%dT%H:%M:%S.%fZ'
2026-08-12 23:24:53 | WARNING | Could not parse candle datetime '2026-01-12 15:01:00': time data '2026-01-12 15:01:00' does not match format '%Y-%m-%dT%H:%M:%S.%fZ'
2026-08-12 23:24:53 | WARNING | Could not parse candle datetime '2026-01-12 15:02:00': time data '2026-01-12 15:02:00' does not match format '%Y-%m-%dT%H:%M:%S.%fZ'
2026-08-12 23:24:53 | WARNING | Could not parse candle datetime '2026-01-12 15:03:00': time data '2026-01-12 15:03:00' does not match format '%Y-%m-%dT%H:%M:%S.%fZ'
2026-08-12 23:24:53 | WARNING | Could not parse candle datetime '2026-01-12 15:04:00': time data '2026-01-12 15:04:00' does not match format '%Y-%m-%dT%H:%M:%S.%fZ'
2026-08-12 23:24:53 | WARNING | Could not parse candle datetime '2026-01-12 15:05:00': time data '2026-01-12 15:05:00' does not match format '%Y-%m-%dT%H:%M:%S.%fZ'
2026-08-12 23:24:53 | WARNING | Could not parse candle datetime '2026-01-12 15:06:00': time data '2026-01-12 15:06:00' does not match format '%Y-%m-%dT%H:%M:%S.%fZ'
2026-08-12 23:24:53 | WARNING | Could not parse candle datetime '2026-01-12 15:07:00': time data '2026-01-12 15:07:00' does not match format '%Y-%m-%dT%H:%M:%S.%fZ'
2026-08-12 23:24:53 | WARNING | Could not parse candle datetime '2026-01-12 15:08:00': time data '2026-01-12 15:08:00' does not match format '%Y-%m-%dT%H:%M:%S.%fZ'
2026-08-12 23:24:53 | WARNING | Could not parse candle datetime '2026-01-12 15:09:00': time data '2026-01-12 15:09:00' does not match format '%Y-%m-%dT%H:%M:%S.%fZ'
2026-08-12 23:24:53 | WARNING | Could not parse candle datetime '2026-01-12 15:10:00': time data '2026-01-12 15:10:00' does not match format '%Y-%m-%dT%H:%M:%S.%fZ'
2026-08-12 23:24:53 | WARNING | Could not parse candle datetime '2026-01-12 15:11:00': time data '2026-01-12 15:11:00' does not match format '%Y-%m-%dT%H:%M:%S.%fZ'
2026-08-12 23:24:53 | WARNING | Could not parse candle datetime '2026-01-12 15:12:00': time data '2026-01-12 15:12:00' does not match format '%Y-%m-%dT%H:%M:%S.%fZ'
2026-08-12 23:24:53 | WARNING | Could not parse candle datetime '2026-01-12 15:13:00': time data '2026-01-12 15:13:00' does not match format '%Y-%m-%dT%H:%M:%S.%fZ'
2026-08-12 23:24:53 | WARNING | Could not parse candle datetime '2026-01-12 15:14:00': time data '2026-01-12 15:14:00' does not match format '%Y-%m-%dT%H:%M:%S.%fZ'
2026-08-12 23:24:53 | WARNING | Could not parse candle datetime '2026-01-12 15:15:00': time data '2026-01-12 15:15:00' does not match format '%Y-%m-%dT%H:%M:%S.%fZ'
2026-08-12 23:24:53 | WARNING | Could not parse candle datetime '2026-01-12 15:16:00': time data '2026-01-12 15:16:00' does not match format '%Y-%m-%dT%H:%M:%S.%fZ'
2026-08-12 23:24:53 | WARNING | Could not parse candle datetime '2026-01-12 15:17:00': time data '2026-01-12 15:17:00' does not match format '%Y-%m-%dT%H:%M:%S.%fZ'
2026-08-12 23:24:53 | WARNING | Could not parse candle datetime '2026-01-12 15:18:00': time data '2026-01-12 15:18:00' does not match format '%Y-%m-%dT%H:%M:%S.%fZ'
2026-08-12 23:24:53 | WARNING | Could not parse candle datetime '2026-01-12 15:19:00': time data '2026-01-12 15:19:00' does not match format '%Y-%m-%dT%H:%M:%S.%fZ'
2026-08-12 23:24:53 | WARNING | Could not parse candle datetime '2026-01-12 15:20:00': time data '2026-01-12 15:20:00' does not match format '%Y-%m-%dT%H:%M:%S.%fZ'
2026-08-12 23:24:53 | WARNING | Could not parse candle datetime '2026-01-12 15:21:00': time data '2026-01-12 15:21:00' does not match format '%Y-%m-%dT%H:%M:%S.%fZ'
2026-08-12 23:24:53 | WARNING | Could not parse candle datetime '2026-01-12 15:22:00': time data '2026-01-12 15:22:00' does not match format '%Y-%m-%dT%H:%M:%S.%fZ'
2026-08-12 23:24:53 | WARNING | Could not parse candle datetime '2026-01-12 15:23:00': time data '2026-01-12 15:23:00' does not match format '%Y-%m-%dT%H:%M:%S.%fZ'
2026-08-12 23:24:53 | WARNING | Could not parse candle datetime '2026-01-12 15:24:00': time data '2026-01-12 15:24:00' does not match format '%Y-%m-%dT%H:%M:%S.%fZ'
2026-08-12 23:24:53 | WARNING | Could not parse candle datetime '2026-01-12 15:25:00': time data '2026-01-12 15:25:00' does not match format '%Y-%m-%dT%H:%M:%S.%fZ'
2026-08-12 23:24:53 | WARNING | Could not parse candle datetime '2026-01-12 15:26:00': time data '2026-01-12 15:26:00' does not match format '%Y-%m-%dT%H:%M:%S.%fZ'
2026-08-12 23:24:53 | WARNING | Could not parse candle datetime '2026-01-12 15:27:00': time data '2026-01-12 15:27:00' does not match format '%Y-%m-%dT%H:%M:%S.%fZ'
2026-08-12 23:24:53 | WARNING | Could not parse candle datetime '2026-01-12 15:28:00': time data '2026-01-12 15:28:00' does not match format '%Y-%m-%dT%H:%M:%S.%fZ'
2026-08-12 23:24:53 | WARNING | Could not parse candle datetime '2026-01-12 15:29:00': time data '2026-01-12 15:29:00' does not match format '%Y-%m-%dT%H:%M:%S.%fZ'
2026-08-12 23:24:53 | WARNING | Could not parse candle datetime '2026-01-12 15:31:00': time data '2026-01-12 15:31:00' does not match format '%Y-%m-%dT%H:%M:%S.%fZ'
2026-08-12 23:24:53 | WARNING | Could not parse candle datetime '2026-01-13 09:07:00': time data '2026-01-13 09:07:00' does not match format '%Y-%m-%dT%H:%M:%S.%fZ'
2026-08-12 23:24:53 | WARNING | Could not parse candle datetime '2026-01-13 09:15:00': time data '2026-01-13 09:15:00' does not match format '%Y-%m-%dT%H:%M:%S.%fZ'
2026-08-12 23:24:53 | WARNING | Could not parse candle datetime '2026-01-13 09:16:00': time data '2026-01-13 09:16:00' does not match format '%Y-%m-%dT%H:%M:%S.%fZ'
2026-08-12 23:24:53 | WARNING | Could not parse candle datetime '2026-01-13 09:17:00': time data '2026-01-13 09:17:00' does not match format '%Y-%m-%dT%H:%M:%S.%fZ'
2026-08-12 23:24:53 | WARNING | Could not parse candle datetime '2026-01-13 09:18:00': time data '2026-01-13 09:18:00' does not match format '%Y-%m-%dT%H:%M:%S.%fZ'
2026-08-12 23:24:53 | WARNING | Could not parse candle datetime '2026-01-13 09:19:00': time data '2026-01-13 09:19:00' does not match format '%Y-%m-%dT%H:%M:%S.%fZ'
2026-08-12 23:24:53 | WARNING | Could not parse candle datetime '2026-01-13 09:20:00': time data '2026-01-13 09:20:00' does not match format '%Y-%m-%dT%H:%M:%S.%fZ'
2026-08-12 23:24:53 | WARNING | Could not parse candle datetime '2026-01-13 09:21:00': time data '2026-01-13 09:21:00' does not match format '%Y-%m-%dT%H:%M:%S.%fZ'
2026-08-12 23:24:53 | WARNING | Could not parse candle datetime '2026-01-13 09:22:00': time data '2026-01-13 09:22:00' does not match format '%Y-%m-%dT%H:%M:%S.%fZ'
2026-08-12 23:24:53 | WARNING | Could not parse candle datetime '2026-01-13 09:23:00': time data '2026-01-13 09:23:00' does not match format '%Y-%m-%dT%H:%M:%S.%fZ'
2026-08-12 23:24:53 | WARNING | Could not parse candle datetime '2026-01-13 09:24:00': time data '2026-01-13 09:24:00' does not match format '%Y-%m-%dT%H:%M:%S.%fZ'
2026-08-12 23:24:53 | WARNING | Could not parse candle datetime '2026-01-13 09:25:00': time data '2026-01-13 09:25:00' does not match format '%Y-%m-%dT%H:%M:%S.%fZ'
2026-08-12 23:24:53 | WARNING | Could not parse candle datetime '2026-01-13 09:26:00': time data '2026-01-13 09:26:00' does not match format '%Y-%m-%dT%H:%M:%S.%fZ'
2026-08-12 23:24:53 | WARNING | Could not parse candle datetime '2026-01-13 09:27:00': time data '2026-01-13 09:27:00' does not match format '%Y-%m-%dT%H:%M:%S.%fZ'
2026-08-12 23:24:53 | WARNING | Could not parse candle datetime '2026-01-13 09:28:00': time data '2026-01-13 09:28:00' does not match format '%Y-%m-%dT%H:%M:%S.%fZ'
2026-08-12 23:24:53 | WARNING | Could not parse candle datetime '2026-01-13 09:29:00': time data '2026-01-13 09:29:00' does not match format '%Y-%m-%dT%H:%M:%S.%fZ'
2026-08-12 23:24:53 | WARNING | Could not parse candle datetime '2026-01-13 09:30:00': time data '2026-01-13 09:30:00' does not match format '%Y-%m-%dT%H:%M:%S.%fZ'
2026-08-12 23:24:53 | WARNING | Could not parse candle datetime '2026-01-13 09:31:00': time data '2026-01-13 09:31:00' does not match format '%Y-%m-%dT%H:%M:%S.%fZ'
2026-08-12 23:24:53 | WARNING | Could not parse candle datetime '2026-01-13 09:32:00': time data '2026-01-13 09:32:00' does not match format '%Y-%m-%dT%H:%M:%S.%fZ'
2026-08-12 23:24:53 | WARNING | Could not parse candle datetime '2026-01-13 09:33:00': time data '2026-01-13 09:33:00' does not match format '%Y-%m-%dT%H:%M:%S.%fZ'
2026-08-12 23:24:53 | WARNING | Could not parse candle datetime '2026-01-13 09:34:00': time data '2026-01-13 09:34:00' does not match format '%Y-%m-%dT%H:%M:%S.%fZ'
2026-08-12 23:24:53 | WARNING | Could not parse candle datetime '2026-01-13 09:35:00': time data '2026-01-13 09:35:00' does not match format '%Y-%m-%dT%H:%M:%S.%fZ'
2026-08-12 23:24:53 | WARNING | Could not parse candle datetime '2026-01-13 09:36:00': time data '2026-01-13 09:36:00' does not match format '%Y-%m-%dT%H:%M:%S.%fZ'
2026-08-12 23:24:53 | WARNING | Could not parse candle datetime '2026-01-13 09:37:00': time data '2026-01-13 09:37:00' does not match format '%Y-%m-%dT%H:%M:%S.%fZ'
2026-08-12 23:24:53 | WARNING | Could not parse candle datetime '2026-01-13 09:38:00': time data '2026-01-13 09:38:00' does not match format '%Y-%m-%dT%H:%M:%S.%fZ'
2026-08-12 23:24:53 | WARNING | Could not parse candle datetime '2026-01-13 09:39:00': time data '2026-01-13 09:39:00' does not match format '%Y-%m-%dT%H:%M:%S.%fZ'
2026-08-12 23:24:53 | WARNING | Could not parse candle datetime '2026-01-13 09:40:00': time data '2026-01-13 09:40:00' does not match format '%Y-%m-%dT%H:%M:%S.%fZ'
2026-08-12 23:24:53 | WARNING | Could not parse candle datetime '2026-01-13 09:41:00': time data '2026-01-13 09:41:00' does not match format '%Y-%m-%dT%H:%M:%S.%fZ'
2026-08-12 23:24:53 | WARNING | Could not parse candle datetime '2026-01-13 09:42:00': time data '2026-01-13 09:42:00' does not match format '%Y-%m-%dT%H:%M:%S.%fZ'
2026-08-12 23:24:53 | WARNING | Could not parse candle datetime '2026-01-13 09:43:00': time data '2026-01-13 09:43:00' does not match format '%Y-%m-%dT%H:%M:%S.%fZ'
2026-08-12 23:24:53 | WARNING | Could not parse candle datetime '2026-01-13 09:44:00': time data '2026-01-13 09:44:00' does not match format '%Y-%m-%dT%H:%M:%S.%fZ'
2026-08-12 23:24:53 | WARNING | Could not parse candle datetime '2026-01-13 09:45:00': time data '2026-01-13 09:45:00' does not match format '%Y-%m-%dT%H:%M:%S.%fZ'
2026-08-12 23:24:53 | WARNING | Could not parse candle datetime '2026-01-13 09:46:00': time data '2026-01-13 09:46:00' does not match format '%Y-%m-%dT%H:%M:%S.%fZ'
2026-08-12 23:24:53 | WARNING | Could not parse candle datetime '2026-01-13 09:47:00': time data '2026-01-13 09:47:00' does not match format '%Y-%m-%dT%H:%M:%S.%fZ'
2026-08-12 23:24:53 | WARNING | Could not parse candle datetime '2026-01-13 09:48:00': time data '2026-01-13 09:48:00' does not match format '%Y-%m-%dT%H:%M:%S.%fZ'
2026-08-12 23:24:53 | WARNING | Could not parse candle datetime '2026-01-13 09:49:00': time data '2026-01-13 09:49:00' does not match format '%Y-%m-%dT%H:%M:%S.%fZ'
2026-08-12 23:24:53 | WARNING | Could not parse candle datetime '2026-01-13 09:50:00': time data '2026-01-13 09:50:00' does not match format '%Y-%m-%dT%H:%M:%S.%fZ'
2026-08-12 23:24:53 | WARNING | Could not parse candle datetime '2026-01-13 09:51:00': time data '2026-01-13 09:51:00' does not match format '%Y-%m-%dT%H:%M:%S.%fZ'
2026-08-12 23:24:53 | WARNING | Could not parse candle datetime '2026-01-13 09:52:00': time data '2026-01-13 09:52:00' does not match format '%Y-%m-%dT%H:%M:%S.%fZ'
2026-08-12 23:24:53 | WARNING | Could not parse candle datetime '2026-01-13 09:53:00': time data '2026-01-13 09:53:00' does not match format '%Y-%m-%dT%H:%M:%S.%fZ'
2026-08-12 23:24:53 | WARNING | Could not parse candle datetime '2026-01-13 09:54:00': time data '2026-01-13 09:54:00' does not match format '%Y-%m-%dT%H:%M:%S.%fZ'
2026-08-12 23:24:53 | WARNING | Could not parse candle datetime '2026-01-13 09:55:00': time data '2026-01-13 09:55:00' does not match format '%Y-%m-%dT%H:%M:%S.%fZ'
2026-08-12 23:24:53 | WARNING | Could not parse candle datetime '2026-01-13 09:56:00': time data '2026-01-13 09:56:00' does not match format '%Y-%m-%dT%H:%M:%S.%fZ'
2026-08-12 23:24:53 | WARNING | Could not parse candle datetime '2026-01-13 09:57:00': time data '2026-01-13 09:57:00' does not match format '%Y-%m-%dT%H:%M:%S.%fZ'
2026-08-12 23:24:53 | WARNING | Could not parse candle datetime '2026-01-13 09:58:00': time data '2026-01-13 09:58:00' does not match format '%Y-%m-%dT%H:%M:%S.%fZ'
2026-08-12 23:24:53 | WARNING | Could not parse candle datetime '2026-01-13 09:59:00': time data '2026-01-13 09:59:00' does not match format '%Y-%m-%dT%H:%M:%S.%fZ'
2026-08-12 23:24:53 | WARNING | Could not parse candle datetime '2026-01-13 10:00:00': time data '2026-01-13 10:00:00' does not match format '%Y-%m-%dT%H:%M:%S.%fZ'
2026-08-12 23:24:53 | WARNING | Could not parse candle datetime '2026-01-13 10:01:00': time data '2026-01-13 10:01:00' does not match format '%Y-%m-%dT%H:%M:%S.%fZ'
2026-08-12 23:24:53 | WARNING | Could not parse candle datetime '2026-01-13 10:02:00': time data '2026-01-13 10:02:00' does not match format '%Y-%m-%dT%H:%M:%S.%fZ'
2026-08-12 23:24:53 | WARNING | Could not parse candle datetime '2026-01-13 10:03:00': time data '2026-01-13 10:03:00' does not match format '%Y-%m-%dT%H:%M:%S.%fZ'
2026-08-12 23:24:53 | WARNING | Could not parse candle datetime '2026-01-13 10:04:00': time data '2026-01-13 10:04:00' does not match format '%Y-%m-%dT%H:%M:%S.%fZ'
2026-08-12 23:24:53 | WARNING | Could not parse candle datetime '2026-01-13 10:05:00': time data '2026-01-13 10:05:00' does not match format '%Y-%m-%dT%H:%M:%S.%fZ'
2026-08-12 23:24:53 | WARNING | Could not parse candle datetime '2026-01-13 10:06:00': time data '2026-01-13 10:06:00' does not match format '%Y-%m-%dT%H:%M:%S.%fZ'
2026-08-12 23:24:53 | WARNING | Could not parse candle datetime '2026-01-13 10:07:00': time data '2026-01-13 10:07:00' does not match format '%Y-%m-%dT%H:%M:%S.%fZ'
2026-08-12 23:24:53 | WARNING | Could not parse candle datetime '2026-01-13 10:08:00': time data '2026-01-13 10:08:00' does not match format '%Y-%m-%dT%H:%M:%S.%fZ'
2026-08-12 23:24:53 | WARNING | Could not parse candle datetime '2026-01-13 10:09:00': time data '2026-01-13 10:09:00' does not match format '%Y-%m-%dT%H:%M:%S.%fZ'
2026-08-12 23:24:53 | WARNING | Could not parse candle datetime '2026-01-13 10:10:00': time data '2026-01-13 10:10:00' does not match format '%Y-%m-%dT%H:%M:%S.%fZ'
2026-08-12 23:24:53 | WARNING | Could not parse candle datetime '2026-01-13 10:11:00': time data '2026-01-13 10:11:00' does not match format '%Y-%m-%dT%H:%M:%S.%fZ'
2026-08-12 23:24:53 | WARNING | Could not parse candle datetime '2026-01-13 10:12:00': time data '2026-01-13 10:12:00' does not match format '%Y-%m-%dT%H:%M:%S.%fZ'
2026-08-12 23:24:53 | WARNING | Could not parse candle datetime '2026-01-13 10:13:00': time data '2026-01-13 10:13:00' does not match format '%Y-%m-%dT%H:%M:%S.%fZ'
2026-08-12 23:24:53 | WARNING | Could not parse candle datetime '2026-01-13 10:14:00': time data '2026-01-13 10:14:00' does not match format '%Y-%m-%dT%H:%M:%S.%fZ'
2026-08-12 23:24:53 | WARNING | Could not parse candle datetime '2026-01-13 10:15:00': time data '2026-01-13 10:15:00' does not match format '%Y-%m-%dT%H:%M:%S.%fZ'
2026-08-12 23:24:53 | WARNING | Could not parse candle datetime '2026-01-13 10:16:00': time data '2026-01-13 10:16:00' does not match format '%Y-%m-%dT%H:%M:%S.%fZ'
2026-08-12 23:24:53 | WARNING | Could not parse candle datetime '2026-01-13 10:17:00': time data '2026-01-13 10:17:00' does not match format '%Y-%m-%dT%H:%M:%S.%fZ'
2026-08-12 23:24:53 | WARNING | Could not parse candle datetime '2026-01-13 10:18:00': time data '2026-01-13 10:18:00' does not match format '%Y-%m-%dT%H:%M:%S.%fZ'
2026-08-12 23:24:53 | WARNING | Could not parse candle datetime '2026-01-13 10:19:00': time data '2026-01-13 10:19:00' does not match format '%Y-%m-%dT%H:%M:%S.%fZ'
2026-08-12 23:24:53 | WARNING | Could not parse candle datetime '2026-01-13 10:20:00': time data '2026-01-13 10:20:00' does not match format '%Y-%m-%dT%H:%M:%S.%fZ'
2026-08-12 23:24:53 | WARNING | Could not parse candle datetime '2026-01-13 10:21:00': time data '2026-01-13 10:21:00' does not match format '%Y-%m-%dT%H:%M:%S.%fZ'
2026-08-12 23:24:53 | WARNING | Could not parse candle datetime '2026-01-13 10:22:00': time data '2026-01-13 10:22:00' does not match format '%Y-%m-%dT%H:%M:%S.%fZ'
2026-08-12 23:24:53 | WARNING | Could not parse candle datetime '2026-01-13 10:23:00': time data '2026-01-13 10:23:00' does not match format '%Y-%m-%dT%H:%M:%S.%fZ'
2026-08-12 23:24:53 | WARNING | Could not parse candle datetime '2026-01-13 10:24:00': time data '2026-01-13 10:24:00' does not match format '%Y-%m-%dT%H:%M:%S.%fZ'
2026-08-12 23:24:53 | WARNING | Could not parse candle datetime '2026-01-13 10:25:00': time data '2026-01-13 10:25:00' does not match format '%Y-%m-%dT%H:%M:%S.%fZ'
2026-08-12 23:24:53 | WARNING | Could not parse candle datetime '2026-01-13 10:26:00': time data '2026-01-13 10:26:00' does not match format '%Y-%m-%dT%H:%M:%S.%fZ'
2026-08-12 23:24:53 | WARNING | Could not parse candle datetime '2026-01-13 10:27:00': time data '2026-01-13 10:27:00' does not match format '%Y-%m-%dT%H:%M:%S.%fZ'
2026-08-12 23:24:53 | WARNING | Could not parse candle datetime '2026-01-13 10:28:00': time data '2026-01-13 10:28:00' does not match format '%Y-%m-%dT%H:%M:%S.%fZ'
2026-08-12 23:24:53 | WARNING | Could not parse candle datetime '2026-01-13 10:29:00': time data '2026-01-13 10:29:00' does not match format '%Y-%m-%dT%H:%M:%S.%fZ'
2026-08-12 23:24:53 | WARNING | Could not parse candle datetime '2026-01-13 10:30:00': time data '2026-01-13 10:30:00' does not match format '%Y-%m-%dT%H:%M:%S.%fZ'
2026-08-12 23:24:53 | WARNING | Could not parse candle datetime '2026-01-13 10:31:00': time data '2026-01-13 10:31:00' does not match format '%Y-%m-%dT%H:%M:%S.%fZ'
2026-08-12 23:24:53 | WARNING | Could not parse candle datetime '2026-01-13 10:32:00': time data '2026-01-13 10:32:00' does not match format '%Y-%m-%dT%H:%M:%S.%fZ'
2026-08-12 23:24:53 | WARNING | Could not parse candle datetime '2026-01-13 10:33:00': time data '2026-01-13 10:33:00' does not match format '%Y-%m-%dT%H:%M:%S.%fZ'
2026-08-12 23:24:53 | WARNING | Could not parse candle datetime '2026-01-13 10:34:00': time data '2026-01-13 10:34:00' does not match format '%Y-%m-%dT%H:%M:%S.%fZ'
2026-08-12 23:24:53 | WARNING | Could not parse candle datetime '2026-01-13 10:35:00': time data '2026-01-13 10:35:00' does not match format '%Y-%m-%dT%H:%M:%S.%fZ'
2026-08-12 23:24:53 | WARNING | Could not parse candle datetime '2026-01-13 10:36:00': time data '2026-01-13 10:36:00' does not match format '%Y-%m-%dT%H:%M:%S.%fZ'
2026-08-12 23:24:53 | WARNING | Could not parse candle datetime '2026-01-13 10:37:00': time data '2026-01-13 10:37:00' does not match format '%Y-%m-%dT%H:%M:%S.%fZ'
2026-08-12 23:24:53 | WARNING | Could not parse candle datetime '2026-01-13 10:38:00': time data '2026-01-13 10:38:00' does not match format '%Y-%m-%dT%H:%M:%S.%fZ'
2026-08-12 23:24:53 | WARNING | Could not parse candle datetime '2026-01-13 10:39:00': time data '2026-01-13 10:39:00' does not match format '%Y-%m-%dT%H:%M:%S.%fZ'
2026-08-12 23:24:53 | WARNING | Could not parse candle datetime '2026-01-13 10:40:00': time data '2026-01-13 10:40:00' does not match format '%Y-%m-%dT%H:%M:%S.%fZ'
2026-08-12 23:24:53 | WARNING | Could not parse candle datetime '2026-01-13 10:41:00': time data '2026-01-13 10:41:00' does not match format '%Y-%m-%dT%H:%M:%S.%fZ'
2026-08-12 23:24:53 | WARNING | Could not parse candle datetime '2026-01-13 10:42:00': time data '2026-01-13 10:42:00' does not match format '%Y-%m-%dT%H:%M:%S.%fZ'
2026-08-12 23:24:53 | WARNING | Could not parse candle datetime '2026-01-13 10:43:00': time data '2026-01-13 10:43:00' does not match format '%Y-%m-%dT%H:%M:%S.%fZ'
2026-08-12 23:24:53 | WARNING | Could not parse candle datetime '2026-01-13 10:44:00': time data '2026-01-13 10:44:00' does not match format '%Y-%m-%dT%H:%M:%S.%fZ'
2026-08-12 23:24:53 | WARNING | Could not parse candle datetime '2026-01-13 10:45:00': time data '2026-01-13 10:45:00' does not match format '%Y-%m-%dT%H:%M:%S.%fZ'
2026-08-12 23:24:53 | WARNING | Could not parse candle datetime '2026-01-13 10:46:00': time data '2026-01-13 10:46:00' does not match format '%Y-%m-%dT%H:%M:%S.%fZ'
2026-08-12 23:24:53 | WARNING | Could not parse candle datetime '2026-01-13 10:47:00': time data '2026-01-13 10:47:00' does not match format '%Y-%m-%dT%H:%M:%S.%fZ'
2026-08-12 23:24:53 | WARNING | Could not parse candle datetime '2026-01-13 10:48:00': time data '2026-01-13 10:48:00' does not match format '%Y-%m-%dT%H:%M:%S.%fZ'
2026-08-12 23:24:53 | WARNING | Could not parse candle datetime '2026-01-13 10:49:00': time data '2026-01-13 10:49:00' does not match format '%Y-%m-%dT%H:%M:%S.%fZ'
2026-08-12 23:24:53 | WARNING | Could not parse candle datetime '2026-01-13 10:50:00': time data '2026-01-13 10:50:00' does not match format '%Y-%m-%dT%H:%M:%S.%fZ'
2026-08-12 23:24:53 | WARNING | Could not parse candle datetime '2026-01-13 10:51:00': time data '2026-01-13 10:51:00' does not match format '%Y-%m-%dT%H:%M:%S.%fZ'
2026-08-12 23:24:53 | WARNING | Could not parse candle datetime '2026-01-13 10:52:00': time data '2026-01-13 10:52:00' does not match format '%Y-%m-%dT%H:%M:%S.%fZ'
2026-08-12 23:24:53 | WARNING | Could not parse candle datetime '2026-01-13 10:53:00': time data '2026-01-13 10:53:00' does not match format '%Y-%m-%dT%H:%M:%S.%fZ'
2026-08-12 23:24:53 | WARNING | Could not parse candle datetime '2026-01-13 10:54:00': time data '2026-01-13 10:54:00' does not match format '%Y-%m-%dT%H:%M:%S.%fZ'
2026-08-12 23:24:53 | WARNING | Could not parse candle datetime '2026-01-13 10:55:00': time data '2026-01-13 10:55:00' does not match format '%Y-%m-%dT%H:%M:%S.%fZ'
2026-08-12 23:24:53 | WARNING | Could not parse candle datetime '2026-01-13 10:56:00': time data '2026-01-13 10:56:00' does not match format '%Y-%m-%dT%H:%M:%S.%fZ'
2026-08-12 23:24:53 | WARNING | Could not parse candle datetime '2026-01-13 10:57:00': time data '2026-01-13 10:57:00' does not match format '%Y-%m-%dT%H:%M:%S.%fZ'
2026-08-12 23:24:53 | WARNING | Could not parse candle datetime '2026-01-13 10:58:00': time data '2026-01-13 10:58:00' does not match format '%Y-%m-%dT%H:%M:%S.%fZ'
2026-08-12 23:24:53 | WARNING | Could not parse candle datetime '2026-01-13 10:59:00': time data '2026-01-13 10:59:00' does not match format '%Y-%m-%dT%H:%M:%S.%fZ'
2026-08-12 23:24:53 | WARNING | Could not parse candle datetime '2026-01-13 11:00:00': time data '2026-01-13 11:00:00' does not match format '%Y-%m-%dT%H:%M:%S.%fZ'
2026-08-12 23:24:53 | WARNING | Could not parse candle datetime '2026-01-13 11:01:00': time data '2026-01-13 11:01:00' does not match format '%Y-%m-%dT%H:%M:%S.%fZ'
2026-08-12 23:24:53 | WARNING | Could not parse candle datetime '2026-01-13 11:02:00': time data '2026-01-13 11:02:00' does not match format '%Y-%m-%dT%H:%M:%S.%fZ'
2026-08-12 23:24:53 | WARNING | Could not parse candle datetime '2026-01-13 11:03:00': time data '2026-01-13 11:03:00' does not match format '%Y-%m-%dT%H:%M:%S.%fZ'
2026-08-12 23:24:53 | WARNING | Could not parse candle datetime '2026-01-13 11:04:00': time data '2026-01-13 11:04:00' does not match format '%Y-%m-%dT%H:%M:%S.%fZ'
2026-08-12 23:24:53 | WARNING | Could not parse candle datetime '2026-01-13 11:05:00': time data '2026-01-13 11:05:00' does not match format '%Y-%m-%dT%H:%M:%S.%fZ'
2026-08-12 23:24:53 | WARNING | Could not parse candle datetime '2026-01-13 11:06:00': time data '2026-01-13 11:06:00' does not match format '%Y-%m-%dT%H:%M:%S.%fZ'
2026-08-12 23:24:53 | WARNING | Could not parse candle datetime '2026-01-13 11:07:00': time data '2026-01-13 11:07:00' does not match format '%Y-%m-%dT%H:%M:%S.%fZ'
2026-08-12 23:24:53 | WARNING | Could not parse candle datetime '2026-01-13 11:08:00': time data '2026-01-13 11:08:00' does not match format '%Y-%m-%dT%H:%M:%S.%fZ'
2026-08-12 23:24:53 | WARNING | Could not parse candle datetime '2026-01-13 11:09:00': time data '2026-01-13 11:09:00' does not match format '%Y-%m-%dT%H:%M:%S.%fZ'
2026-08-12 23:24:53 | WARNING | Could not parse candle datetime '2026-01-13 11:10:00': time data '2026-01-13 11:10:00' does not match format '%Y-%m-%dT%H:%M:%S.%fZ'
2026-08-12 23:24:53 | WARNING | Could not parse candle datetime '2026-01-13 11:11:00': time data '2026-01-13 11:11:00' does not match format '%Y-%m-%dT%H:%M:%S.%fZ'
2026-08-12 23:24:53 | WARNING | Could not parse candle datetime '2026-01-13 11:12:00': time data '2026-01-13 11:12:00' does not match format '%Y-%m-%dT%H:%M:%S.%fZ'
2026-08-12 23:24:53 | WARNING | Could not parse candle datetime '2026-01-13 11:13:00': time data '2026-01-13 11:13:00' does not match format '%Y-%m-%dT%H:%M:%S.%fZ'
2026-08-12 23:24:53 | WARNING | Could not parse candle datetime '2026-01-13 11:14:00': time data '2026-01-13 11:14:00' does not match format '%Y-%m-%dT%H:%M:%S.%fZ'
2026-08-12 23:24:53 | WARNING | Could not parse candle datetime '2026-01-13 11:15:00': time data '2026-01-13 11:15:00' does not match format '%Y-%m-%dT%H:%M:%S.%fZ'
2026-08-12 23:24:53 | WARNING | Could not parse candle datetime '2026-01-13 11:16:00': time data '2026-01-13 11:16:00' does not match format '%Y-%m-%dT%H:%M:%S.%fZ'
2026-08-12 23:24:53 | WARNING | Could not parse candle datetime '2026-01-13 11:17:00': time data '2026-01-13 11:17:00' does not match format '%Y-%m-%dT%H:%M:%S.%fZ'
2026-08-12 23:24:53 | WARNING | Could not parse candle datetime '2026-01-13 11:18:00': time data '2026-01-13 11:18:00' does not match format '%Y-%m-%dT%H:%M:%S.%fZ'
2026-08-12 23:24:53 | WARNING | Could not parse candle datetime '2026-01-13 11:19:00': time data '2026-01-13 11:19:00' does not match format '%Y-%m-%dT%H:%M:%S.%fZ'
2026-08-12 23:24:53 | WARNING | Could not parse candle datetime '2026-01-13 11:20:00': time data '2026-01-13 11:20:00' does not match format '%Y-%m-%dT%H:%M:%S.%fZ'
2026-08-12 23:24:53 | WARNING | Could not parse candle datetime '2026-01-13 11:21:00': time data '2026-01-13 11:21:00' does not match format '%Y-%m-%dT%H:%M:%S.%fZ'
2026-08-12 23:24:53 | WARNING | Could not parse candle datetime '2026-01-13 11:22:00': time data '2026-01-13 11:22:00' does not match format '%Y-%m-%dT%H:%M:%S.%fZ'
2026-08-12 23:24:53 | WARNING | Could not parse candle datetime '2026-01-13 11:23:00': time data '2026-01-13 11:23:00' does not match format '%Y-%m-%dT%H:%M:%S.%fZ'
2026-08-12 23:24:53 | WARNING | Could not parse candle datetime '2026-01-13 11:24:00': time data '2026-01-13 11:24:00' does not match format '%Y-%m-%dT%H:%M:%S.%fZ'
2026-08-12 23:24:53 | WARNING | Could not parse candle datetime '2026-01-13 11:25:00': time data '2026-01-13 11:25:00' does not match format '%Y-%m-%dT%H:%M:%S.%fZ'
2026-08-12 23:24:53 | WARNING | Could not parse candle datetime '2026-01-13 11:26:00': time data '2026-01-13 11:26:00' does not match format '%Y-%m-%dT%H:%M:%S.%fZ'
2026-08-12 23:24:53 | WARNING | Could not parse candle datetime '2026-01-13 11:27:00': time data '2026-01-13 11:27:00' does not match format '%Y-%m-%dT%H:%M:%S.%fZ'
2026-08-12 23:24:53 | WARNING | Could not parse candle datetime '2026-01-13 11:28:00': time data '2026-01-13 11:28:00' does not match format '%Y-%m-%dT%H:%M:%S.%fZ'
2026-08-12 23:24:53 | WARNING | Could not parse candle datetime '2026-01-13 11:29:00': time data '2026-01-13 11:29:00' does not match format '%Y-%m-%dT%H:%M:%S.%fZ'
2026-08-12 23:24:53 | WARNING | Could not parse candle datetime '2026-01-13 11:30:00': time data '2026-01-13 11:30:00' does not match format '%Y-%m-%dT%H:%M:%S.%fZ'
2026-08-12 23:24:53 | WARNING | Could not parse candle datetime '2026-01-13 11:31:00': time data '2026-01-13 11:31:00' does not match format '%Y-%m-%dT%H:%M:%S.%fZ'
2026-08-12 23:24:53 | WARNING | Could not parse candle datetime '2026-01-13 11:32:00': time data '2026-01-13 11:32:00' does not match format '%Y-%m-%dT%H:%M:%S.%fZ'
2026-08-12 23:24:53 | WARNING | Could not parse candle datetime '2026-01-13 11:33:00': time data '2026-01-13 11:33:00' does not match format '%Y-%m-%dT%H:%M:%S.%fZ'
2026-08-12 23:24:53 | WARNING | Could not parse candle datetime '2026-01-13 11:34:00': time data '2026-01-13 11:34:00' does not match format '%Y-%m-%dT%H:%M:%S.%fZ'
2026-08-12 23:24:53 | WARNING | Could not parse candle datetime '2026-01-13 11:35:00': time data '2026-01-13 11:35:00' does not match format '%Y-%m-%dT%H:%M:%S.%fZ'
2026-08-12 23:24:53 | WARNING | Could not parse candle datetime '2026-01-13 11:36:00': time data '2026-01-13 11:36:00' does not match format '%Y-%m-%dT%H:%M:%S.%fZ'
2026-08-12 23:24:53 | WARNING | Could not parse candle datetime '2026-01-13 11:37:00': time data '2026-01-13 11:37:00' does not match format '%Y-%m-%dT%H:%M:%S.%fZ'
2026-08-12 23:24:53 | WARNING | Could not parse candle datetime '2026-01-13 11:38:00': time data '2026-01-13 11:38:00' does not match format '%Y-%m-%dT%H:%M:%S.%fZ'
2026-08-12 23:24:53 | WARNING | Could not parse candle datetime '2026-01-13 11:39:00': time data '2026-01-13 11:39:00' does not match format '%Y-%m-%dT%H:%M:%S.%fZ'
2026-08-12 23:24:53 | WARNING | Could not parse candle datetime '2026-01-13 11:40:00': time data '2026-01-13 11:40:00' does not match format '%Y-%m-%dT%H:%M:%S.%fZ'
2026-08-12 23:24:53 | WARNING | Could not parse candle datetime '2026-01-13 11:41:00': time data '2026-01-13 11:41:00' does not match format '%Y-%m-%dT%H:%M:%S.%fZ'
2026-08-12 23:24:53 | WARNING | Could not parse candle datetime '2026-01-13 11:42:00': time data '2026-01-13 11:42:00' does not match format '%Y-%m-%dT%H:%M:%S.%fZ'
2026-08-12 23:24:53 | WARNING | Could not parse candle datetime '2026-01-13 11:43:00': time data '2026-01-13 11:43:00' does not match format '%Y-%m-%dT%H:%M:%S.%fZ'
2026-08-12 23:24:53 | WARNING | Could not parse candle datetime '2026-01-13 11:44:00': time data '2026-01-13 11:44:00' does not match format '%Y-%m-%dT%H:%M:%S.%fZ'
2026-08-12 23:24:53 | WARNING | Could not parse candle datetime '2026-01-13 11:45:00': time data '2026-01-13 11:45:00' does not match format '%Y-%m-%dT%H:%M:%S.%fZ'
2026-08-12 23:24:53 | WARNING | Could not parse candle datetime '2026-01-13 11:46:00': time data '2026-01-13 11:46:00' does not match format '%Y-%m-%dT%H:%M:%S.%fZ'
2026-08-12 23:24:53 | WARNING | Could not parse candle datetime '2026-01-13 11:47:00': time data '2026-01-13 11:47:00' does not match format '%Y-%m-%dT%H:%M:%S.%fZ'
2026-08-12 23:24:53 | WARNING | Could not parse candle datetime '2026-01-13 11:48:00': time data '2026-01-13 11:48:00' does not match format '%Y-%m-%dT%H:%M:%S.%fZ'
2026-08-12 23:24:53 | WARNING | Could not parse candle datetime '2026-01-13 11:49:00': time data '2026-01-13 11:49:00' does not match format '%Y-%m-%dT%H:%M:%S.%fZ'
2026-08-12 23:24:53 | WARNING | Could not parse candle datetime '2026-01-13 11:50:00': time data '2026-01-13 11:50:00' does not match format '%Y-%m-%dT%H:%M:%S.%fZ'
2026-08-12 23:24:53 | WARNING | Could not parse candle datetime '2026-01-13 11:51:00': time data '2026-01-13 11:51:00' does not match format '%Y-%m-%dT%H:%M:%S.%fZ'
2026-08-12 23:24:53 | WARNING | Could not parse candle datetime '2026-01-13 11:52:00': time data '2026-01-13 11:52:00' does not match format '%Y-%m-%dT%H:%M:%S.%fZ'
2026-08-12 23:24:53 | WARNING | Could not parse candle datetime '2026-01-13 11:53:00': time data '2026-01-13 11:53:00' does not match format '%Y-%m-%dT%H:%M:%S.%fZ'
2026-08-12 23:24:53 | WARNING | Could not parse candle datetime '2026-01-13 11:54:00': time data '2026-01-13 11:54:00' does not match format '%Y-%m-%dT%H:%M:%S.%fZ'
2026-08-12 23:24:53 | WARNING | Could not parse candle datetime '2026-01-13 11:55:00': time data '2026-01-13 11:55:00' does not match format '%Y-%m-%dT%H:%M:%S.%fZ'
2026-08-12 23:24:53 | WARNING | Could not parse candle datetime '2026-01-13 11:56:00': time data '2026-01-13 11:56:00' does not match format '%Y-%m-%dT%H:%M:%S.%fZ'
2026-08-12 23:24:53 | WARNING | Could not parse candle datetime '2026-01-13 11:57:00': time data '2026-01-13 11:57:00' does not match format '%Y-%m-%dT%H:%M:%S.%fZ'
2026-08-12 23:24:53 | WARNING | Could not parse candle datetime '2026-01-13 11:58:00': time data '2026-01-13 11:58:00' does not match format '%Y-%m-%dT%H:%M:%S.%fZ'
2026-08-12 23:24:53 | WARNING | Could not parse candle datetime '2026-01-13 11:59:00': time data '2026-01-13 11:59:00' does not match format '%Y-%m-%dT%H:%M:%S.%fZ'
2026-08-12 23:24:53 | WARNING | Could not parse candle datetime '2026-01-13 12:00:00': time data '2026-01-13 12:00:00' does not match format '%Y-%m-%dT%H:%M:%S.%fZ'
2026-08-12 23:24:53 | WARNING | Could not parse candle datetime '2026-01-13 12:01:00': time data '2026-01-13 12:01:00' does not match format '%Y-%m-%dT%H:%M:%S.%fZ'
2026-08-12 23:24:53 | WARNING | Could not parse candle datetime '2026-01-13 12:02:00': time data '2026-01-13 12:02:00' does not match format '%Y-%m-%dT%H:%M:%S.%fZ'
2026-08-12 23:24:53 | WARNING | Could not parse candle datetime '2026-01-13 12:03:00': time data '2026-01-13 12:03:00' does not match format '%Y-%m-%dT%H:%M:%S.%fZ'
2026-08-12 23:24:53 | WARNING | Could not parse candle datetime '2026-01-13 12:04:00': time data '2026-01-13 12:04:00' does not match format '%Y-%m-%dT%H:%M:%S.%fZ'
2026-08-12 23:24:53 | WARNING | Could not parse candle datetime '2026-01-13 12:05:00': time data '2026-01-13 12:05:00' does not match format '%Y-%m-%dT%H:%M:%S.%fZ'
2026-08-12 23:24:53 | WARNING | Could not parse candle datetime '2026-01-13 12:06:00': time data '2026-01-13 12:06:00' does not match format '%Y-%m-%dT%H:%M:%S.%fZ'
2026-08-12 23:24:53 | WARNING | Could not parse candle datetime '2026-01-13 12:07:00': time data '2026-01-13 12:07:00' does not match format '%Y-%m-%dT%H:%M:%S.%fZ'
2026-08-12 23:24:53 | WARNING | Could not parse candle datetime '2026-01-13 12:08:00': time data '2026-01-13 12:08:00' does not match format '%Y-%m-%dT%H:%M:%S.%fZ'
2026-08-12 23:24:53 | WARNING | Could not parse candle datetime '2026-01-13 12:09:00': time data '2026-01-13 12:09:00' does not match format '%Y-%m-%dT%H:%M:%S.%fZ'
2026-08-12 23:24:53 | WARNING | Could not parse candle datetime '2026-01-13 12:10:00': time data '2026-01-13 12:10:00' does not match format '%Y-%m-%dT%H:%M:%S.%fZ'
2026-08-12 23:24:53 | WARNING | Could not parse candle datetime '2026-01-13 12:11:00': time data '2026-01-13 12:11:00' does not match format '%Y-%m-%dT%H:%M:%S.%fZ'
2026-08-12 23:24:53 | WARNING | Could not parse candle datetime '2026-01-13 12:12:00': time data '2026-01-13 12:12:00' does not match format '%Y-%m-%dT%H:%M:%S.%fZ'
2026-08-12 23:24:53 | WARNING | Could not parse candle datetime '2026-01-13 12:13:00': time data '2026-01-13 12:13:00' does not match format '%Y-%m-%dT%H:%M:%S.%fZ'
2026-08-12 23:24:53 | WARNING | Could not parse candle datetime '2026-01-13 12:14:00': time data '2026-01-13 12:14:00' does not match format '%Y-%m-%dT%H:%M:%S.%fZ'
2026-08-12 23:24:53 | WARNING | Could not parse candle datetime '2026-01-13 12:15:00': time data '2026-01-13 12:15:00' does not match format '%Y-%m-%dT%H:%M:%S.%fZ'
2026-08-12 23:24:53 | WARNING | Could not parse candle datetime '2026-01-13 12:16:00': time data '2026-01-13 12:16:00' does not match format '%Y-%m-%dT%H:%M:%S.%fZ'
2026-08-12 23:24:53 | WARNING | Could not parse candle datetime '2026-01-13 12:17:00': time data '2026-01-13 12:17:00' does not match format '%Y-%m-%dT%H:%M:%S.%fZ'
2026-08-12 23:24:53 | WARNING | Could not parse candle datetime '2026-01-13 12:18:00': time data '2026-01-13 12:18:00' does not match format '%Y-%m-%dT%H:%M:%S.%fZ'
2026-08-12 23:24:53 | WARNING | Could not parse candle datetime '2026-01-13 12:19:00': time data '2026-01-13 12:19:00' does not match format '%Y-%m-%dT%H:%M:%S.%fZ'
2026-08-12 23:24:53 | WARNING | Could not parse candle datetime '2026-01-13 12:20:00': time data '2026-01-13 12:20:00' does not match format '%Y-%m-%dT%H:%M:%S.%fZ'
2026-08-12 23:24:53 | WARNING | Could not parse candle datetime '2026-01-13 12:21:00': time data '2026-01-13 12:21:00' does not match format '%Y-%m-%dT%H:%M:%S.%fZ'
2026-08-12 23:24:53 | WARNING | Could not parse candle datetime '2026-01-13 12:22:00': time data '2026-01-13 12:22:00' does not match format '%Y-%m-%dT%H:%M:%S.%fZ'
2026-08-12 23:24:53 | WARNING | Could not parse candle datetime '2026-01-13 12:23:00': time data '2026-01-13 12:23:00' does not match format '%Y-%m-%dT%H:%M:%S.%fZ'
2026-08-12 23:24:53 | WARNING | Could not parse candle datetime '2026-01-13 12:24:00': time data '2026-01-13 12:24:00' does not match format '%Y-%m-%dT%H:%M:%S.%fZ'
2026-08-12 23:24:53 | WARNING | Could not parse candle datetime '2026-01-13 12:25:00': time data '2026-01-13 12:25:00' does not match format '%Y-%m-%dT%H:%M:%S.%fZ'
2026-08-12 23:24:53 | WARNING | Could not parse candle datetime '2026-01-13 12:26:00': time data '2026-01-13 12:26:00' does not match format '%Y-%m-%dT%H:%M:%S.%fZ'
2026-08-12 23:24:53 | WARNING | Could not parse candle datetime '2026-01-13 12:27:00': time data '2026-01-13 12:27:00' does not match format '%Y-%m-%dT%H:%M:%S.%fZ'
2026-08-12 23:24:53 | WARNING | Could not parse candle datetime '2026-01-13 12:28:00': time data '2026-01-13 12:28:00' does not match format '%Y-%m-%dT%H:%M:%S.%fZ'
2026-08-12 23:24:53 | WARNING | Could not parse candle datetime '2026-01-13 12:29:00': time data '2026-01-13 12:29:00' does not match format '%Y-%m-%dT%H:%M:%S.%fZ'
2026-08-12 23:24:53 | WARNING | Could not parse candle datetime '2026-01-13 12:30:00': time data '2026-01-13 12:30:00' does not match format '%Y-%m-%dT%H:%M:%S.%fZ'
2026-08-12 23:24:53 | WARNING | Could not parse candle datetime '2026-01-13 12:31:00': time data '2026-01-13 12:31:00' does not match format '%Y-%m-%dT%H:%M:%S.%fZ'
2026-08-12 23:24:53 | WARNING | Could not parse candle datetime '2026-01-13 12:32:00': time data '2026-01-13 12:32:00' does not match format '%Y-%m-%dT%H:%M:%S.%fZ'
2026-08-12 23:24:53 | WARNING | Could not parse candle datetime '2026-01-13 12:33:00': time data '2026-01-13 12:33:00' does not match format '%Y-%m-%dT%H:%M:%S.%fZ'
2026-08-12 23:24:53 | WARNING | Could not parse candle datetime '2026-01-13 12:34:00': time data '2026-01-13 12:34:00' does not match format '%Y-%m-%dT%H:%M:%S.%fZ'
2026-08-12 23:24:53 | WARNING | Could not parse candle datetime '2026-01-13 12:35:00': time data '2026-01-13 12:35:00' does not match format '%Y-%m-%dT%H:%M:%S.%fZ'
2026-08-12 23:24:53 | WARNING | Could not parse candle datetime '2026-01-13 12:36:00': time data '2026-01-13 12:36:00' does not match format '%Y-%m-%dT%H:%M:%S.%fZ'
2026-08-12 23:24:53 | WARNING | Could not parse candle datetime '2026-01-13 12:37:00': time data '2026-01-13 12:37:00' does not match format '%Y-%m-%dT%H:%M:%S.%fZ'
2026-08-12 23:24:53 | WARNING | Could not parse candle datetime '2026-01-13 12:38:00': time data '2026-01-13 12:38:00' does not match format '%Y-%m-%dT%H:%M:%S.%fZ'
2026-08-12 23:24:53 | WARNING | Could not parse candle datetime '2026-01-13 12:39:00': time data '2026-01-13 12:39:00' does not match format '%Y-%m-%dT%H:%M:%S.%fZ'
2026-08-12 23:24:53 | WARNING | Could not parse candle datetime '2026-01-13 12:40:00': time data '2026-01-13 12:40:00' does not match format '%Y-%m-%dT%H:%M:%S.%fZ'
2026-08-12 23:24:53 | WARNING | Could not parse candle datetime '2026-01-13 12:41:00': time data '2026-01-13 12:41:00' does not match format '%Y-%m-%dT%H:%M:%S.%fZ'
2026-08-12 23:24:53 | WARNING | Could not parse candle datetime '2026-01-13 12:42:00': time data '2026-01-13 12:42:00' does not match format '%Y-%m-%dT%H:%M:%S.%fZ'
2026-08-12 23:24:53 | WARNING | Could not parse candle datetime '2026-01-13 12:43:00': time data '2026-01-13 12:43:00' does not match format '%Y-%m-%dT%H:%M:%S.%fZ'
2026-08-12 23:24:53 | WARNING | Could not parse candle datetime '2026-01-13 12:44:00': time data '2026-01-13 12:44:00' does not match format '%Y-%m-%dT%H:%M:%S.%fZ'
2026-08-12 23:24:53 | WARNING | Could not parse candle datetime '2026-01-13 12:45:00': time data '2026-01-13 12:45:00' does not match format '%Y-%m-%dT%H:%M:%S.%fZ'
2026-08-12 23:24:53 | WARNING | Could not parse candle datetime '2026-01-13 12:46:00': time data '2026-01-13 12:46:00' does not match format '%Y-%m-%dT%H:%M:%S.%fZ'
2026-08-12 23:24:53 | WARNING | Could not parse candle datetime '2026-01-13 12:47:00': time data '2026-01-13 12:47:00' does not match format '%Y-%m-%dT%H:%M:%S.%fZ'
2026-08-12 23:24:53 | WARNING | Could not parse candle datetime '2026-01-13 12:48:00': time data '2026-01-13 12:48:00' does not match format '%Y-%m-%dT%H:%M:%S.%fZ'
2026-08-12 23:24:53 | WARNING | Could not parse candle datetime '2026-01-13 12:49:00': time data '2026-01-13 12:49:00' does not match format '%Y-%m-%dT%H:%M:%S.%fZ'
2026-08-12 23:24:53 | WARNING | Could not parse candle datetime '2026-01-13 12:50:00': time data '2026-01-13 12:50:00' does not match format '%Y-%m-%dT%H:%M:%S.%fZ'
2026-08-12 23:24:53 | WARNING | Could not parse candle datetime '2026-01-13 12:51:00': time data '2026-01-13 12:51:00' does not match format '%Y-%m-%dT%H:%M:%S.%fZ'
2026-08-12 23:24:53 | WARNING | Could not parse candle datetime '2026-01-13 12:52:00': time data '2026-01-13 12:52:00' does not match format '%Y-%m-%dT%H:%M:%S.%fZ'
2026-08-12 23:24:53 | WARNING | Could not parse candle datetime '2026-01-13 12:53:00': time data '2026-01-13 12:53:00' does not match format '%Y-%m-%dT%H:%M:%S.%fZ'
2026-08-12 23:24:53 | WARNING | Could not parse candle datetime '2026-01-13 12:54:00': time data '2026-01-13 12:54:00' does not match format '%Y-%m-%dT%H:%M:%S.%fZ'
2026-08-12 23:24:53 | WARNING | Could not parse candle datetime '2026-01-13 12:55:00': time data '2026-01-13 12:55:00' does not match format '%Y-%m-%dT%H:%M:%S.%fZ'
2026-08-12 23:24:53 | WARNING | Could not parse candle datetime '2026-01-13 12:56:00': time data '2026-01-13 12:56:00' does not match format '%Y-%m-%dT%H:%M:%S.%fZ'
2026-08-12 23:24:53 | WARNING | Could not parse candle datetime '2026-01-13 12:57:00': time data '2026-01-13 12:57:00' does not match format '%Y-%m-%dT%H:%M:%S.%fZ'
2026-08-12 23:24:53 | WARNING | Could not parse candle datetime '2026-01-13 12:58:00': time data '2026-01-13 12:58:00' does not match format '%Y-%m-%dT%H:%M:%S.%fZ'
2026-08-12 23:24:53 | WARNING | Could not parse candle datetime '2026-01-13 12:59:00': time data '2026-01-13 12:59:00' does not match format '%Y-%m-%dT%H:%M:%S.%fZ'
2026-08-12 23:24:53 | WARNING | Could not parse candle datetime '2026-01-13 13:00:00': time data '2026-01-13 13:00:00' does not match format '%Y-%m-%dT%H:%M:%S.%fZ'
2026-08-12 23:24:53 | WARNING | Could not parse candle datetime '2026-01-13 13:01:00': time data '2026-01-13 13:01:00' does not match format '%Y-%m-%dT%H:%M:%S.%fZ'
2026-08-12 23:24:53 | WARNING | Could not parse candle datetime '2026-01-13 13:02:00': time data '2026-01-13 13:02:00' does not match format '%Y-%m-%dT%H:%M:%S.%fZ'
2026-08-12 23:24:53 | WARNING | Could not parse candle datetime '2026-01-13 13:03:00': time data '2026-01-13 13:03:00' does not match format '%Y-%m-%dT%H:%M:%S.%fZ'
2026-08-12 23:24:53 | WARNING | Could not parse candle datetime '2026-01-13 13:04:00': time data '2026-01-13 13:04:00' does not match format '%Y-%m-%dT%H:%M:%S.%fZ'
2026-08-12 23:24:53 | WARNING | Could not parse candle datetime '2026-01-13 13:05:00': time data '2026-01-13 13:05:00' does not match format '%Y-%m-%dT%H:%M:%S.%fZ'
2026-08-12 23:24:53 | WARNING | Could not parse candle datetime '2026-01-13 13:06:00': time data '2026-01-13 13:06:00' does not match format '%Y-%m-%dT%H:%M:%S.%fZ'
2026-08-12 23:24:53 | WARNING | Could not parse candle datetime '2026-01-13 13:07:00': time data '2026-01-13 13:07:00' does not match format '%Y-%m-%dT%H:%M:%S.%fZ'
2026-08-12 23:24:53 | WARNING | Could not parse candle datetime '2026-01-13 13:08:00': time data '2026-01-13 13:08:00' does not match format '%Y-%m-%dT%H:%M:%S.%fZ'
2026-08-12 23:24:53 | WARNING | Could not parse candle datetime '2026-01-13 13:09:00': time data '2026-01-13 13:09:00' does not match format '%Y-%m-%dT%H:%M:%S.%fZ'
2026-08-12 23:24:53 | WARNING | Could not parse candle datetime '2026-01-13 13:10:00': time data '2026-01-13 13:10:00' does not match format '%Y-%m-%dT%H:%M:%S.%fZ'
2026-08-12 23:24:53 | WARNING | Could not parse candle datetime '2026-01-13 13:11:00': time data '2026-01-13 13:11:00' does not match format '%Y-%m-%dT%H:%M:%S.%fZ'
2026-08-12 23:24:53 | WARNING | Could not parse candle datetime '2026-01-13 13:12:00': time data '2026-01-13 13:12:00' does not match format '%Y-%m-%dT%H:%M:%S.%fZ'
2026-08-12 23:24:53 | WARNING | Could not parse candle datetime '2026-01-13 13:13:00': time data '2026-01-13 13:13:00' does not match format '%Y-%m-%dT%H:%M:%S.%fZ'
2026-08-12 23:24:53 | WARNING | Could not parse candle datetime '2026-01-13 13:14:00': time data '2026-01-13 13:14:00' does not match format '%Y-%m-%dT%H:%M:%S.%fZ'
2026-08-12 23:24:53 | WARNING | Could not parse candle datetime '2026-01-13 13:15:00': time data '2026-01-13 13:15:00' does not match format '%Y-%m-%dT%H:%M:%S.%fZ'
2026-08-12 23:24:53 | WARNING | Could not parse candle datetime '2026-01-13 13:16:00': time data '2026-01-13 13:16:00' does not match format '%Y-%m-%dT%H:%M:%S.%fZ'
2026-08-12 23:24:53 | WARNING | Could not parse candle datetime '2026-01-13 13:17:00': time data '2026-01-13 13:17:00' does not match format '%Y-%m-%dT%H:%M:%S.%fZ'
2026-08-12 23:24:53 | WARNING | Could not parse candle datetime '2026-01-13 13:18:00': time data '2026-01-13 13:18:00' does not match format '%Y-%m-%dT%H:%M:%S.%fZ'
2026-08-12 23:24:53 | WARNING | Could not parse candle datetime '2026-01-13 13:19:00': time data '2026-01-13 13:19:00' does not match format '%Y-%m-%dT%H:%M:%S.%fZ'
2026-08-12 23:24:53 | WARNING | Could not parse candle datetime '2026-01-13 13:20:00': time data '2026-01-13 13:20:00' does not match format '%Y-%m-%dT%H:%M:%S.%fZ'
2026-08-12 23:24:53 | WARNING | Could not parse candle datetime '2026-01-13 13:21:00': time data '2026-01-13 13:21:00' does not match format '%Y-%m-%dT%H:%M:%S.%fZ'
2026-08-12 23:24:53 | WARNING | Could not parse candle datetime '2026-01-13 13:22:00': time data '2026-01-13 13:22:00' does not match format '%Y-%m-%dT%H:%M:%S.%fZ'
2026-08-12 23:24:53 | WARNING | Could not parse candle datetime '2026-01-13 13:23:00': time data '2026-01-13 13:23:00' does not match format '%Y-%m-%dT%H:%M:%S.%fZ'
2026-08-12 23:24:53 | WARNING | Could not parse candle datetime '2026-01-13 13:24:00': time data '2026-01-13 13:24:00' does not match format '%Y-%m-%dT%H:%M:%S.%fZ'
2026-08-12 23:24:53 | WARNING | Could not parse candle datetime '2026-01-13 13:25:00': time data '2026-01-13 13:25:00' does not match format '%Y-%m-%dT%H:%M:%S.%fZ'
2026-08-12 23:24:53 | WARNING | Could not parse candle datetime '2026-01-13 13:26:00': time data '2026-01-13 13:26:00' does not match format '%Y-%m-%dT%H:%M:%S.%fZ'
2026-08-12 23:24:53 | WARNING | Could not parse candle datetime '2026-01-13 13:27:00': time data '2026-01-13 13:27:00' does not match format '%Y-%m-%dT%H:%M:%S.%fZ'
2026-08-12 23:24:53 | WARNING | Could not parse candle datetime '2026-01-13 13:28:00': time data '2026-01-13 13:28:00' does not match format '%Y-%m-%dT%H:%M:%S.%fZ'
2026-08-12 23:24:53 | WARNING | Could not parse candle datetime '2026-01-13 13:29:00': time data '2026-01-13 13:29:00' does not match format '%Y-%m-%dT%H:%M:%S.%fZ'
2026-08-12 23:24:53 | WARNING | Could not parse candle datetime '2026-01-13 13:30:00': time data '2026-01-13 13:30:00' does not match format '%Y-%m-%dT%H:%M:%S.%fZ'
2026-08-12 23:24:53 | WARNING | Could not parse candle datetime '2026-01-13 13:31:00': time data '2026-01-13 13:31:00' does not match format '%Y-%m-%dT%H:%M:%S.%fZ'
2026-08-12 23:24:53 | WARNING | Could not parse candle datetime '2026-01-13 13:32:00': time data '2026-01-13 13:32:00' does not match format '%Y-%m-%dT%H:%M:%S.%fZ'
2026-08-12 23:24:53 | WARNING | Could not parse candle datetime '2026-01-13 13:33:00': time data '2026-01-13 13:33:00' does not match format '%Y-%m-%dT%H:%M:%S.%fZ'
2026-08-12 23:24:53 | WARNING | Could not parse candle datetime '2026-01-13 13:34:00': time data '2026-01-13 13:34:00' does not match format '%Y-%m-%dT%H:%M:%S.%fZ'
2026-08-12 23:24:53 | WARNING | Could not parse candle datetime '2026-01-13 13:35:00': time data '2026-01-13 13:35:00' does not match format '%Y-%m-%dT%H:%M:%S.%fZ'
2026-08-12 23:24:53 | WARNING | Could not parse candle datetime '2026-01-13 13:36:00': time data '2026-01-13 13:36:00' does not match format '%Y-%m-%dT%H:%M:%S.%fZ'
2026-08-12 23:24:53 | WARNING | Could not parse candle datetime '2026-01-13 13:37:00': time data '2026-01-13 13:37:00' does not match format '%Y-%m-%dT%H:%M:%S.%fZ'
2026-08-12 23:24:53 | WARNING | Could not parse candle datetime '2026-01-13 13:38:00': time data '2026-01-13 13:38:00' does not match format '%Y-%m-%dT%H:%M:%S.%fZ'
2026-08-12 23:24:53 | WARNING | Could not parse candle datetime '2026-01-13 13:39:00': time data '2026-01-13 13:39:00' does not match format '%Y-%m-%dT%H:%M:%S.%fZ'
2026-08-12 23:24:53 | WARNING | Could not parse candle datetime '2026-01-13 13:40:00': time data '2026-01-13 13:40:00' does not match format '%Y-%m-%dT%H:%M:%S.%fZ'
2026-08-12 23:24:53 | WARNING | Could not parse candle datetime '2026-01-13 13:41:00': time data '2026-01-13 13:41:00' does not match format '%Y-%m-%dT%H:%M:%S.%fZ'
2026-08-12 23:24:53 | WARNING | Could not parse candle datetime '2026-01-13 13:42:00': time data '2026-01-13 13:42:00' does not match format '%Y-%m-%dT%H:%M:%S.%fZ'
2026-08-12 23:24:53 | WARNING | Could not parse candle datetime '2026-01-13 13:43:00': time data '2026-01-13 13:43:00' does not match format '%Y-%m-%dT%H:%M:%S.%fZ'
2026-08-12 23:24:53 | WARNING | Could not parse candle datetime '2026-01-13 13:44:00': time data '2026-01-13 13:44:00' does not match format '%Y-%m-%dT%H:%M:%S.%fZ'
2026-08-12 23:24:53 | WARNING | Could not parse candle datetime '2026-01-13 13:45:00': time data '2026-01-13 13:45:00' does not match format '%Y-%m-%dT%H:%M:%S.%fZ'
2026-08-12 23:24:53 | WARNING | Could not parse candle datetime '2026-01-13 13:46:00': time data '2026-01-13 13:46:00' does not match format '%Y-%m-%dT%H:%M:%S.%fZ'
2026-08-12 23:24:53 | WARNING | Could not parse candle datetime '2026-01-13 13:47:00': time data '2026-01-13 13:47:00' does not match format '%Y-%m-%dT%H:%M:%S.%fZ'
2026-08-12 23:24:53 | WARNING | Could not parse candle datetime '2026-01-13 13:48:00': time data '2026-01-13 13:48:00' does not match format '%Y-%m-%dT%H:%M:%S.%fZ'
2026-08-12 23:24:53 | WARNING | Could not parse candle datetime '2026-01-13 13:49:00': time data '2026-01-13 13:49:00' does not match format '%Y-%m-%dT%H:%M:%S.%fZ'
2026-08-12 23:24:53 | WARNING | Could not parse candle datetime '2026-01-13 13:50:00': time data '2026-01-13 13:50:00' does not match format '%Y-%m-%dT%H:%M:%S.%fZ'
2026-08-12 23:24:53 | WARNING | Could not parse candle datetime '2026-01-13 13:51:00': time data '2026-01-13 13:51:00' does not match format '%Y-%m-%dT%H:%M:%S.%fZ'
2026-08-12 23:24:53 | WARNING | Could not parse candle datetime '2026-01-13 13:52:00': time data '2026-01-13 13:52:00' does not match format '%Y-%m-%dT%H:%M:%S.%fZ'
2026-08-12 23:24:53 | WARNING | Could not parse candle datetime '2026-01-13 13:53:00': time data '2026-01-13 13:53:00' does not match format '%Y-%m-%dT%H:%M:%S.%fZ'
2026-08-12 23:24:53 | WARNING | Could not parse candle datetime '2026-01-13 13:54:00': time data '2026-01-13 13:54:00' does not match format '%Y-%m-%dT%H:%M:%S.%fZ'
2026-08-12 23:24:53 | WARNING | Could not parse candle datetime '2026-01-13 13:55:00': time data '2026-01-13 13:55:00' does not match format '%Y-%m-%dT%H:%M:%S.%fZ'
2026-08-12 23:24:53 | WARNING | Could not parse candle datetime '2026-01-13 13:56:00': time data '2026-01-13 13:56:00' does not match format '%Y-%m-%dT%H:%M:%S.%fZ'
2026-08-12 23:24:53 | WARNING | Could not parse candle datetime '2026-01-13 13:57:00': time data '2026-01-13 13:57:00' does not match format '%Y-%m-%dT%H:%M:%S.%fZ'
2026-08-12 23:24:53 | WARNING | Could not parse candle datetime '2026-01-13 13:58:00': time data '2026-01-13 13:58:00' does not match format '%Y-%m-%dT%H:%M:%S.%fZ'
2026-08-12 23:24:53 | WARNING | Could not parse candle datetime '2026-01-13 13:59:00': time data '2026-01-13 13:59:00' does not match format '%Y-%m-%dT%H:%M:%S.%fZ'
2026-08-12 23:24:53 | WARNING | Could not parse candle datetime '2026-01-13 14:00:00': time data '2026-01-13 14:00:00' does not match format '%Y-%m-%dT%H:%M:%S.%fZ'
2026-08-12 23:24:53 | WARNING | Could not parse candle datetime '2026-01-13 14:01:00': time data '2026-01-13 14:01:00' does not match format '%Y-%m-%dT%H:%M:%S.%fZ'
2026-08-12 23:24:53 | WARNING | Could not parse candle datetime '2026-01-13 14:02:00': time data '2026-01-13 14:02:00' does not match format '%Y-%m-%dT%H:%M:%S.%fZ'
2026-08-12 23:24:53 | WARNING | Could not parse candle datetime '2026-01-13 14:03:00': time data '2026-01-13 14:03:00' does not match format '%Y-%m-%dT%H:%M:%S.%fZ'
2026-08-12 23:24:53 | WARNING | Could not parse candle datetime '2026-01-13 14:04:00': time data '2026-01-13 14:04:00' does not match format '%Y-%m-%dT%H:%M:%S.%fZ'
2026-08-12 23:24:53 | WARNING | Could not parse candle datetime '2026-01-13 14:05:00': time data '2026-01-13 14:05:00' does not match format '%Y-%m-%dT%H:%M:%S.%fZ'
2026-08-12 23:24:53 | WARNING | Could not parse candle datetime '2026-01-13 14:06:00': time data '2026-01-13 14:06:00' does not match format '%Y-%m-%dT%H:%M:%S.%fZ'
2026-08-12 23:24:53 | WARNING | Could not parse candle datetime '2026-01-13 14:07:00': time data '2026-01-13 14:07:00' does not match format '%Y-%m-%dT%H:%M:%S.%fZ'
2026-08-12 23:24:53 | WARNING | Could not parse candle datetime '2026-01-13 14:08:00': time data '2026-01-13 14:08:00' does not match format '%Y-%m-%dT%H:%M:%S.%fZ'
2026-08-12 23:24:53 | WARNING | Could not parse candle datetime '2026-01-13 14:09:00': time data '2026-01-13 14:09:00' does not match format '%Y-%m-%dT%H:%M:%S.%fZ'
2026-08-12 23:24:53 | WARNING | Could not parse candle datetime '2026-01-13 14:10:00': time data '2026-01-13 14:10:00' does not match format '%Y-%m-%dT%H:%M:%S.%fZ'
2026-08-12 23:24:53 | WARNING | Could not parse candle datetime '2026-01-13 14:11:00': time data '2026-01-13 14:11:00' does not match format '%Y-%m-%dT%H:%M:%S.%fZ'
2026-08-12 23:24:53 | WARNING | Could not parse candle datetime '2026-01-13 14:12:00': time data '2026-01-13 14:12:00' does not match format '%Y-%m-%dT%H:%M:%S.%fZ'
2026-08-12 23:24:53 | WARNING | Could not parse candle datetime '2026-01-13 14:13:00': time data '2026-01-13 14:13:00' does not match format '%Y-%m-%dT%H:%M:%S.%fZ'
2026-08-12 23:24:53 | WARNING | Could not parse candle datetime '2026-01-13 14:14:00': time data '2026-01-13 14:14:00' does not match format '%Y-%m-%dT%H:%M:%S.%fZ'
2026-08-12 23:24:53 | WARNING | Could not parse candle datetime '2026-01-13 14:15:00': time data '2026-01-13 14:15:00' does not match format '%Y-%m-%dT%H:%M:%S.%fZ'
2026-08-12 23:24:53 | WARNING | Could not parse candle datetime '2026-01-13 14:16:00': time data '2026-01-13 14:16:00' does not match format '%Y-%m-%dT%H:%M:%S.%fZ'
2026-08-12 23:24:53 | WARNING | Could not parse candle datetime '2026-01-13 14:17:00': time data '2026-01-13 14:17:00' does not match format '%Y-%m-%dT%H:%M:%S.%fZ'
2026-08-12 23:24:53 | WARNING | Could not parse candle datetime '2026-01-13 14:18:00': time data '2026-01-13 14:18:00' does not match format '%Y-%m-%dT%H:%M:%S.%fZ'
2026-08-12 23:24:53 | WARNING | Could not parse candle datetime '2026-01-13 14:19:00': time data '2026-01-13 14:19:00' does not match format '%Y-%m-%dT%H:%M:%S.%fZ'
2026-08-12 23:24:53 | WARNING | Could not parse candle datetime '2026-01-13 14:20:00': time data '2026-01-13 14:20:00' does not match format '%Y-%m-%dT%H:%M:%S.%fZ'
2026-08-12 23:24:53 | WARNING | Could not parse candle datetime '2026-01-13 14:21:00': time data '2026-01-13 14:21:00' does not match format '%Y-%m-%dT%H:%M:%S.%fZ'
2026-08-12 23:24:53 | WARNING | Could not parse candle datetime '2026-01-13 14:22:00': time data '2026-01-13 14:22:00' does not match format '%Y-%m-%dT%H:%M:%S.%fZ'
2026-08-12 23:24:53 | WARNING | Could not parse candle datetime '2026-01-13 14:23:00': time data '2026-01-13 14:23:00' does not match format '%Y-%m-%dT%H:%M:%S.%fZ'
2026-08-12 23:24:53 | WARNING | Could not parse candle datetime '2026-01-13 14:24:00': time data '2026-01-13 14:24:00' does not match format '%Y-%m-%dT%H:%M:%S.%fZ'
2026-08-12 23:24:53 | WARNING | Could not parse candle datetime '2026-01-13 14:25:00': time data '2026-01-13 14:25:00' does not match format '%Y-%m-%dT%H:%M:%S.%fZ'
2026-08-12 23:24:53 | WARNING | Could not parse candle datetime '2026-01-13 14:26:00': time data '2026-01-13 14:26:00' does not match format '%Y-%m-%dT%H:%M:%S.%fZ'
2026-08-12 23:24:53 | WARNING | Could not parse candle datetime '2026-01-13 14:27:00': time data '2026-01-13 14:27:00' does not match format '%Y-%m-%dT%H:%M:%S.%fZ'
2026-08-12 23:24:53 | WARNING | Could not parse candle datetime '2026-01-13 14:28:00': time data '2026-01-13 14:28:00' does not match format '%Y-%m-%dT%H:%M:%S.%fZ'
2026-08-12 23:24:53 | WARNING | Could not parse candle datetime '2026-01-13 14:29:00': time data '2026-01-13 14:29:00' does not match format '%Y-%m-%dT%H:%M:%S.%fZ'
2026-08-12 23:24:53 | WARNING | Could not parse candle datetime '2026-01-13 14:30:00': time data '2026-01-13 14:30:00' does not match format '%Y-%m-%dT%H:%M:%S.%fZ'
2026-08-12 23:24:53 | WARNING | Could not parse candle datetime '2026-01-13 14:31:00': time data '2026-01-13 14:31:00' does not match format '%Y-%m-%dT%H:%M:%S.%fZ'
2026-08-12 23:24:53 | WARNING | Could not parse candle datetime '2026-01-13 14:32:00': time data '2026-01-13 14:32:00' does not match format '%Y-%m-%dT%H:%M:%S.%fZ'
2026-08-12 23:24:53 | WARNING | Could not parse candle datetime '2026-01-13 14:33:00': time data '2026-01-13 14:33:00' does not match format '%Y-%m-%dT%H:%M:%S.%fZ'
2026-08-12 23:24:53 | WARNING | Could not parse candle datetime '2026-01-13 14:34:00': time data '2026-01-13 14:34:00' does not match format '%Y-%m-%dT%H:%M:%S.%fZ'
2026-08-12 23:24:53 | WARNING | Could not parse candle datetime '2026-01-13 14:35:00': time data '2026-01-13 14:35:00' does not match format '%Y-%m-%dT%H:%M:%S.%fZ'
2026-08-12 23:24:53 | WARNING | Could not parse candle datetime '2026-01-13 14:36:00': time data '2026-01-13 14:36:00' does not match format '%Y-%m-%dT%H:%M:%S.%fZ'
2026-08-12 23:24:53 | WARNING | Could not parse candle datetime '2026-01-13 14:37:00': time data '2026-01-13 14:37:00' does not match format '%Y-%m-%dT%H:%M:%S.%fZ'
2026-08-12 23:24:53 | WARNING | Could not parse candle datetime '2026-01-13 14:38:00': time data '2026-01-13 14:38:00' does not match format '%Y-%m-%dT%H:%M:%S.%fZ'
2026-08-12 23:24:53 | WARNING | Could not parse candle datetime '2026-01-13 14:39:00': time data '2026-01-13 14:39:00' does not match format '%Y-%m-%dT%H:%M:%S.%fZ'
2026-08-12 23:24:53 | WARNING | Could not parse candle datetime '2026-01-13 14:40:00': time data '2026-01-13 14:40:00' does not match format '%Y-%m-%dT%H:%M:%S.%fZ'
2026-08-12 23:24:53 | WARNING | Could not parse candle datetime '2026-01-13 14:41:00': time data '2026-01-13 14:41:00' does not match format '%Y-%m-%dT%H:%M:%S.%fZ'
2026-08-12 23:24:53 | WARNING | Could not parse candle datetime '2026-01-13 14:42:00': time data '2026-01-13 14:42:00' does not match format '%Y-%m-%dT%H:%M:%S.%fZ'
2026-08-12 23:24:53 | WARNING | Could not parse candle datetime '2026-01-13 14:43:00': time data '2026-01-13 14:43:00' does not match format '%Y-%m-%dT%H:%M:%S.%fZ'
2026-08-12 23:24:53 | WARNING | Could not parse candle datetime '2026-01-13 14:44:00': time data '2026-01-13 14:44:00' does not match format '%Y-%m-%dT%H:%M:%S.%fZ'
2026-08-12 23:24:53 | WARNING | Could not parse candle datetime '2026-01-13 14:45:00': time data '2026-01-13 14:45:00' does not match format '%Y-%m-%dT%H:%M:%S.%fZ'
2026-08-12 23:24:53 | WARNING | Could not parse candle datetime '2026-01-13 14:46:00': time data '2026-01-13 14:46:00' does not match format '%Y-%m-%dT%H:%M:%S.%fZ'
2026-08-12 23:24:53 | WARNING | Could not parse candle datetime '2026-01-13 14:47:00': time data '2026-01-13 14:47:00' does not match format '%Y-%m-%dT%H:%M:%S.%fZ'
2026-08-12 23:24:53 | WARNING | Could not parse candle datetime '2026-01-13 14:48:00': time data '2026-01-13 14:48:00' does not match format '%Y-%m-%dT%H:%M:%S.%fZ'
2026-08-12 23:24:53 | WARNING | Could not parse candle datetime '2026-01-13 14:49:00': time data '2026-01-13 14:49:00' does not match format '%Y-%m-%dT%H:%M:%S.%fZ'
2026-08-12 23:24:53 | WARNING | Could not parse candle datetime '2026-01-13 14:50:00': time data '2026-01-13 14:50:00' does not match format '%Y-%m-%dT%H:%M:%S.%fZ'
2026-08-12 23:24:53 | WARNING | Could not parse candle datetime '2026-01-13 14:51:00': time data '2026-01-13 14:51:00' does not match format '%Y-%m-%dT%H:%M:%S.%fZ'
2026-08-12 23:24:53 | WARNING | Could not parse candle datetime '2026-01-13 14:52:00': time data '2026-01-13 14:52:00' does not match format '%Y-%m-%dT%H:%M:%S.%fZ'
2026-08-12 23:24:53 | WARNING | Could not parse candle datetime '2026-01-13 14:53:00': time data '2026-01-13 14:53:00' does not match format '%Y-%m-%dT%H:%M:%S.%fZ'
2026-08-12 23:24:53 | WARNING | Could not parse candle datetime '2026-01-13 14:54:00': time data '2026-01-13 14:54:00' does not match format '%Y-%m-%dT%H:%M:%S.%fZ'
2026-08-12 23:24:53 | WARNING | Could not parse candle datetime '2026-01-13 14:55:00': time data '2026-01-13 14:55:00' does not match format '%Y-%m-%dT%H:%M:%S.%fZ'
2026-08-12 23:24:53 | WARNING | Could not parse candle datetime '2026-01-13 14:56:00': time data '2026-01-13 14:56:00' does not match format '%Y-%m-%dT%H:%M:%S.%fZ'
2026-08-12 23:24:53 | WARNING | Could not parse candle datetime '2026-01-13 14:57:00': time data '2026-01-13 14:57:00' does not match format '%Y-%m-%dT%H:%M:%S.%fZ'
2026-08-12 23:24:53 | WARNING | Could not parse candle datetime '2026-01-13 14:58:00': time data '2026-01-13 14:58:00' does not match format '%Y-%m-%dT%H:%M:%S.%fZ'
2026-08-12 23:24:53 | WARNING | Could not parse candle datetime '2026-01-13 14:59:00': time data '2026-01-13 14:59:00' does not match format '%Y-%m-%dT%H:%M:%S.%fZ'
2026-08-12 23:24:53 | WARNING | Could not parse candle datetime '2026-01-13 15:00:00': time data '2026-01-13 15:00:00' does not match format '%Y-%m-%dT%H:%M:%S.%fZ'
2026-08-12 23:24:53 | WARNING | Could not parse candle datetime '2026-01-13 15:01:00': time data '2026-01-13 15:01:00' does not match format '%Y-%m-%dT%H:%M:%S.%fZ'
2026-08-12 23:24:53 | WARNING | Could not parse candle datetime '2026-01-13 15:02:00': time data '2026-01-13 15:02:00' does not match format '%Y-%m-%dT%H:%M:%S.%fZ'
2026-08-12 23:24:53 | WARNING | Could not parse candle datetime '2026-01-13 15:03:00': time data '2026-01-13 15:03:00' does not match format '%Y-%m-%dT%H:%M:%S.%fZ'
2026-08-12 23:24:53 | WARNING | Could not parse candle datetime '2026-01-13 15:04:00': time data '2026-01-13 15:04:00' does not match format '%Y-%m-%dT%H:%M:%S.%fZ'
2026-08-12 23:24:53 | WARNING | Could not parse candle datetime '2026-01-13 15:05:00': time data '2026-01-13 15:05:00' does not match format '%Y-%m-%dT%H:%M:%S.%fZ'
2026-08-12 23:24:53 | WARNING | Could not parse candle datetime '2026-01-13 15:06:00': time data '2026-01-13 15:06:00' does not match format '%Y-%m-%dT%H:%M:%S.%fZ'
2026-08-12 23:24:53 | WARNING | Could not parse candle datetime '2026-01-13 15:07:00': time data '2026-01-13 15:07:00' does not match format '%Y-%m-%dT%H:%M:%S.%fZ'
2026-08-12 23:24:53 | WARNING | Could not parse candle datetime '2026-01-13 15:08:00': time data '2026-01-13 15:08:00' does not match format '%Y-%m-%dT%H:%M:%S.%fZ'
2026-08-12 23:24:53 | WARNING | Could not parse candle datetime '2026-01-13 15:09:00': time data '2026-01-13 15:09:00' does not match format '%Y-%m-%dT%H:%M:%S.%fZ'
2026-08-12 23:24:53 | WARNING | Could not parse candle datetime '2026-01-13 15:10:00': time data '2026-01-13 15:10:00' does not match format '%Y-%m-%dT%H:%M:%S.%fZ'
2026-08-12 23:24:53 | WARNING | Could not parse candle datetime '2026-01-13 15:11:00': time data '2026-01-13 15:11:00' does not match format '%Y-%m-%dT%H:%M:%S.%fZ'
2026-08-12 23:24:53 | WARNING | Could not parse candle datetime '2026-01-13 15:12:00': time data '2026-01-13 15:12:00' does not match format '%Y-%m-%dT%H:%M:%S.%fZ'
2026-08-12 23:24:53 | WARNING | Could not parse candle datetime '2026-01-13 15:13:00': time data '2026-01-13 15:13:00' does not match format '%Y-%m-%dT%H:%M:%S.%fZ'
2026-08-12 23:24:53 | WARNING | Could not parse candle datetime '2026-01-13 15:14:00': time data '2026-01-13 15:14:00' does not match format '%Y-%m-%dT%H:%M:%S.%fZ'
2026-08-12 23:24:53 | WARNING | Could not parse candle datetime '2026-01-13 15:15:00': time data '2026-01-13 15:15:00' does not match format '%Y-%m-%dT%H:%M:%S.%fZ'
2026-08-12 23:24:53 | WARNING | Could not parse candle datetime '2026-01-13 15:16:00': time data '2026-01-13 15:16:00' does not match format '%Y-%m-%dT%H:%M:%S.%fZ'
2026-08-12 23:24:53 | WARNING | Could not parse candle datetime '2026-01-13 15:17:00': time data '2026-01-13 15:17:00' does not match format '%Y-%m-%dT%H:%M:%S.%fZ'
2026-08-12 23:24:53 | WARNING | Could not parse candle datetime '2026-01-13 15:18:00': time data '2026-01-13 15:18:00' does not match format '%Y-%m-%dT%H:%M:%S.%fZ'
2026-08-12 23:24:53 | WARNING | Could not parse candle datetime '2026-01-13 15:19:00': time data '2026-01-13 15:19:00' does not match format '%Y-%m-%dT%H:%M:%S.%fZ'
2026-08-12 23:24:53 | WARNING | Could not parse candle datetime '2026-01-13 15:20:00': time data '2026-01-13 15:20:00' does not match format '%Y-%m-%dT%H:%M:%S.%fZ'
2026-08-12 23:24:53 | WARNING | Could not parse candle datetime '2026-01-13 15:21:00': time data '2026-01-13 15:21:00' does not match format '%Y-%m-%dT%H:%M:%S.%fZ'
2026-08-12 23:24:53 | WARNING | Could not parse candle datetime '2026-01-13 15:22:00': time data '2026-01-13 15:22:00' does not match format '%Y-%m-%dT%H:%M:%S.%fZ'
2026-08-12 23:24:53 | WARNING | Could not parse candle datetime '2026-01-13 15:23:00': time data '2026-01-13 15:23:00' does not match format '%Y-%m-%dT%H:%M:%S.%fZ'
2026-08-12 23:24:53 | WARNING | Could not parse candle datetime '2026-01-13 15:24:00': time data '2026-01-13 15:24:00' does not match format '%Y-%m-%dT%H:%M:%S.%fZ'
2026-08-12 23:24:53 | WARNING | Could not parse candle datetime '2026-01-13 15:25:00': time data '2026-01-13 15:25:00' does not match format '%Y-%m-%dT%H:%M:%S.%fZ'
2026-08-12 23:24:53 | WARNING | Could not parse candle datetime '2026-01-13 15:26:00': time data '2026-01-13 15:26:00' does not match format '%Y-%m-%dT%H:%M:%S.%fZ'
2026-08-12 23:24:53 | WARNING | Could not parse candle datetime '2026-01-13 15:27:00': time data '2026-01-13 15:27:00' does not match format '%Y-%m-%dT%H:%M:%S.%fZ'
2026-08-12 23:24:53 | WARNING | Could not parse candle datetime '2026-01-13 15:28:00': time data '2026-01-13 15:28:00' does not match format '%Y-%m-%dT%H:%M:%S.%fZ'
2026-08-12 23:24:53 | WARNING | Could not parse candle datetime '2026-01-13 15:29:00': time data '2026-01-13 15:29:00' does not match format '%Y-%m-%dT%H:%M:%S.%fZ'
2026-08-12 23:24:53 | WARNING | Could not parse candle datetime '2026-01-13 15:30:00': time data '2026-01-13 15:30:00' does not match format '%Y-%m-%dT%H:%M:%S.%fZ'
2026-08-12 23:24:53 | WARNING | Could not parse candle datetime '2026-01-13 15:31:00': time data '2026-01-13 15:31:00' does not match format '%Y-%m-%dT%H:%M:%S.%fZ'
2026-08-12 23:24:53 | INFO | Saved 2026-01-12: 0 candles -> data/raw/breeze\RELIND\1m\2026\01\2026-01-12.json
2026-08-12 23:24:53 | INFO | Saved 2026-01-13: 0 candles -> data/raw/breeze\RELIND\1m\2026\01\2026-01-13.json
2026-08-12 23:24:53 | INFO | Next trading day: 2026-01-14
2026-08-12 23:24:53 | INFO | Waiting 1.0 seconds...
2026-08-12 23:24:54 | INFO | 
2026-08-12 23:24:54 | INFO | ======================================================================
2026-08-12 23:24:54 | INFO | CHUNK #6
2026-08-12 23:24:54 | INFO | Trading days: 2026-01-14 -> 2026-01-15
2026-08-12 23:24:54 | INFO | Request: 2026-01-14T09:00:00.000Z -> 2026-01-15T15:45:00.000Z
2026-08-12 23:24:54 | INFO | ======================================================================
2026-08-12 23:24:54 | INFO | API request: 2026-01-14T09:00:00.000Z -> 2026-01-15T15:45:00.000Z (attempt 1/3)
