2026-08-14 01:07:50 | INFO | ======================================================================
2026-08-14 01:07:50 | INFO | BREEZE HISTORICAL DATA DOWNLOADER
2026-08-14 01:07:50 | INFO | ======================================================================
2026-08-14 01:07:50 | INFO | Stock          : RELIND
2026-08-14 01:07:50 | INFO | Exchange       : NSE
2026-08-14 01:07:50 | INFO | Product        : cash
2026-08-14 01:07:50 | INFO | Interval       : 1minute
2026-08-14 01:07:50 | INFO | From           : 2022-04-01T09:00:00.000Z
2026-08-14 01:07:50 | INFO | To             : 2026-07-31T15:45:00.000Z
2026-08-14 01:07:50 | INFO | Market session : 09:00 -> 15:45
2026-08-14 01:07:50 | INFO | Chunk days     : 2
2026-08-14 01:07:50 | INFO | Request delay  : 1.0s
2026-08-14 01:07:50 | INFO | Max retries    : 3
2026-08-14 01:07:50 | INFO | Data directory : data/raw/breeze\RELIND\1m
2026-08-14 01:07:50 | INFO | Log file       : logs\RELIND_1minute_20260814_010750.log
2026-08-14 01:07:50 | INFO | ======================================================================
2026-08-14 01:07:50 | INFO | Initializing BreezeConnect...
2026-08-14 01:07:50 | INFO | Breeze login URL generated.
2026-08-14 01:07:50 | INFO | Generating Breeze session...
2026-08-14 01:07:52 | INFO | Breeze session generated successfully.
2026-08-14 01:07:52 | INFO | 
2026-08-14 01:07:52 | INFO | ======================================================================
2026-08-14 01:07:52 | INFO | STARTING DOWNLOAD
2026-08-14 01:07:52 | INFO | ======================================================================
2026-08-14 01:07:52 | INFO | 
2026-08-14 01:07:52 | INFO | ======================================================================
2026-08-14 01:07:52 | INFO | CHUNK #1
2026-08-14 01:07:52 | INFO | Trading days: 2022-04-01 -> 2022-04-01
2026-08-14 01:07:52 | INFO | Request: 2022-04-01T09:00:00.000Z -> 2022-04-01T15:45:00.000Z
2026-08-14 01:07:52 | INFO | ======================================================================
2026-08-14 01:07:52 | INFO | API request: 2022-04-01T09:00:00.000Z -> 2022-04-01T15:45:00.000Z (attempt 1/3)
2026-08-14 01:07:52 | INFO | Breeze returned 377 candles.
2026-08-14 01:07:52 | INFO | First candle : 2022-04-01 09:07:00
2026-08-14 01:07:52 | INFO | Last candle  : 2022-04-01 15:30:00
2026-08-14 01:07:52 | INFO | Saved 2022-04-01: 377 candles -> data/raw/breeze\RELIND\1m\2022\04\2022-04-01.json
2026-08-14 01:07:52 | INFO | Next trading day: 2022-04-04
2026-08-14 01:07:52 | INFO | Waiting 1.0 seconds...
2026-08-14 01:07:53 | INFO | 
2026-08-14 01:07:53 | INFO | ======================================================================
2026-08-14 01:07:53 | INFO | CHUNK #2
2026-08-14 01:07:53 | INFO | Trading days: 2022-04-04 -> 2022-04-05
2026-08-14 01:07:53 | INFO | Request: 2022-04-04T09:00:00.000Z -> 2022-04-05T15:45:00.000Z
2026-08-14 01:07:53 | INFO | ======================================================================
2026-08-14 01:07:53 | INFO | API request: 2022-04-04T09:00:00.000Z -> 2022-04-05T15:45:00.000Z (attempt 1/3)
2026-08-14 01:07:54 | INFO | Breeze returned 753 candles.
2026-08-14 01:07:54 | INFO | First candle : 2022-04-04 09:07:00
2026-08-14 01:07:54 | INFO | Last candle  : 2022-04-05 15:30:00
2026-08-14 01:07:54 | INFO | Saved 2022-04-04: 376 candles -> data/raw/breeze\RELIND\1m\2022\04\2022-04-04.json
2026-08-14 01:07:54 | INFO | Saved 2022-04-05: 377 candles -> data/raw/breeze\RELIND\1m\2022\04\2022-04-05.json
2026-08-14 01:07:54 | INFO | Next trading day: 2022-04-06
2026-08-14 01:07:54 | INFO | Waiting 1.0 seconds...
2026-08-14 01:07:55 | INFO | 
2026-08-14 01:07:55 | INFO | ======================================================================
2026-08-14 01:07:55 | INFO | CHUNK #3
2026-08-14 01:07:55 | INFO | Trading days: 2022-04-06 -> 2022-04-07
2026-08-14 01:07:55 | INFO | Request: 2022-04-06T09:00:00.000Z -> 2022-04-07T15:45:00.000Z
2026-08-14 01:07:55 | INFO | ======================================================================
2026-08-14 01:07:55 | INFO | API request: 2022-04-06T09:00:00.000Z -> 2022-04-07T15:45:00.000Z (attempt 1/3)
2026-08-14 01:07:55 | INFO | Breeze returned 754 candles.
2026-08-14 01:07:55 | INFO | First candle : 2022-04-06 09:07:00
2026-08-14 01:07:55 | INFO | Last candle  : 2022-04-07 15:30:00
2026-08-14 01:07:55 | INFO | Saved 2022-04-06: 377 candles -> data/raw/breeze\RELIND\1m\2022\04\2022-04-06.json
2026-08-14 01:07:55 | INFO | Saved 2022-04-07: 377 candles -> data/raw/breeze\RELIND\1m\2022\04\2022-04-07.json
2026-08-14 01:07:55 | INFO | Next trading day: 2022-04-08
2026-08-14 01:07:55 | INFO | Waiting 1.0 seconds...
2026-08-14 01:07:56 | INFO | 
2026-08-14 01:07:56 | INFO | ======================================================================
2026-08-14 01:07:56 | INFO | CHUNK #4
2026-08-14 01:07:56 | INFO | Trading days: 2022-04-08 -> 2022-04-08
2026-08-14 01:07:56 | INFO | Request: 2022-04-08T09:00:00.000Z -> 2022-04-08T15:45:00.000Z
2026-08-14 01:07:56 | INFO | ======================================================================
2026-08-14 01:07:56 | INFO | API request: 2022-04-08T09:00:00.000Z -> 2022-04-08T15:45:00.000Z (attempt 1/3)
2026-08-14 01:07:56 | INFO | Breeze returned 376 candles.
2026-08-14 01:07:56 | INFO | First candle : 2022-04-08 09:07:00
2026-08-14 01:07:56 | INFO | Last candle  : 2022-04-08 15:29:00
2026-08-14 01:07:56 | INFO | Saved 2022-04-08: 376 candles -> data/raw/breeze\RELIND\1m\2022\04\2022-04-08.json
2026-08-14 01:07:56 | INFO | Next trading day: 2022-04-11
2026-08-14 01:07:56 | INFO | Waiting 1.0 seconds...
2026-08-14 01:07:57 | INFO | 
2026-08-14 01:07:57 | INFO | ======================================================================
2026-08-14 01:07:57 | INFO | CHUNK #5
2026-08-14 01:07:57 | INFO | Trading days: 2022-04-11 -> 2022-04-12
2026-08-14 01:07:57 | INFO | Request: 2022-04-11T09:00:00.000Z -> 2022-04-12T15:45:00.000Z
2026-08-14 01:07:57 | INFO | ======================================================================
2026-08-14 01:07:57 | INFO | API request: 2022-04-11T09:00:00.000Z -> 2022-04-12T15:45:00.000Z (attempt 1/3)
2026-08-14 01:07:57 | INFO | Breeze returned 753 candles.
2026-08-14 01:07:57 | INFO | First candle : 2022-04-11 09:07:00
2026-08-14 01:07:57 | INFO | Last candle  : 2022-04-12 15:30:00
2026-08-14 01:07:57 | INFO | Saved 2022-04-11: 376 candles -> data/raw/breeze\RELIND\1m\2022\04\2022-04-11.json
2026-08-14 01:07:57 | INFO | Saved 2022-04-12: 377 candles -> data/raw/breeze\RELIND\1m\2022\04\2022-04-12.json
2026-08-14 01:07:57 | INFO | Next trading day: 2022-04-13
2026-08-14 01:07:57 | INFO | Waiting 1.0 seconds...
2026-08-14 01:07:58 | INFO | 
2026-08-14 01:07:58 | INFO | ======================================================================
2026-08-14 01:07:58 | INFO | CHUNK #6
2026-08-14 01:07:58 | INFO | Trading days: 2022-04-13 -> 2022-04-14
2026-08-14 01:07:58 | INFO | Request: 2022-04-13T09:00:00.000Z -> 2022-04-14T15:45:00.000Z
2026-08-14 01:07:58 | INFO | ======================================================================
2026-08-14 01:07:58 | INFO | API request: 2022-04-13T09:00:00.000Z -> 2022-04-14T15:45:00.000Z (attempt 1/3)
2026-08-14 01:07:58 | INFO | Breeze returned 376 candles.
2026-08-14 01:07:58 | INFO | First candle : 2022-04-13 09:07:00
2026-08-14 01:07:58 | INFO | Last candle  : 2022-04-13 15:29:00
2026-08-14 01:07:58 | INFO | Saved 2022-04-13: 376 candles -> data/raw/breeze\RELIND\1m\2022\04\2022-04-13.json
2026-08-14 01:07:58 | INFO | Saved 2022-04-14: 0 candles -> data/raw/breeze\RELIND\1m\2022\04\2022-04-14.json
2026-08-14 01:07:58 | INFO | Next trading day: 2022-04-15
2026-08-14 01:07:58 | INFO | Waiting 1.0 seconds...
2026-08-14 01:07:59 | INFO | 
2026-08-14 01:07:59 | INFO | ======================================================================
2026-08-14 01:07:59 | INFO | CHUNK #7
2026-08-14 01:07:59 | INFO | Trading days: 2022-04-15 -> 2022-04-15
2026-08-14 01:07:59 | INFO | Request: 2022-04-15T09:00:00.000Z -> 2022-04-15T15:45:00.000Z
2026-08-14 01:07:59 | INFO | ======================================================================
2026-08-14 01:07:59 | INFO | API request: 2022-04-15T09:00:00.000Z -> 2022-04-15T15:45:00.000Z (attempt 1/3)
2026-08-14 01:08:00 | INFO | Breeze returned 0 candles.
2026-08-14 01:08:00 | INFO | Saved 2022-04-15: 0 candles -> data/raw/breeze\RELIND\1m\2022\04\2022-04-15.json
2026-08-14 01:08:00 | INFO | Next trading day: 2022-04-18
2026-08-14 01:08:00 | INFO | Waiting 1.0 seconds...
2026-08-14 01:08:01 | INFO | 
2026-08-14 01:08:01 | INFO | ======================================================================
2026-08-14 01:08:01 | INFO | CHUNK #8
2026-08-14 01:08:01 | INFO | Trading days: 2022-04-18 -> 2022-04-19
2026-08-14 01:08:01 | INFO | Request: 2022-04-18T09:00:00.000Z -> 2022-04-19T15:45:00.000Z
2026-08-14 01:08:01 | INFO | ======================================================================
2026-08-14 01:08:01 | INFO | API request: 2022-04-18T09:00:00.000Z -> 2022-04-19T15:45:00.000Z (attempt 1/3)
2026-08-14 01:08:01 | INFO | Breeze returned 754 candles.
2026-08-14 01:08:01 | INFO | First candle : 2022-04-18 09:07:00
2026-08-14 01:08:01 | INFO | Last candle  : 2022-04-19 15:30:00
2026-08-14 01:08:01 | INFO | Saved 2022-04-18: 377 candles -> data/raw/breeze\RELIND\1m\2022\04\2022-04-18.json
2026-08-14 01:08:01 | INFO | Saved 2022-04-19: 377 candles -> data/raw/breeze\RELIND\1m\2022\04\2022-04-19.json
2026-08-14 01:08:01 | INFO | Next trading day: 2022-04-20
2026-08-14 01:08:01 | INFO | Waiting 1.0 seconds...
2026-08-14 01:08:02 | INFO | 
2026-08-14 01:08:02 | INFO | ======================================================================
2026-08-14 01:08:02 | INFO | CHUNK #9
2026-08-14 01:08:02 | INFO | Trading days: 2022-04-20 -> 2022-04-21
2026-08-14 01:08:02 | INFO | Request: 2022-04-20T09:00:00.000Z -> 2022-04-21T15:45:00.000Z
2026-08-14 01:08:02 | INFO | ======================================================================
2026-08-14 01:08:02 | INFO | API request: 2022-04-20T09:00:00.000Z -> 2022-04-21T15:45:00.000Z (attempt 1/3)
2026-08-14 01:08:02 | INFO | Breeze returned 754 candles.
2026-08-14 01:08:02 | INFO | First candle : 2022-04-20 09:07:00
2026-08-14 01:08:02 | INFO | Last candle  : 2022-04-21 15:30:00
2026-08-14 01:08:02 | INFO | Saved 2022-04-20: 377 candles -> data/raw/breeze\RELIND\1m\2022\04\2022-04-20.json
2026-08-14 01:08:02 | INFO | Saved 2022-04-21: 377 candles -> data/raw/breeze\RELIND\1m\2022\04\2022-04-21.json
2026-08-14 01:08:02 | INFO | Next trading day: 2022-04-22
2026-08-14 01:08:02 | INFO | Waiting 1.0 seconds...
2026-08-14 01:08:03 | INFO | 
2026-08-14 01:08:03 | INFO | ======================================================================
2026-08-14 01:08:03 | INFO | CHUNK #10
2026-08-14 01:08:03 | INFO | Trading days: 2022-04-22 -> 2022-04-22
2026-08-14 01:08:03 | INFO | Request: 2022-04-22T09:00:00.000Z -> 2022-04-22T15:45:00.000Z
2026-08-14 01:08:03 | INFO | ======================================================================
2026-08-14 01:08:03 | INFO | API request: 2022-04-22T09:00:00.000Z -> 2022-04-22T15:45:00.000Z (attempt 1/3)
2026-08-14 01:08:04 | INFO | Breeze returned 377 candles.
2026-08-14 01:08:04 | INFO | First candle : 2022-04-22 09:07:00
2026-08-14 01:08:04 | INFO | Last candle  : 2022-04-22 15:30:00
2026-08-14 01:08:04 | INFO | Saved 2022-04-22: 377 candles -> data/raw/breeze\RELIND\1m\2022\04\2022-04-22.json
2026-08-14 01:08:04 | INFO | Next trading day: 2022-04-25
2026-08-14 01:08:04 | INFO | Waiting 1.0 seconds...
2026-08-14 01:08:05 | INFO | 
2026-08-14 01:08:05 | INFO | ======================================================================
2026-08-14 01:08:05 | INFO | CHUNK #11
2026-08-14 01:08:05 | INFO | Trading days: 2022-04-25 -> 2022-04-26
2026-08-14 01:08:05 | INFO | Request: 2022-04-25T09:00:00.000Z -> 2022-04-26T15:45:00.000Z
2026-08-14 01:08:05 | INFO | ======================================================================
2026-08-14 01:08:05 | INFO | API request: 2022-04-25T09:00:00.000Z -> 2022-04-26T15:45:00.000Z (attempt 1/3)
2026-08-14 01:08:05 | INFO | Breeze returned 754 candles.
2026-08-14 01:08:05 | INFO | First candle : 2022-04-25 09:07:00
2026-08-14 01:08:05 | INFO | Last candle  : 2022-04-26 15:30:00
2026-08-14 01:08:05 | INFO | Saved 2022-04-25: 377 candles -> data/raw/breeze\RELIND\1m\2022\04\2022-04-25.json
2026-08-14 01:08:05 | INFO | Saved 2022-04-26: 377 candles -> data/raw/breeze\RELIND\1m\2022\04\2022-04-26.json
2026-08-14 01:08:05 | INFO | Next trading day: 2022-04-27
2026-08-14 01:08:05 | INFO | Waiting 1.0 seconds...
2026-08-14 01:08:06 | INFO | 
2026-08-14 01:08:06 | INFO | ======================================================================
2026-08-14 01:08:06 | INFO | CHUNK #12
2026-08-14 01:08:06 | INFO | Trading days: 2022-04-27 -> 2022-04-28
2026-08-14 01:08:06 | INFO | Request: 2022-04-27T09:00:00.000Z -> 2022-04-28T15:45:00.000Z
2026-08-14 01:08:06 | INFO | ======================================================================
2026-08-14 01:08:06 | INFO | API request: 2022-04-27T09:00:00.000Z -> 2022-04-28T15:45:00.000Z (attempt 1/3)
2026-08-14 01:08:06 | INFO | Breeze returned 754 candles.
2026-08-14 01:08:06 | INFO | First candle : 2022-04-27 09:07:00
2026-08-14 01:08:06 | INFO | Last candle  : 2022-04-28 15:30:00
2026-08-14 01:08:06 | INFO | Saved 2022-04-27: 377 candles -> data/raw/breeze\RELIND\1m\2022\04\2022-04-27.json
2026-08-14 01:08:06 | INFO | Saved 2022-04-28: 377 candles -> data/raw/breeze\RELIND\1m\2022\04\2022-04-28.json
2026-08-14 01:08:06 | INFO | Next trading day: 2022-04-29
2026-08-14 01:08:06 | INFO | Waiting 1.0 seconds...
2026-08-14 01:08:07 | INFO | 
2026-08-14 01:08:07 | INFO | ======================================================================
2026-08-14 01:08:07 | INFO | CHUNK #13
2026-08-14 01:08:07 | INFO | Trading days: 2022-04-29 -> 2022-04-29
2026-08-14 01:08:07 | INFO | Request: 2022-04-29T09:00:00.000Z -> 2022-04-29T15:45:00.000Z
2026-08-14 01:08:07 | INFO | ======================================================================
2026-08-14 01:08:07 | INFO | API request: 2022-04-29T09:00:00.000Z -> 2022-04-29T15:45:00.000Z (attempt 1/3)
2026-08-14 01:08:07 | INFO | Breeze returned 377 candles.
2026-08-14 01:08:07 | INFO | First candle : 2022-04-29 09:07:00
2026-08-14 01:08:07 | INFO | Last candle  : 2022-04-29 15:30:00
2026-08-14 01:08:07 | INFO | Saved 2022-04-29: 377 candles -> data/raw/breeze\RELIND\1m\2022\04\2022-04-29.json
2026-08-14 01:08:07 | INFO | Next trading day: 2022-05-02
2026-08-14 01:08:07 | INFO | Waiting 1.0 seconds...
2026-08-14 01:08:08 | INFO | 
2026-08-14 01:08:08 | INFO | ======================================================================
2026-08-14 01:08:08 | INFO | CHUNK #14
2026-08-14 01:08:08 | INFO | Trading days: 2022-05-02 -> 2022-05-03
2026-08-14 01:08:08 | INFO | Request: 2022-05-02T09:00:00.000Z -> 2022-05-03T15:45:00.000Z
2026-08-14 01:08:08 | INFO | ======================================================================
2026-08-14 01:08:08 | INFO | API request: 2022-05-02T09:00:00.000Z -> 2022-05-03T15:45:00.000Z (attempt 1/3)
2026-08-14 01:08:09 | INFO | Breeze returned 376 candles.
2026-08-14 01:08:09 | INFO | First candle : 2022-05-02 09:07:00
2026-08-14 01:08:09 | INFO | Last candle  : 2022-05-02 15:29:00
2026-08-14 01:08:09 | INFO | Saved 2022-05-02: 376 candles -> data/raw/breeze\RELIND\1m\2022\05\2022-05-02.json
2026-08-14 01:08:09 | INFO | Saved 2022-05-03: 0 candles -> data/raw/breeze\RELIND\1m\2022\05\2022-05-03.json
2026-08-14 01:08:09 | INFO | Next trading day: 2022-05-04
2026-08-14 01:08:09 | INFO | Waiting 1.0 seconds...
2026-08-14 01:08:10 | INFO | 
2026-08-14 01:08:10 | INFO | ======================================================================
2026-08-14 01:08:10 | INFO | CHUNK #15
2026-08-14 01:08:10 | INFO | Trading days: 2022-05-04 -> 2022-05-05
2026-08-14 01:08:10 | INFO | Request: 2022-05-04T09:00:00.000Z -> 2022-05-05T15:45:00.000Z
2026-08-14 01:08:10 | INFO | ======================================================================
2026-08-14 01:08:10 | INFO | API request: 2022-05-04T09:00:00.000Z -> 2022-05-05T15:45:00.000Z (attempt 1/3)
2026-08-14 01:08:10 | INFO | Breeze returned 754 candles.
2026-08-14 01:08:10 | INFO | First candle : 2022-05-04 09:07:00
2026-08-14 01:08:10 | INFO | Last candle  : 2022-05-05 15:30:00
2026-08-14 01:08:10 | INFO | Saved 2022-05-04: 377 candles -> data/raw/breeze\RELIND\1m\2022\05\2022-05-04.json
2026-08-14 01:08:10 | INFO | Saved 2022-05-05: 377 candles -> data/raw/breeze\RELIND\1m\2022\05\2022-05-05.json
2026-08-14 01:08:10 | INFO | Next trading day: 2022-05-06
2026-08-14 01:08:10 | INFO | Waiting 1.0 seconds...
2026-08-14 01:08:11 | INFO | 
2026-08-14 01:08:11 | INFO | ======================================================================
2026-08-14 01:08:11 | INFO | CHUNK #16
2026-08-14 01:08:11 | INFO | Trading days: 2022-05-06 -> 2022-05-06
2026-08-14 01:08:11 | INFO | Request: 2022-05-06T09:00:00.000Z -> 2022-05-06T15:45:00.000Z
2026-08-14 01:08:11 | INFO | ======================================================================
2026-08-14 01:08:11 | INFO | API request: 2022-05-06T09:00:00.000Z -> 2022-05-06T15:45:00.000Z (attempt 1/3)
2026-08-14 01:08:11 | INFO | Breeze returned 377 candles.
2026-08-14 01:08:11 | INFO | First candle : 2022-05-06 09:07:00
2026-08-14 01:08:11 | INFO | Last candle  : 2022-05-06 15:30:00
2026-08-14 01:08:11 | INFO | Saved 2022-05-06: 377 candles -> data/raw/breeze\RELIND\1m\2022\05\2022-05-06.json
2026-08-14 01:08:11 | INFO | Next trading day: 2022-05-09
2026-08-14 01:08:11 | INFO | Waiting 1.0 seconds...
2026-08-14 01:08:12 | INFO | 
2026-08-14 01:08:12 | INFO | ======================================================================
2026-08-14 01:08:12 | INFO | CHUNK #17
2026-08-14 01:08:12 | INFO | Trading days: 2022-05-09 -> 2022-05-10
2026-08-14 01:08:12 | INFO | Request: 2022-05-09T09:00:00.000Z -> 2022-05-10T15:45:00.000Z
2026-08-14 01:08:12 | INFO | ======================================================================
2026-08-14 01:08:12 | INFO | API request: 2022-05-09T09:00:00.000Z -> 2022-05-10T15:45:00.000Z (attempt 1/3)
2026-08-14 01:08:12 | INFO | Breeze returned 754 candles.
2026-08-14 01:08:12 | INFO | First candle : 2022-05-09 09:07:00
2026-08-14 01:08:12 | INFO | Last candle  : 2022-05-10 15:30:00
2026-08-14 01:08:12 | INFO | Saved 2022-05-09: 377 candles -> data/raw/breeze\RELIND\1m\2022\05\2022-05-09.json
2026-08-14 01:08:12 | INFO | Saved 2022-05-10: 377 candles -> data/raw/breeze\RELIND\1m\2022\05\2022-05-10.json
2026-08-14 01:08:12 | INFO | Next trading day: 2022-05-11
2026-08-14 01:08:12 | INFO | Waiting 1.0 seconds...
2026-08-14 01:08:13 | INFO | 
2026-08-14 01:08:13 | INFO | ======================================================================
2026-08-14 01:08:13 | INFO | CHUNK #18
2026-08-14 01:08:13 | INFO | Trading days: 2022-05-11 -> 2022-05-12
2026-08-14 01:08:13 | INFO | Request: 2022-05-11T09:00:00.000Z -> 2022-05-12T15:45:00.000Z
2026-08-14 01:08:13 | INFO | ======================================================================
2026-08-14 01:08:13 | INFO | API request: 2022-05-11T09:00:00.000Z -> 2022-05-12T15:45:00.000Z (attempt 1/3)
2026-08-14 01:08:14 | INFO | Breeze returned 754 candles.
2026-08-14 01:08:14 | INFO | First candle : 2022-05-11 09:07:00
2026-08-14 01:08:14 | INFO | Last candle  : 2022-05-12 15:30:00
2026-08-14 01:08:14 | INFO | Saved 2022-05-11: 377 candles -> data/raw/breeze\RELIND\1m\2022\05\2022-05-11.json
2026-08-14 01:08:14 | INFO | Saved 2022-05-12: 377 candles -> data/raw/breeze\RELIND\1m\2022\05\2022-05-12.json
2026-08-14 01:08:14 | INFO | Next trading day: 2022-05-13
2026-08-14 01:08:14 | INFO | Waiting 1.0 seconds...
2026-08-14 01:08:15 | INFO | 
2026-08-14 01:08:15 | INFO | ======================================================================
2026-08-14 01:08:15 | INFO | CHUNK #19
2026-08-14 01:08:15 | INFO | Trading days: 2022-05-13 -> 2022-05-13
2026-08-14 01:08:15 | INFO | Request: 2022-05-13T09:00:00.000Z -> 2022-05-13T15:45:00.000Z
2026-08-14 01:08:15 | INFO | ======================================================================
2026-08-14 01:08:15 | INFO | API request: 2022-05-13T09:00:00.000Z -> 2022-05-13T15:45:00.000Z (attempt 1/3)
2026-08-14 01:08:15 | INFO | Breeze returned 377 candles.
2026-08-14 01:08:15 | INFO | First candle : 2022-05-13 09:07:00
2026-08-14 01:08:15 | INFO | Last candle  : 2022-05-13 15:30:00
2026-08-14 01:08:15 | INFO | Saved 2022-05-13: 377 candles -> data/raw/breeze\RELIND\1m\2022\05\2022-05-13.json
2026-08-14 01:08:15 | INFO | Next trading day: 2022-05-16
2026-08-14 01:08:15 | INFO | Waiting 1.0 seconds...
2026-08-14 01:08:16 | INFO | 
2026-08-14 01:08:16 | INFO | ======================================================================
2026-08-14 01:08:16 | INFO | CHUNK #20
2026-08-14 01:08:16 | INFO | Trading days: 2022-05-16 -> 2022-05-17
2026-08-14 01:08:16 | INFO | Request: 2022-05-16T09:00:00.000Z -> 2022-05-17T15:45:00.000Z
2026-08-14 01:08:16 | INFO | ======================================================================
2026-08-14 01:08:16 | INFO | API request: 2022-05-16T09:00:00.000Z -> 2022-05-17T15:45:00.000Z (attempt 1/3)
2026-08-14 01:08:16 | INFO | Breeze returned 754 candles.
2026-08-14 01:08:16 | INFO | First candle : 2022-05-16 09:07:00
2026-08-14 01:08:16 | INFO | Last candle  : 2022-05-17 15:30:00
2026-08-14 01:08:16 | INFO | Saved 2022-05-16: 377 candles -> data/raw/breeze\RELIND\1m\2022\05\2022-05-16.json
2026-08-14 01:08:16 | INFO | Saved 2022-05-17: 377 candles -> data/raw/breeze\RELIND\1m\2022\05\2022-05-17.json
2026-08-14 01:08:16 | INFO | Next trading day: 2022-05-18
2026-08-14 01:08:16 | INFO | Waiting 1.0 seconds...
2026-08-14 01:08:17 | INFO | 
2026-08-14 01:08:17 | INFO | ======================================================================
2026-08-14 01:08:17 | INFO | CHUNK #21
2026-08-14 01:08:17 | INFO | Trading days: 2022-05-18 -> 2022-05-19
2026-08-14 01:08:17 | INFO | Request: 2022-05-18T09:00:00.000Z -> 2022-05-19T15:45:00.000Z
2026-08-14 01:08:17 | INFO | ======================================================================
2026-08-14 01:08:17 | INFO | API request: 2022-05-18T09:00:00.000Z -> 2022-05-19T15:45:00.000Z (attempt 1/3)
2026-08-14 01:08:17 | INFO | Breeze returned 753 candles.
2026-08-14 01:08:17 | INFO | First candle : 2022-05-18 09:07:00
2026-08-14 01:08:17 | INFO | Last candle  : 2022-05-19 15:30:00
2026-08-14 01:08:17 | INFO | Saved 2022-05-18: 376 candles -> data/raw/breeze\RELIND\1m\2022\05\2022-05-18.json
2026-08-14 01:08:17 | INFO | Saved 2022-05-19: 377 candles -> data/raw/breeze\RELIND\1m\2022\05\2022-05-19.json
2026-08-14 01:08:17 | INFO | Next trading day: 2022-05-20
2026-08-14 01:08:17 | INFO | Waiting 1.0 seconds...
2026-08-14 01:08:18 | INFO | 
2026-08-14 01:08:18 | INFO | ======================================================================
2026-08-14 01:08:18 | INFO | CHUNK #22
2026-08-14 01:08:18 | INFO | Trading days: 2022-05-20 -> 2022-05-20
2026-08-14 01:08:18 | INFO | Request: 2022-05-20T09:00:00.000Z -> 2022-05-20T15:45:00.000Z
2026-08-14 01:08:18 | INFO | ======================================================================
2026-08-14 01:08:18 | INFO | API request: 2022-05-20T09:00:00.000Z -> 2022-05-20T15:45:00.000Z (attempt 1/3)
2026-08-14 01:08:19 | INFO | Breeze returned 377 candles.
2026-08-14 01:08:19 | INFO | First candle : 2022-05-20 09:07:00
2026-08-14 01:08:19 | INFO | Last candle  : 2022-05-20 15:30:00
2026-08-14 01:08:19 | INFO | Saved 2022-05-20: 377 candles -> data/raw/breeze\RELIND\1m\2022\05\2022-05-20.json
2026-08-14 01:08:19 | INFO | Next trading day: 2022-05-23
2026-08-14 01:08:19 | INFO | Waiting 1.0 seconds...
2026-08-14 01:08:20 | INFO | 
2026-08-14 01:08:20 | INFO | ======================================================================
2026-08-14 01:08:20 | INFO | CHUNK #23
2026-08-14 01:08:20 | INFO | Trading days: 2022-05-23 -> 2022-05-24
2026-08-14 01:08:20 | INFO | Request: 2022-05-23T09:00:00.000Z -> 2022-05-24T15:45:00.000Z
2026-08-14 01:08:20 | INFO | ======================================================================
2026-08-14 01:08:20 | INFO | API request: 2022-05-23T09:00:00.000Z -> 2022-05-24T15:45:00.000Z (attempt 1/3)
2026-08-14 01:08:20 | INFO | Breeze returned 754 candles.
2026-08-14 01:08:20 | INFO | First candle : 2022-05-23 09:07:00
2026-08-14 01:08:20 | INFO | Last candle  : 2022-05-24 15:30:00
2026-08-14 01:08:20 | INFO | Saved 2022-05-23: 377 candles -> data/raw/breeze\RELIND\1m\2022\05\2022-05-23.json
2026-08-14 01:08:20 | INFO | Saved 2022-05-24: 377 candles -> data/raw/breeze\RELIND\1m\2022\05\2022-05-24.json
2026-08-14 01:08:20 | INFO | Next trading day: 2022-05-25
2026-08-14 01:08:20 | INFO | Waiting 1.0 seconds...
2026-08-14 01:08:21 | INFO | 
2026-08-14 01:08:21 | INFO | ======================================================================
2026-08-14 01:08:21 | INFO | CHUNK #24
2026-08-14 01:08:21 | INFO | Trading days: 2022-05-25 -> 2022-05-26
2026-08-14 01:08:21 | INFO | Request: 2022-05-25T09:00:00.000Z -> 2022-05-26T15:45:00.000Z
2026-08-14 01:08:21 | INFO | ======================================================================
2026-08-14 01:08:21 | INFO | API request: 2022-05-25T09:00:00.000Z -> 2022-05-26T15:45:00.000Z (attempt 1/3)
2026-08-14 01:08:22 | INFO | Breeze returned 754 candles.
2026-08-14 01:08:22 | INFO | First candle : 2022-05-25 09:07:00
2026-08-14 01:08:22 | INFO | Last candle  : 2022-05-26 15:30:00
2026-08-14 01:08:22 | INFO | Saved 2022-05-25: 377 candles -> data/raw/breeze\RELIND\1m\2022\05\2022-05-25.json
2026-08-14 01:08:22 | INFO | Saved 2022-05-26: 377 candles -> data/raw/breeze\RELIND\1m\2022\05\2022-05-26.json
2026-08-14 01:08:22 | INFO | Next trading day: 2022-05-27
2026-08-14 01:08:22 | INFO | Waiting 1.0 seconds...
2026-08-14 01:08:23 | INFO | 
2026-08-14 01:08:23 | INFO | ======================================================================
2026-08-14 01:08:23 | INFO | CHUNK #25
2026-08-14 01:08:23 | INFO | Trading days: 2022-05-27 -> 2022-05-27
2026-08-14 01:08:23 | INFO | Request: 2022-05-27T09:00:00.000Z -> 2022-05-27T15:45:00.000Z
2026-08-14 01:08:23 | INFO | ======================================================================
2026-08-14 01:08:23 | INFO | API request: 2022-05-27T09:00:00.000Z -> 2022-05-27T15:45:00.000Z (attempt 1/3)
2026-08-14 01:08:23 | INFO | Breeze returned 377 candles.
2026-08-14 01:08:23 | INFO | First candle : 2022-05-27 09:07:00
2026-08-14 01:08:23 | INFO | Last candle  : 2022-05-27 15:30:00
2026-08-14 01:08:23 | INFO | Saved 2022-05-27: 377 candles -> data/raw/breeze\RELIND\1m\2022\05\2022-05-27.json
2026-08-14 01:08:23 | INFO | Next trading day: 2022-05-30
2026-08-14 01:08:23 | INFO | Waiting 1.0 seconds...
2026-08-14 01:08:24 | INFO | 
2026-08-14 01:08:24 | INFO | ======================================================================
2026-08-14 01:08:24 | INFO | CHUNK #26
2026-08-14 01:08:24 | INFO | Trading days: 2022-05-30 -> 2022-05-31
2026-08-14 01:08:24 | INFO | Request: 2022-05-30T09:00:00.000Z -> 2022-05-31T15:45:00.000Z
2026-08-14 01:08:24 | INFO | ======================================================================
2026-08-14 01:08:24 | INFO | API request: 2022-05-30T09:00:00.000Z -> 2022-05-31T15:45:00.000Z (attempt 1/3)
2026-08-14 01:08:25 | INFO | Breeze returned 754 candles.
2026-08-14 01:08:25 | INFO | First candle : 2022-05-30 09:07:00
2026-08-14 01:08:25 | INFO | Last candle  : 2022-05-31 15:30:00
2026-08-14 01:08:25 | INFO | Saved 2022-05-30: 377 candles -> data/raw/breeze\RELIND\1m\2022\05\2022-05-30.json
2026-08-14 01:08:25 | INFO | Saved 2022-05-31: 377 candles -> data/raw/breeze\RELIND\1m\2022\05\2022-05-31.json
2026-08-14 01:08:25 | INFO | Next trading day: 2022-06-01
2026-08-14 01:08:25 | INFO | Waiting 1.0 seconds...
2026-08-14 01:08:26 | INFO | 
2026-08-14 01:08:26 | INFO | ======================================================================
2026-08-14 01:08:26 | INFO | CHUNK #27
2026-08-14 01:08:26 | INFO | Trading days: 2022-06-01 -> 2022-06-02
2026-08-14 01:08:26 | INFO | Request: 2022-06-01T09:00:00.000Z -> 2022-06-02T15:45:00.000Z
2026-08-14 01:08:26 | INFO | ======================================================================
2026-08-14 01:08:26 | INFO | API request: 2022-06-01T09:00:00.000Z -> 2022-06-02T15:45:00.000Z (attempt 1/3)
2026-08-14 01:08:26 | INFO | Breeze returned 754 candles.
2026-08-14 01:08:26 | INFO | First candle : 2022-06-01 09:07:00
2026-08-14 01:08:26 | INFO | Last candle  : 2022-06-02 15:30:00
2026-08-14 01:08:26 | INFO | Saved 2022-06-01: 377 candles -> data/raw/breeze\RELIND\1m\2022\06\2022-06-01.json
2026-08-14 01:08:26 | INFO | Saved 2022-06-02: 377 candles -> data/raw/breeze\RELIND\1m\2022\06\2022-06-02.json
2026-08-14 01:08:26 | INFO | Next trading day: 2022-06-03
2026-08-14 01:08:26 | INFO | Waiting 1.0 seconds...
2026-08-14 01:08:27 | INFO | 
2026-08-14 01:08:27 | INFO | ======================================================================
2026-08-14 01:08:27 | INFO | CHUNK #28
2026-08-14 01:08:27 | INFO | Trading days: 2022-06-03 -> 2022-06-03
2026-08-14 01:08:27 | INFO | Request: 2022-06-03T09:00:00.000Z -> 2022-06-03T15:45:00.000Z
2026-08-14 01:08:27 | INFO | ======================================================================
2026-08-14 01:08:27 | INFO | API request: 2022-06-03T09:00:00.000Z -> 2022-06-03T15:45:00.000Z (attempt 1/3)
2026-08-14 01:08:27 | INFO | Breeze returned 377 candles.
2026-08-14 01:08:27 | INFO | First candle : 2022-06-03 09:07:00
2026-08-14 01:08:27 | INFO | Last candle  : 2022-06-03 15:30:00
2026-08-14 01:08:27 | INFO | Saved 2022-06-03: 377 candles -> data/raw/breeze\RELIND\1m\2022\06\2022-06-03.json
2026-08-14 01:08:27 | INFO | Next trading day: 2022-06-06
2026-08-14 01:08:27 | INFO | Waiting 1.0 seconds...
2026-08-14 01:08:28 | INFO | 
2026-08-14 01:08:28 | INFO | ======================================================================
2026-08-14 01:08:28 | INFO | CHUNK #29
2026-08-14 01:08:28 | INFO | Trading days: 2022-06-06 -> 2022-06-07
2026-08-14 01:08:28 | INFO | Request: 2022-06-06T09:00:00.000Z -> 2022-06-07T15:45:00.000Z
2026-08-14 01:08:28 | INFO | ======================================================================
2026-08-14 01:08:28 | INFO | API request: 2022-06-06T09:00:00.000Z -> 2022-06-07T15:45:00.000Z (attempt 1/3)
2026-08-14 01:08:28 | INFO | Breeze returned 754 candles.
2026-08-14 01:08:28 | INFO | First candle : 2022-06-06 09:07:00
2026-08-14 01:08:28 | INFO | Last candle  : 2022-06-07 15:30:00
2026-08-14 01:08:28 | INFO | Saved 2022-06-06: 377 candles -> data/raw/breeze\RELIND\1m\2022\06\2022-06-06.json
2026-08-14 01:08:28 | INFO | Saved 2022-06-07: 377 candles -> data/raw/breeze\RELIND\1m\2022\06\2022-06-07.json
2026-08-14 01:08:28 | INFO | Next trading day: 2022-06-08
2026-08-14 01:08:28 | INFO | Waiting 1.0 seconds...
2026-08-14 01:08:29 | INFO | 
2026-08-14 01:08:29 | INFO | ======================================================================
2026-08-14 01:08:29 | INFO | CHUNK #30
2026-08-14 01:08:29 | INFO | Trading days: 2022-06-08 -> 2022-06-09
2026-08-14 01:08:29 | INFO | Request: 2022-06-08T09:00:00.000Z -> 2022-06-09T15:45:00.000Z
2026-08-14 01:08:29 | INFO | ======================================================================
2026-08-14 01:08:29 | INFO | API request: 2022-06-08T09:00:00.000Z -> 2022-06-09T15:45:00.000Z (attempt 1/3)
2026-08-14 01:08:29 | INFO | Breeze returned 754 candles.
2026-08-14 01:08:29 | INFO | First candle : 2022-06-08 09:07:00
2026-08-14 01:08:29 | INFO | Last candle  : 2022-06-09 15:30:00
2026-08-14 01:08:29 | INFO | Saved 2022-06-08: 377 candles -> data/raw/breeze\RELIND\1m\2022\06\2022-06-08.json
2026-08-14 01:08:29 | INFO | Saved 2022-06-09: 377 candles -> data/raw/breeze\RELIND\1m\2022\06\2022-06-09.json
2026-08-14 01:08:29 | INFO | Next trading day: 2022-06-10
2026-08-14 01:08:29 | INFO | Waiting 1.0 seconds...
2026-08-14 01:08:30 | INFO | 
2026-08-14 01:08:30 | INFO | ======================================================================
2026-08-14 01:08:30 | INFO | CHUNK #31
2026-08-14 01:08:30 | INFO | Trading days: 2022-06-10 -> 2022-06-10
2026-08-14 01:08:30 | INFO | Request: 2022-06-10T09:00:00.000Z -> 2022-06-10T15:45:00.000Z
2026-08-14 01:08:30 | INFO | ======================================================================
2026-08-14 01:08:30 | INFO | API request: 2022-06-10T09:00:00.000Z -> 2022-06-10T15:45:00.000Z (attempt 1/3)
2026-08-14 01:08:31 | INFO | Breeze returned 377 candles.
2026-08-14 01:08:31 | INFO | First candle : 2022-06-10 09:07:00
2026-08-14 01:08:31 | INFO | Last candle  : 2022-06-10 15:30:00
2026-08-14 01:08:31 | INFO | Saved 2022-06-10: 377 candles -> data/raw/breeze\RELIND\1m\2022\06\2022-06-10.json
2026-08-14 01:08:31 | INFO | Next trading day: 2022-06-13
2026-08-14 01:08:31 | INFO | Waiting 1.0 seconds...
2026-08-14 01:08:32 | INFO | 
2026-08-14 01:08:32 | INFO | ======================================================================
2026-08-14 01:08:32 | INFO | CHUNK #32
2026-08-14 01:08:32 | INFO | Trading days: 2022-06-13 -> 2022-06-14
2026-08-14 01:08:32 | INFO | Request: 2022-06-13T09:00:00.000Z -> 2022-06-14T15:45:00.000Z
2026-08-14 01:08:32 | INFO | ======================================================================
2026-08-14 01:08:32 | INFO | API request: 2022-06-13T09:00:00.000Z -> 2022-06-14T15:45:00.000Z (attempt 1/3)
2026-08-14 01:08:32 | INFO | Breeze returned 377 candles.
2026-08-14 01:08:32 | INFO | First candle : 2022-06-13 09:07:00
2026-08-14 01:08:32 | INFO | Last candle  : 2022-06-13 15:30:00
2026-08-14 01:08:32 | INFO | Saved 2022-06-13: 377 candles -> data/raw/breeze\RELIND\1m\2022\06\2022-06-13.json
2026-08-14 01:08:32 | INFO | Saved 2022-06-14: 0 candles -> data/raw/breeze\RELIND\1m\2022\06\2022-06-14.json
2026-08-14 01:08:32 | INFO | Next trading day: 2022-06-15
2026-08-14 01:08:32 | INFO | Waiting 1.0 seconds...
2026-08-14 01:08:33 | INFO | 
2026-08-14 01:08:33 | INFO | ======================================================================
2026-08-14 01:08:33 | INFO | CHUNK #33
2026-08-14 01:08:33 | INFO | Trading days: 2022-06-15 -> 2022-06-16
2026-08-14 01:08:33 | INFO | Request: 2022-06-15T09:00:00.000Z -> 2022-06-16T15:45:00.000Z
2026-08-14 01:08:33 | INFO | ======================================================================
2026-08-14 01:08:33 | INFO | API request: 2022-06-15T09:00:00.000Z -> 2022-06-16T15:45:00.000Z (attempt 1/3)
2026-08-14 01:08:34 | INFO | Breeze returned 754 candles.
2026-08-14 01:08:34 | INFO | First candle : 2022-06-15 09:07:00
2026-08-14 01:08:34 | INFO | Last candle  : 2022-06-16 15:30:00
2026-08-14 01:08:34 | INFO | Saved 2022-06-15: 377 candles -> data/raw/breeze\RELIND\1m\2022\06\2022-06-15.json
2026-08-14 01:08:34 | INFO | Saved 2022-06-16: 377 candles -> data/raw/breeze\RELIND\1m\2022\06\2022-06-16.json
2026-08-14 01:08:34 | INFO | Next trading day: 2022-06-17
2026-08-14 01:08:34 | INFO | Waiting 1.0 seconds...
2026-08-14 01:08:35 | INFO | 
2026-08-14 01:08:35 | INFO | ======================================================================
2026-08-14 01:08:35 | INFO | CHUNK #34
2026-08-14 01:08:35 | INFO | Trading days: 2022-06-17 -> 2022-06-17
2026-08-14 01:08:35 | INFO | Request: 2022-06-17T09:00:00.000Z -> 2022-06-17T15:45:00.000Z
2026-08-14 01:08:35 | INFO | ======================================================================
2026-08-14 01:08:35 | INFO | API request: 2022-06-17T09:00:00.000Z -> 2022-06-17T15:45:00.000Z (attempt 1/3)
2026-08-14 01:08:35 | INFO | Breeze returned 377 candles.
2026-08-14 01:08:35 | INFO | First candle : 2022-06-17 09:07:00
2026-08-14 01:08:35 | INFO | Last candle  : 2022-06-17 15:30:00
2026-08-14 01:08:35 | INFO | Saved 2022-06-17: 377 candles -> data/raw/breeze\RELIND\1m\2022\06\2022-06-17.json
2026-08-14 01:08:35 | INFO | Next trading day: 2022-06-20
2026-08-14 01:08:35 | INFO | Waiting 1.0 seconds...
2026-08-14 01:08:36 | INFO | 
2026-08-14 01:08:36 | INFO | ======================================================================
2026-08-14 01:08:36 | INFO | CHUNK #35
2026-08-14 01:08:36 | INFO | Trading days: 2022-06-20 -> 2022-06-21
2026-08-14 01:08:36 | INFO | Request: 2022-06-20T09:00:00.000Z -> 2022-06-21T15:45:00.000Z
2026-08-14 01:08:36 | INFO | ======================================================================
2026-08-14 01:08:36 | INFO | API request: 2022-06-20T09:00:00.000Z -> 2022-06-21T15:45:00.000Z (attempt 1/3)
2026-08-14 01:08:37 | INFO | Breeze returned 753 candles.
2026-08-14 01:08:37 | INFO | First candle : 2022-06-20 09:07:00
2026-08-14 01:08:37 | INFO | Last candle  : 2022-06-21 15:30:00
2026-08-14 01:08:37 | INFO | Saved 2022-06-20: 376 candles -> data/raw/breeze\RELIND\1m\2022\06\2022-06-20.json
2026-08-14 01:08:37 | INFO | Saved 2022-06-21: 377 candles -> data/raw/breeze\RELIND\1m\2022\06\2022-06-21.json
2026-08-14 01:08:37 | INFO | Next trading day: 2022-06-22
2026-08-14 01:08:37 | INFO | Waiting 1.0 seconds...
2026-08-14 01:08:38 | INFO | 
2026-08-14 01:08:38 | INFO | ======================================================================
2026-08-14 01:08:38 | INFO | CHUNK #36
2026-08-14 01:08:38 | INFO | Trading days: 2022-06-22 -> 2022-06-23
2026-08-14 01:08:38 | INFO | Request: 2022-06-22T09:00:00.000Z -> 2022-06-23T15:45:00.000Z
2026-08-14 01:08:38 | INFO | ======================================================================
2026-08-14 01:08:38 | INFO | API request: 2022-06-22T09:00:00.000Z -> 2022-06-23T15:45:00.000Z (attempt 1/3)
2026-08-14 01:08:38 | INFO | Breeze returned 754 candles.
2026-08-14 01:08:38 | INFO | First candle : 2022-06-22 09:07:00
2026-08-14 01:08:38 | INFO | Last candle  : 2022-06-23 15:30:00
2026-08-14 01:08:38 | INFO | Saved 2022-06-22: 377 candles -> data/raw/breeze\RELIND\1m\2022\06\2022-06-22.json
2026-08-14 01:08:38 | INFO | Saved 2022-06-23: 377 candles -> data/raw/breeze\RELIND\1m\2022\06\2022-06-23.json
2026-08-14 01:08:38 | INFO | Next trading day: 2022-06-24
2026-08-14 01:08:38 | INFO | Waiting 1.0 seconds...
2026-08-14 01:08:39 | INFO | 
2026-08-14 01:08:39 | INFO | ======================================================================
2026-08-14 01:08:39 | INFO | CHUNK #37
2026-08-14 01:08:39 | INFO | Trading days: 2022-06-24 -> 2022-06-24
2026-08-14 01:08:39 | INFO | Request: 2022-06-24T09:00:00.000Z -> 2022-06-24T15:45:00.000Z
2026-08-14 01:08:39 | INFO | ======================================================================
2026-08-14 01:08:39 | INFO | API request: 2022-06-24T09:00:00.000Z -> 2022-06-24T15:45:00.000Z (attempt 1/3)
2026-08-14 01:08:40 | INFO | Breeze returned 377 candles.
2026-08-14 01:08:40 | INFO | First candle : 2022-06-24 09:07:00
2026-08-14 01:08:40 | INFO | Last candle  : 2022-06-24 15:30:00
2026-08-14 01:08:40 | INFO | Saved 2022-06-24: 377 candles -> data/raw/breeze\RELIND\1m\2022\06\2022-06-24.json
2026-08-14 01:08:40 | INFO | Next trading day: 2022-06-27
2026-08-14 01:08:40 | INFO | Waiting 1.0 seconds...
2026-08-14 01:08:41 | INFO | 
2026-08-14 01:08:41 | INFO | ======================================================================
2026-08-14 01:08:41 | INFO | CHUNK #38
2026-08-14 01:08:41 | INFO | Trading days: 2022-06-27 -> 2022-06-28
2026-08-14 01:08:41 | INFO | Request: 2022-06-27T09:00:00.000Z -> 2022-06-28T15:45:00.000Z
2026-08-14 01:08:41 | INFO | ======================================================================
2026-08-14 01:08:41 | INFO | API request: 2022-06-27T09:00:00.000Z -> 2022-06-28T15:45:00.000Z (attempt 1/3)
2026-08-14 01:08:41 | INFO | Breeze returned 754 candles.
2026-08-14 01:08:41 | INFO | First candle : 2022-06-27 09:07:00
2026-08-14 01:08:41 | INFO | Last candle  : 2022-06-28 15:30:00
2026-08-14 01:08:41 | INFO | Saved 2022-06-27: 377 candles -> data/raw/breeze\RELIND\1m\2022\06\2022-06-27.json
2026-08-14 01:08:41 | INFO | Saved 2022-06-28: 377 candles -> data/raw/breeze\RELIND\1m\2022\06\2022-06-28.json
2026-08-14 01:08:41 | INFO | Next trading day: 2022-06-29
2026-08-14 01:08:41 | INFO | Waiting 1.0 seconds...
2026-08-14 01:08:42 | INFO | 
2026-08-14 01:08:42 | INFO | ======================================================================
2026-08-14 01:08:42 | INFO | CHUNK #39
2026-08-14 01:08:42 | INFO | Trading days: 2022-06-29 -> 2022-06-30
2026-08-14 01:08:42 | INFO | Request: 2022-06-29T09:00:00.000Z -> 2022-06-30T15:45:00.000Z
2026-08-14 01:08:42 | INFO | ======================================================================
2026-08-14 01:08:42 | INFO | API request: 2022-06-29T09:00:00.000Z -> 2022-06-30T15:45:00.000Z (attempt 1/3)
2026-08-14 01:08:43 | INFO | Breeze returned 754 candles.
2026-08-14 01:08:43 | INFO | First candle : 2022-06-29 09:07:00
2026-08-14 01:08:43 | INFO | Last candle  : 2022-06-30 15:30:00
2026-08-14 01:08:43 | INFO | Saved 2022-06-29: 377 candles -> data/raw/breeze\RELIND\1m\2022\06\2022-06-29.json
2026-08-14 01:08:43 | INFO | Saved 2022-06-30: 377 candles -> data/raw/breeze\RELIND\1m\2022\06\2022-06-30.json
2026-08-14 01:08:43 | INFO | Next trading day: 2022-07-01
2026-08-14 01:08:43 | INFO | Waiting 1.0 seconds...
2026-08-14 01:08:44 | INFO | 
2026-08-14 01:08:44 | INFO | ======================================================================
2026-08-14 01:08:44 | INFO | CHUNK #40
2026-08-14 01:08:44 | INFO | Trading days: 2022-07-01 -> 2022-07-01
2026-08-14 01:08:44 | INFO | Request: 2022-07-01T09:00:00.000Z -> 2022-07-01T15:45:00.000Z
2026-08-14 01:08:44 | INFO | ======================================================================
2026-08-14 01:08:44 | INFO | API request: 2022-07-01T09:00:00.000Z -> 2022-07-01T15:45:00.000Z (attempt 1/3)
2026-08-14 01:08:44 | INFO | Breeze returned 377 candles.
2026-08-14 01:08:44 | INFO | First candle : 2022-07-01 09:07:00
2026-08-14 01:08:44 | INFO | Last candle  : 2022-07-01 15:30:00
2026-08-14 01:08:44 | INFO | Saved 2022-07-01: 377 candles -> data/raw/breeze\RELIND\1m\2022\07\2022-07-01.json
2026-08-14 01:08:44 | INFO | Next trading day: 2022-07-04
2026-08-14 01:08:44 | INFO | Waiting 1.0 seconds...
2026-08-14 01:08:45 | INFO | 
2026-08-14 01:08:45 | INFO | ======================================================================
2026-08-14 01:08:45 | INFO | CHUNK #41
2026-08-14 01:08:45 | INFO | Trading days: 2022-07-04 -> 2022-07-05
2026-08-14 01:08:45 | INFO | Request: 2022-07-04T09:00:00.000Z -> 2022-07-05T15:45:00.000Z
2026-08-14 01:08:45 | INFO | ======================================================================
2026-08-14 01:08:45 | INFO | API request: 2022-07-04T09:00:00.000Z -> 2022-07-05T15:45:00.000Z (attempt 1/3)
2026-08-14 01:08:45 | INFO | Breeze returned 754 candles.
2026-08-14 01:08:45 | INFO | First candle : 2022-07-04 09:07:00
2026-08-14 01:08:45 | INFO | Last candle  : 2022-07-05 15:30:00
2026-08-14 01:08:45 | INFO | Saved 2022-07-04: 377 candles -> data/raw/breeze\RELIND\1m\2022\07\2022-07-04.json
2026-08-14 01:08:45 | INFO | Saved 2022-07-05: 377 candles -> data/raw/breeze\RELIND\1m\2022\07\2022-07-05.json
2026-08-14 01:08:45 | INFO | Next trading day: 2022-07-06
2026-08-14 01:08:45 | INFO | Waiting 1.0 seconds...
2026-08-14 01:08:46 | INFO | 
2026-08-14 01:08:46 | INFO | ======================================================================
2026-08-14 01:08:46 | INFO | CHUNK #42
2026-08-14 01:08:46 | INFO | Trading days: 2022-07-06 -> 2022-07-07
2026-08-14 01:08:46 | INFO | Request: 2022-07-06T09:00:00.000Z -> 2022-07-07T15:45:00.000Z
2026-08-14 01:08:46 | INFO | ======================================================================
2026-08-14 01:08:46 | INFO | API request: 2022-07-06T09:00:00.000Z -> 2022-07-07T15:45:00.000Z (attempt 1/3)
2026-08-14 01:08:46 | INFO | Breeze returned 754 candles.
2026-08-14 01:08:46 | INFO | First candle : 2022-07-06 09:07:00
2026-08-14 01:08:46 | INFO | Last candle  : 2022-07-07 15:30:00
2026-08-14 01:08:46 | INFO | Saved 2022-07-06: 377 candles -> data/raw/breeze\RELIND\1m\2022\07\2022-07-06.json
2026-08-14 01:08:46 | INFO | Saved 2022-07-07: 377 candles -> data/raw/breeze\RELIND\1m\2022\07\2022-07-07.json
2026-08-14 01:08:46 | INFO | Next trading day: 2022-07-08
2026-08-14 01:08:46 | INFO | Waiting 1.0 seconds...
2026-08-14 01:08:47 | INFO | 
2026-08-14 01:08:47 | INFO | ======================================================================
2026-08-14 01:08:47 | INFO | CHUNK #43
2026-08-14 01:08:47 | INFO | Trading days: 2022-07-08 -> 2022-07-08
2026-08-14 01:08:47 | INFO | Request: 2022-07-08T09:00:00.000Z -> 2022-07-08T15:45:00.000Z
2026-08-14 01:08:47 | INFO | ======================================================================
2026-08-14 01:08:47 | INFO | API request: 2022-07-08T09:00:00.000Z -> 2022-07-08T15:45:00.000Z (attempt 1/3)
2026-08-14 01:08:48 | INFO | Breeze returned 377 candles.
2026-08-14 01:08:48 | INFO | First candle : 2022-07-08 09:07:00
2026-08-14 01:08:48 | INFO | Last candle  : 2022-07-08 15:30:00
2026-08-14 01:08:48 | INFO | Saved 2022-07-08: 377 candles -> data/raw/breeze\RELIND\1m\2022\07\2022-07-08.json
2026-08-14 01:08:48 | INFO | Next trading day: 2022-07-11
2026-08-14 01:08:48 | INFO | Waiting 1.0 seconds...
2026-08-14 01:08:49 | INFO | 
2026-08-14 01:08:49 | INFO | ======================================================================
2026-08-14 01:08:49 | INFO | CHUNK #44
2026-08-14 01:08:49 | INFO | Trading days: 2022-07-11 -> 2022-07-12
2026-08-14 01:08:49 | INFO | Request: 2022-07-11T09:00:00.000Z -> 2022-07-12T15:45:00.000Z
2026-08-14 01:08:49 | INFO | ======================================================================
2026-08-14 01:08:49 | INFO | API request: 2022-07-11T09:00:00.000Z -> 2022-07-12T15:45:00.000Z (attempt 1/3)
2026-08-14 01:08:49 | INFO | Breeze returned 753 candles.
2026-08-14 01:08:49 | INFO | First candle : 2022-07-11 09:07:00
2026-08-14 01:08:49 | INFO | Last candle  : 2022-07-12 15:29:00
2026-08-14 01:08:49 | INFO | Saved 2022-07-11: 377 candles -> data/raw/breeze\RELIND\1m\2022\07\2022-07-11.json
2026-08-14 01:08:49 | INFO | Saved 2022-07-12: 376 candles -> data/raw/breeze\RELIND\1m\2022\07\2022-07-12.json
2026-08-14 01:08:49 | INFO | Next trading day: 2022-07-13
2026-08-14 01:08:49 | INFO | Waiting 1.0 seconds...
2026-08-14 01:08:50 | INFO | 
2026-08-14 01:08:50 | INFO | ======================================================================
2026-08-14 01:08:50 | INFO | CHUNK #45
2026-08-14 01:08:50 | INFO | Trading days: 2022-07-13 -> 2022-07-14
2026-08-14 01:08:50 | INFO | Request: 2022-07-13T09:00:00.000Z -> 2022-07-14T15:45:00.000Z
2026-08-14 01:08:50 | INFO | ======================================================================
2026-08-14 01:08:50 | INFO | API request: 2022-07-13T09:00:00.000Z -> 2022-07-14T15:45:00.000Z (attempt 1/3)
2026-08-14 01:08:50 | INFO | Breeze returned 754 candles.
2026-08-14 01:08:50 | INFO | First candle : 2022-07-13 09:07:00
2026-08-14 01:08:50 | INFO | Last candle  : 2022-07-14 15:30:00
2026-08-14 01:08:50 | INFO | Saved 2022-07-13: 377 candles -> data/raw/breeze\RELIND\1m\2022\07\2022-07-13.json
2026-08-14 01:08:50 | INFO | Saved 2022-07-14: 377 candles -> data/raw/breeze\RELIND\1m\2022\07\2022-07-14.json
2026-08-14 01:08:50 | INFO | Next trading day: 2022-07-15
2026-08-14 01:08:50 | INFO | Waiting 1.0 seconds...
2026-08-14 01:08:51 | INFO | 
2026-08-14 01:08:51 | INFO | ======================================================================
2026-08-14 01:08:51 | INFO | CHUNK #46
2026-08-14 01:08:51 | INFO | Trading days: 2022-07-15 -> 2022-07-15
2026-08-14 01:08:51 | INFO | Request: 2022-07-15T09:00:00.000Z -> 2022-07-15T15:45:00.000Z
2026-08-14 01:08:51 | INFO | ======================================================================
2026-08-14 01:08:51 | INFO | API request: 2022-07-15T09:00:00.000Z -> 2022-07-15T15:45:00.000Z (attempt 1/3)
2026-08-14 01:08:52 | INFO | Breeze returned 377 candles.
2026-08-14 01:08:52 | INFO | First candle : 2022-07-15 09:07:00
2026-08-14 01:08:52 | INFO | Last candle  : 2022-07-15 15:30:00
2026-08-14 01:08:52 | INFO | Saved 2022-07-15: 377 candles -> data/raw/breeze\RELIND\1m\2022\07\2022-07-15.json
2026-08-14 01:08:52 | INFO | Next trading day: 2022-07-18
2026-08-14 01:08:52 | INFO | Waiting 1.0 seconds...
2026-08-14 01:08:53 | INFO | 
2026-08-14 01:08:53 | INFO | ======================================================================
2026-08-14 01:08:53 | INFO | CHUNK #47
2026-08-14 01:08:53 | INFO | Trading days: 2022-07-18 -> 2022-07-19
2026-08-14 01:08:53 | INFO | Request: 2022-07-18T09:00:00.000Z -> 2022-07-19T15:45:00.000Z
2026-08-14 01:08:53 | INFO | ======================================================================
2026-08-14 01:08:53 | INFO | API request: 2022-07-18T09:00:00.000Z -> 2022-07-19T15:45:00.000Z (attempt 1/3)
2026-08-14 01:08:53 | INFO | Breeze returned 754 candles.
2026-08-14 01:08:53 | INFO | First candle : 2022-07-18 09:07:00
2026-08-14 01:08:53 | INFO | Last candle  : 2022-07-19 15:30:00
2026-08-14 01:08:53 | INFO | Saved 2022-07-18: 377 candles -> data/raw/breeze\RELIND\1m\2022\07\2022-07-18.json
2026-08-14 01:08:53 | INFO | Saved 2022-07-19: 377 candles -> data/raw/breeze\RELIND\1m\2022\07\2022-07-19.json
2026-08-14 01:08:53 | INFO | Next trading day: 2022-07-20
2026-08-14 01:08:53 | INFO | Waiting 1.0 seconds...
2026-08-14 01:08:54 | INFO | 
2026-08-14 01:08:54 | INFO | ======================================================================
2026-08-14 01:08:54 | INFO | CHUNK #48
2026-08-14 01:08:54 | INFO | Trading days: 2022-07-20 -> 2022-07-21
2026-08-14 01:08:54 | INFO | Request: 2022-07-20T09:00:00.000Z -> 2022-07-21T15:45:00.000Z
2026-08-14 01:08:54 | INFO | ======================================================================
2026-08-14 01:08:54 | INFO | API request: 2022-07-20T09:00:00.000Z -> 2022-07-21T15:45:00.000Z (attempt 1/3)
2026-08-14 01:08:54 | INFO | Breeze returned 754 candles.
2026-08-14 01:08:54 | INFO | First candle : 2022-07-20 09:07:00
2026-08-14 01:08:54 | INFO | Last candle  : 2022-07-21 15:30:00
2026-08-14 01:08:54 | INFO | Saved 2022-07-20: 377 candles -> data/raw/breeze\RELIND\1m\2022\07\2022-07-20.json
2026-08-14 01:08:54 | INFO | Saved 2022-07-21: 377 candles -> data/raw/breeze\RELIND\1m\2022\07\2022-07-21.json
2026-08-14 01:08:54 | INFO | Next trading day: 2022-07-22
2026-08-14 01:08:54 | INFO | Waiting 1.0 seconds...
2026-08-14 01:08:55 | INFO | 
2026-08-14 01:08:55 | INFO | ======================================================================
2026-08-14 01:08:55 | INFO | CHUNK #49
2026-08-14 01:08:55 | INFO | Trading days: 2022-07-22 -> 2022-07-22
2026-08-14 01:08:55 | INFO | Request: 2022-07-22T09:00:00.000Z -> 2022-07-22T15:45:00.000Z
2026-08-14 01:08:55 | INFO | ======================================================================
2026-08-14 01:08:55 | INFO | API request: 2022-07-22T09:00:00.000Z -> 2022-07-22T15:45:00.000Z (attempt 1/3)
2026-08-14 01:08:56 | INFO | Breeze returned 377 candles.
2026-08-14 01:08:56 | INFO | First candle : 2022-07-22 09:07:00
2026-08-14 01:08:56 | INFO | Last candle  : 2022-07-22 15:30:00
2026-08-14 01:08:56 | INFO | Saved 2022-07-22: 377 candles -> data/raw/breeze\RELIND\1m\2022\07\2022-07-22.json
2026-08-14 01:08:56 | INFO | Next trading day: 2022-07-25
2026-08-14 01:08:56 | INFO | Waiting 1.0 seconds...
2026-08-14 01:08:57 | INFO | 
2026-08-14 01:08:57 | INFO | ======================================================================
2026-08-14 01:08:57 | INFO | CHUNK #50
2026-08-14 01:08:57 | INFO | Trading days: 2022-07-25 -> 2022-07-26
2026-08-14 01:08:57 | INFO | Request: 2022-07-25T09:00:00.000Z -> 2022-07-26T15:45:00.000Z
2026-08-14 01:08:57 | INFO | ======================================================================
2026-08-14 01:08:57 | INFO | API request: 2022-07-25T09:00:00.000Z -> 2022-07-26T15:45:00.000Z (attempt 1/3)
2026-08-14 01:08:57 | INFO | Breeze returned 754 candles.
2026-08-14 01:08:57 | INFO | First candle : 2022-07-25 09:07:00
2026-08-14 01:08:57 | INFO | Last candle  : 2022-07-26 15:30:00
2026-08-14 01:08:57 | INFO | Saved 2022-07-25: 377 candles -> data/raw/breeze\RELIND\1m\2022\07\2022-07-25.json
2026-08-14 01:08:57 | INFO | Saved 2022-07-26: 377 candles -> data/raw/breeze\RELIND\1m\2022\07\2022-07-26.json
2026-08-14 01:08:57 | INFO | Next trading day: 2022-07-27
2026-08-14 01:08:57 | INFO | Waiting 1.0 seconds...
2026-08-14 01:08:58 | INFO | 
2026-08-14 01:08:58 | INFO | ======================================================================
2026-08-14 01:08:58 | INFO | CHUNK #51
2026-08-14 01:08:58 | INFO | Trading days: 2022-07-27 -> 2022-07-28
2026-08-14 01:08:58 | INFO | Request: 2022-07-27T09:00:00.000Z -> 2022-07-28T15:45:00.000Z
2026-08-14 01:08:58 | INFO | ======================================================================
2026-08-14 01:08:58 | INFO | API request: 2022-07-27T09:00:00.000Z -> 2022-07-28T15:45:00.000Z (attempt 1/3)
2026-08-14 01:08:58 | INFO | Breeze returned 753 candles.
2026-08-14 01:08:58 | INFO | First candle : 2022-07-27 09:07:00
2026-08-14 01:08:58 | INFO | Last candle  : 2022-07-28 15:30:00
2026-08-14 01:08:58 | INFO | Saved 2022-07-27: 376 candles -> data/raw/breeze\RELIND\1m\2022\07\2022-07-27.json
2026-08-14 01:08:58 | INFO | Saved 2022-07-28: 377 candles -> data/raw/breeze\RELIND\1m\2022\07\2022-07-28.json
2026-08-14 01:08:58 | INFO | Next trading day: 2022-07-29
2026-08-14 01:08:58 | INFO | Waiting 1.0 seconds...
2026-08-14 01:08:59 | INFO | 
2026-08-14 01:08:59 | INFO | ======================================================================
2026-08-14 01:08:59 | INFO | CHUNK #52
2026-08-14 01:08:59 | INFO | Trading days: 2022-07-29 -> 2022-07-29
2026-08-14 01:08:59 | INFO | Request: 2022-07-29T09:00:00.000Z -> 2022-07-29T15:45:00.000Z
2026-08-14 01:08:59 | INFO | ======================================================================
2026-08-14 01:08:59 | INFO | API request: 2022-07-29T09:00:00.000Z -> 2022-07-29T15:45:00.000Z (attempt 1/3)
2026-08-14 01:09:00 | INFO | Breeze returned 377 candles.
2026-08-14 01:09:00 | INFO | First candle : 2022-07-29 09:07:00
2026-08-14 01:09:00 | INFO | Last candle  : 2022-07-29 15:30:00
2026-08-14 01:09:00 | INFO | Saved 2022-07-29: 377 candles -> data/raw/breeze\RELIND\1m\2022\07\2022-07-29.json
2026-08-14 01:09:00 | INFO | Next trading day: 2022-08-01
2026-08-14 01:09:00 | INFO | Waiting 1.0 seconds...
2026-08-14 01:09:01 | INFO | 
2026-08-14 01:09:01 | INFO | ======================================================================
2026-08-14 01:09:01 | INFO | CHUNK #53
2026-08-14 01:09:01 | INFO | Trading days: 2022-08-01 -> 2022-08-02
2026-08-14 01:09:01 | INFO | Request: 2022-08-01T09:00:00.000Z -> 2022-08-02T15:45:00.000Z
2026-08-14 01:09:01 | INFO | ======================================================================
2026-08-14 01:09:01 | INFO | API request: 2022-08-01T09:00:00.000Z -> 2022-08-02T15:45:00.000Z (attempt 1/3)
2026-08-14 01:09:01 | INFO | Breeze returned 754 candles.
2026-08-14 01:09:01 | INFO | First candle : 2022-08-01 09:07:00
2026-08-14 01:09:01 | INFO | Last candle  : 2022-08-02 15:30:00
2026-08-14 01:09:01 | INFO | Saved 2022-08-01: 377 candles -> data/raw/breeze\RELIND\1m\2022\08\2022-08-01.json
2026-08-14 01:09:01 | INFO | Saved 2022-08-02: 377 candles -> data/raw/breeze\RELIND\1m\2022\08\2022-08-02.json
2026-08-14 01:09:01 | INFO | Next trading day: 2022-08-03
2026-08-14 01:09:01 | INFO | Waiting 1.0 seconds...
2026-08-14 01:09:02 | INFO | 
2026-08-14 01:09:02 | INFO | ======================================================================
2026-08-14 01:09:02 | INFO | CHUNK #54
2026-08-14 01:09:02 | INFO | Trading days: 2022-08-03 -> 2022-08-04
2026-08-14 01:09:02 | INFO | Request: 2022-08-03T09:00:00.000Z -> 2022-08-04T15:45:00.000Z
2026-08-14 01:09:02 | INFO | ======================================================================
2026-08-14 01:09:02 | INFO | API request: 2022-08-03T09:00:00.000Z -> 2022-08-04T15:45:00.000Z (attempt 1/3)
2026-08-14 01:09:02 | INFO | Breeze returned 754 candles.
2026-08-14 01:09:02 | INFO | First candle : 2022-08-03 09:07:00
2026-08-14 01:09:02 | INFO | Last candle  : 2022-08-04 15:30:00
2026-08-14 01:09:02 | INFO | Saved 2022-08-03: 377 candles -> data/raw/breeze\RELIND\1m\2022\08\2022-08-03.json
2026-08-14 01:09:02 | INFO | Saved 2022-08-04: 377 candles -> data/raw/breeze\RELIND\1m\2022\08\2022-08-04.json
2026-08-14 01:09:02 | INFO | Next trading day: 2022-08-05
2026-08-14 01:09:02 | INFO | Waiting 1.0 seconds...
2026-08-14 01:09:03 | INFO | 
2026-08-14 01:09:03 | INFO | ======================================================================
2026-08-14 01:09:03 | INFO | CHUNK #55
2026-08-14 01:09:03 | INFO | Trading days: 2022-08-05 -> 2022-08-05
2026-08-14 01:09:03 | INFO | Request: 2022-08-05T09:00:00.000Z -> 2022-08-05T15:45:00.000Z
2026-08-14 01:09:03 | INFO | ======================================================================
2026-08-14 01:09:03 | INFO | API request: 2022-08-05T09:00:00.000Z -> 2022-08-05T15:45:00.000Z (attempt 1/3)
2026-08-14 01:09:03 | INFO | Breeze returned 376 candles.
2026-08-14 01:09:03 | INFO | First candle : 2022-08-05 09:07:00
2026-08-14 01:09:03 | INFO | Last candle  : 2022-08-05 15:29:00
2026-08-14 01:09:03 | INFO | Saved 2022-08-05: 376 candles -> data/raw/breeze\RELIND\1m\2022\08\2022-08-05.json
2026-08-14 01:09:03 | INFO | Next trading day: 2022-08-08
2026-08-14 01:09:03 | INFO | Waiting 1.0 seconds...
2026-08-14 01:09:04 | INFO | 
2026-08-14 01:09:04 | INFO | ======================================================================
2026-08-14 01:09:04 | INFO | CHUNK #56
2026-08-14 01:09:04 | INFO | Trading days: 2022-08-08 -> 2022-08-09
2026-08-14 01:09:04 | INFO | Request: 2022-08-08T09:00:00.000Z -> 2022-08-09T15:45:00.000Z
2026-08-14 01:09:04 | INFO | ======================================================================
2026-08-14 01:09:04 | INFO | API request: 2022-08-08T09:00:00.000Z -> 2022-08-09T15:45:00.000Z (attempt 1/3)
2026-08-14 01:09:05 | INFO | Breeze returned 377 candles.
2026-08-14 01:09:05 | INFO | First candle : 2022-08-08 09:07:00
2026-08-14 01:09:05 | INFO | Last candle  : 2022-08-08 15:30:00
2026-08-14 01:09:05 | INFO | Saved 2022-08-08: 377 candles -> data/raw/breeze\RELIND\1m\2022\08\2022-08-08.json
2026-08-14 01:09:05 | INFO | Saved 2022-08-09: 0 candles -> data/raw/breeze\RELIND\1m\2022\08\2022-08-09.json
2026-08-14 01:09:05 | INFO | Next trading day: 2022-08-10
2026-08-14 01:09:05 | INFO | Waiting 1.0 seconds...
2026-08-14 01:09:06 | INFO | 
2026-08-14 01:09:06 | INFO | ======================================================================
2026-08-14 01:09:06 | INFO | CHUNK #57
2026-08-14 01:09:06 | INFO | Trading days: 2022-08-10 -> 2022-08-11
2026-08-14 01:09:06 | INFO | Request: 2022-08-10T09:00:00.000Z -> 2022-08-11T15:45:00.000Z
2026-08-14 01:09:06 | INFO | ======================================================================
2026-08-14 01:09:06 | INFO | API request: 2022-08-10T09:00:00.000Z -> 2022-08-11T15:45:00.000Z (attempt 1/3)
2026-08-14 01:09:06 | INFO | Breeze returned 754 candles.
2026-08-14 01:09:06 | INFO | First candle : 2022-08-10 09:07:00
2026-08-14 01:09:06 | INFO | Last candle  : 2022-08-11 15:30:00
2026-08-14 01:09:06 | INFO | Saved 2022-08-10: 377 candles -> data/raw/breeze\RELIND\1m\2022\08\2022-08-10.json
2026-08-14 01:09:06 | INFO | Saved 2022-08-11: 377 candles -> data/raw/breeze\RELIND\1m\2022\08\2022-08-11.json
2026-08-14 01:09:06 | INFO | Next trading day: 2022-08-12
2026-08-14 01:09:06 | INFO | Waiting 1.0 seconds...
2026-08-14 01:09:07 | INFO | 
2026-08-14 01:09:07 | INFO | ======================================================================
2026-08-14 01:09:07 | INFO | CHUNK #58
2026-08-14 01:09:07 | INFO | Trading days: 2022-08-12 -> 2022-08-12
2026-08-14 01:09:07 | INFO | Request: 2022-08-12T09:00:00.000Z -> 2022-08-12T15:45:00.000Z
2026-08-14 01:09:07 | INFO | ======================================================================
2026-08-14 01:09:07 | INFO | API request: 2022-08-12T09:00:00.000Z -> 2022-08-12T15:45:00.000Z (attempt 1/3)
2026-08-14 01:09:07 | INFO | Breeze returned 376 candles.
2026-08-14 01:09:07 | INFO | First candle : 2022-08-12 09:07:00
2026-08-14 01:09:07 | INFO | Last candle  : 2022-08-12 15:29:00
2026-08-14 01:09:07 | INFO | Saved 2022-08-12: 376 candles -> data/raw/breeze\RELIND\1m\2022\08\2022-08-12.json
2026-08-14 01:09:07 | INFO | Next trading day: 2022-08-15
2026-08-14 01:09:07 | INFO | Waiting 1.0 seconds...
2026-08-14 01:09:08 | INFO | 
2026-08-14 01:09:08 | INFO | ======================================================================
2026-08-14 01:09:08 | INFO | CHUNK #59
2026-08-14 01:09:08 | INFO | Trading days: 2022-08-15 -> 2022-08-16
2026-08-14 01:09:08 | INFO | Request: 2022-08-15T09:00:00.000Z -> 2022-08-16T15:45:00.000Z
2026-08-14 01:09:08 | INFO | ======================================================================
2026-08-14 01:09:08 | INFO | API request: 2022-08-15T09:00:00.000Z -> 2022-08-16T15:45:00.000Z (attempt 1/3)
2026-08-14 01:09:08 | INFO | Breeze returned 377 candles.
2026-08-14 01:09:08 | INFO | First candle : 2022-08-16 09:07:00
2026-08-14 01:09:08 | INFO | Last candle  : 2022-08-16 15:30:00
2026-08-14 01:09:08 | INFO | Saved 2022-08-15: 0 candles -> data/raw/breeze\RELIND\1m\2022\08\2022-08-15.json
2026-08-14 01:09:08 | INFO | Saved 2022-08-16: 377 candles -> data/raw/breeze\RELIND\1m\2022\08\2022-08-16.json
2026-08-14 01:09:08 | INFO | Next trading day: 2022-08-17
2026-08-14 01:09:08 | INFO | Waiting 1.0 seconds...
2026-08-14 01:09:09 | INFO | 
2026-08-14 01:09:09 | INFO | ======================================================================
2026-08-14 01:09:09 | INFO | CHUNK #60
2026-08-14 01:09:09 | INFO | Trading days: 2022-08-17 -> 2022-08-18
2026-08-14 01:09:09 | INFO | Request: 2022-08-17T09:00:00.000Z -> 2022-08-18T15:45:00.000Z
2026-08-14 01:09:09 | INFO | ======================================================================
2026-08-14 01:09:09 | INFO | API request: 2022-08-17T09:00:00.000Z -> 2022-08-18T15:45:00.000Z (attempt 1/3)
2026-08-14 01:09:09 | INFO | Breeze returned 754 candles.
2026-08-14 01:09:09 | INFO | First candle : 2022-08-17 09:07:00
2026-08-14 01:09:09 | INFO | Last candle  : 2022-08-18 15:30:00
2026-08-14 01:09:09 | INFO | Saved 2022-08-17: 377 candles -> data/raw/breeze\RELIND\1m\2022\08\2022-08-17.json
2026-08-14 01:09:09 | INFO | Saved 2022-08-18: 377 candles -> data/raw/breeze\RELIND\1m\2022\08\2022-08-18.json
2026-08-14 01:09:09 | INFO | Next trading day: 2022-08-19
2026-08-14 01:09:09 | INFO | Waiting 1.0 seconds...
2026-08-14 01:09:10 | INFO | 
2026-08-14 01:09:10 | INFO | ======================================================================
2026-08-14 01:09:10 | INFO | CHUNK #61
2026-08-14 01:09:10 | INFO | Trading days: 2022-08-19 -> 2022-08-19
2026-08-14 01:09:10 | INFO | Request: 2022-08-19T09:00:00.000Z -> 2022-08-19T15:45:00.000Z
2026-08-14 01:09:10 | INFO | ======================================================================
2026-08-14 01:09:10 | INFO | API request: 2022-08-19T09:00:00.000Z -> 2022-08-19T15:45:00.000Z (attempt 1/3)
2026-08-14 01:09:11 | INFO | Breeze returned 376 candles.
2026-08-14 01:09:11 | INFO | First candle : 2022-08-19 09:07:00
2026-08-14 01:09:11 | INFO | Last candle  : 2022-08-19 15:29:00
2026-08-14 01:09:11 | INFO | Saved 2022-08-19: 376 candles -> data/raw/breeze\RELIND\1m\2022\08\2022-08-19.json
2026-08-14 01:09:11 | INFO | Next trading day: 2022-08-22
2026-08-14 01:09:11 | INFO | Waiting 1.0 seconds...
2026-08-14 01:09:12 | INFO | 
2026-08-14 01:09:12 | INFO | ======================================================================
2026-08-14 01:09:12 | INFO | CHUNK #62
2026-08-14 01:09:12 | INFO | Trading days: 2022-08-22 -> 2022-08-23
2026-08-14 01:09:12 | INFO | Request: 2022-08-22T09:00:00.000Z -> 2022-08-23T15:45:00.000Z
2026-08-14 01:09:12 | INFO | ======================================================================
2026-08-14 01:09:12 | INFO | API request: 2022-08-22T09:00:00.000Z -> 2022-08-23T15:45:00.000Z (attempt 1/3)
2026-08-14 01:09:12 | INFO | Breeze returned 754 candles.
2026-08-14 01:09:12 | INFO | First candle : 2022-08-22 09:07:00
2026-08-14 01:09:12 | INFO | Last candle  : 2022-08-23 15:30:00
2026-08-14 01:09:12 | INFO | Saved 2022-08-22: 377 candles -> data/raw/breeze\RELIND\1m\2022\08\2022-08-22.json
2026-08-14 01:09:12 | INFO | Saved 2022-08-23: 377 candles -> data/raw/breeze\RELIND\1m\2022\08\2022-08-23.json
2026-08-14 01:09:12 | INFO | Next trading day: 2022-08-24
2026-08-14 01:09:12 | INFO | Waiting 1.0 seconds...
2026-08-14 01:09:13 | INFO | 
2026-08-14 01:09:13 | INFO | ======================================================================
2026-08-14 01:09:13 | INFO | CHUNK #63
2026-08-14 01:09:13 | INFO | Trading days: 2022-08-24 -> 2022-08-25
2026-08-14 01:09:13 | INFO | Request: 2022-08-24T09:00:00.000Z -> 2022-08-25T15:45:00.000Z
2026-08-14 01:09:13 | INFO | ======================================================================
2026-08-14 01:09:13 | INFO | API request: 2022-08-24T09:00:00.000Z -> 2022-08-25T15:45:00.000Z (attempt 1/3)
2026-08-14 01:09:14 | INFO | Breeze returned 754 candles.
2026-08-14 01:09:14 | INFO | First candle : 2022-08-24 09:07:00
2026-08-14 01:09:14 | INFO | Last candle  : 2022-08-25 15:30:00
2026-08-14 01:09:14 | INFO | Saved 2022-08-24: 377 candles -> data/raw/breeze\RELIND\1m\2022\08\2022-08-24.json
2026-08-14 01:09:14 | INFO | Saved 2022-08-25: 377 candles -> data/raw/breeze\RELIND\1m\2022\08\2022-08-25.json
2026-08-14 01:09:14 | INFO | Next trading day: 2022-08-26
2026-08-14 01:09:14 | INFO | Waiting 1.0 seconds...
2026-08-14 01:09:15 | INFO | 
2026-08-14 01:09:15 | INFO | ======================================================================
2026-08-14 01:09:15 | INFO | CHUNK #64
2026-08-14 01:09:15 | INFO | Trading days: 2022-08-26 -> 2022-08-26
2026-08-14 01:09:15 | INFO | Request: 2022-08-26T09:00:00.000Z -> 2022-08-26T15:45:00.000Z
2026-08-14 01:09:15 | INFO | ======================================================================
2026-08-14 01:09:15 | INFO | API request: 2022-08-26T09:00:00.000Z -> 2022-08-26T15:45:00.000Z (attempt 1/3)
2026-08-14 01:09:15 | INFO | Breeze returned 377 candles.
2026-08-14 01:09:15 | INFO | First candle : 2022-08-26 09:07:00
2026-08-14 01:09:15 | INFO | Last candle  : 2022-08-26 15:30:00
2026-08-14 01:09:15 | INFO | Saved 2022-08-26: 377 candles -> data/raw/breeze\RELIND\1m\2022\08\2022-08-26.json
2026-08-14 01:09:15 | INFO | Next trading day: 2022-08-29
2026-08-14 01:09:15 | INFO | Waiting 1.0 seconds...
2026-08-14 01:09:16 | INFO | 
2026-08-14 01:09:16 | INFO | ======================================================================
2026-08-14 01:09:16 | INFO | CHUNK #65
2026-08-14 01:09:16 | INFO | Trading days: 2022-08-29 -> 2022-08-30
2026-08-14 01:09:16 | INFO | Request: 2022-08-29T09:00:00.000Z -> 2022-08-30T15:45:00.000Z
2026-08-14 01:09:16 | INFO | ======================================================================
2026-08-14 01:09:16 | INFO | API request: 2022-08-29T09:00:00.000Z -> 2022-08-30T15:45:00.000Z (attempt 1/3)
2026-08-14 01:09:16 | INFO | Breeze returned 754 candles.
2026-08-14 01:09:16 | INFO | First candle : 2022-08-29 09:07:00
2026-08-14 01:09:16 | INFO | Last candle  : 2022-08-30 15:30:00
2026-08-14 01:09:16 | INFO | Saved 2022-08-29: 377 candles -> data/raw/breeze\RELIND\1m\2022\08\2022-08-29.json
2026-08-14 01:09:16 | INFO | Saved 2022-08-30: 377 candles -> data/raw/breeze\RELIND\1m\2022\08\2022-08-30.json
2026-08-14 01:09:16 | INFO | Next trading day: 2022-08-31
2026-08-14 01:09:16 | INFO | Waiting 1.0 seconds...
2026-08-14 01:09:17 | INFO | 
2026-08-14 01:09:17 | INFO | ======================================================================
2026-08-14 01:09:17 | INFO | CHUNK #66
2026-08-14 01:09:17 | INFO | Trading days: 2022-08-31 -> 2022-09-01
2026-08-14 01:09:17 | INFO | Request: 2022-08-31T09:00:00.000Z -> 2022-09-01T15:45:00.000Z
2026-08-14 01:09:17 | INFO | ======================================================================
2026-08-14 01:09:17 | INFO | API request: 2022-08-31T09:00:00.000Z -> 2022-09-01T15:45:00.000Z (attempt 1/3)
2026-08-14 01:09:17 | INFO | Breeze returned 377 candles.
2026-08-14 01:09:17 | INFO | First candle : 2022-09-01 09:07:00
2026-08-14 01:09:17 | INFO | Last candle  : 2022-09-01 15:30:00
2026-08-14 01:09:17 | INFO | Saved 2022-08-31: 0 candles -> data/raw/breeze\RELIND\1m\2022\08\2022-08-31.json
2026-08-14 01:09:17 | INFO | Saved 2022-09-01: 377 candles -> data/raw/breeze\RELIND\1m\2022\09\2022-09-01.json
2026-08-14 01:09:17 | INFO | Next trading day: 2022-09-02
2026-08-14 01:09:17 | INFO | Waiting 1.0 seconds...
2026-08-14 01:09:18 | INFO | 
2026-08-14 01:09:18 | INFO | ======================================================================
2026-08-14 01:09:18 | INFO | CHUNK #67
2026-08-14 01:09:18 | INFO | Trading days: 2022-09-02 -> 2022-09-02
2026-08-14 01:09:18 | INFO | Request: 2022-09-02T09:00:00.000Z -> 2022-09-02T15:45:00.000Z
2026-08-14 01:09:18 | INFO | ======================================================================
2026-08-14 01:09:18 | INFO | API request: 2022-09-02T09:00:00.000Z -> 2022-09-02T15:45:00.000Z (attempt 1/3)
2026-08-14 01:09:19 | INFO | Breeze returned 377 candles.
2026-08-14 01:09:19 | INFO | First candle : 2022-09-02 09:07:00
2026-08-14 01:09:19 | INFO | Last candle  : 2022-09-02 15:30:00
2026-08-14 01:09:19 | INFO | Saved 2022-09-02: 377 candles -> data/raw/breeze\RELIND\1m\2022\09\2022-09-02.json
2026-08-14 01:09:19 | INFO | Next trading day: 2022-09-05
2026-08-14 01:09:19 | INFO | Waiting 1.0 seconds...
2026-08-14 01:09:20 | INFO | 
2026-08-14 01:09:20 | INFO | ======================================================================
2026-08-14 01:09:20 | INFO | CHUNK #68
2026-08-14 01:09:20 | INFO | Trading days: 2022-09-05 -> 2022-09-06
2026-08-14 01:09:20 | INFO | Request: 2022-09-05T09:00:00.000Z -> 2022-09-06T15:45:00.000Z
2026-08-14 01:09:20 | INFO | ======================================================================
2026-08-14 01:09:20 | INFO | API request: 2022-09-05T09:00:00.000Z -> 2022-09-06T15:45:00.000Z (attempt 1/3)
2026-08-14 01:09:20 | INFO | Breeze returned 753 candles.
2026-08-14 01:09:20 | INFO | First candle : 2022-09-05 09:07:00
2026-08-14 01:09:20 | INFO | Last candle  : 2022-09-06 15:29:00
2026-08-14 01:09:20 | INFO | Saved 2022-09-05: 377 candles -> data/raw/breeze\RELIND\1m\2022\09\2022-09-05.json
2026-08-14 01:09:20 | INFO | Saved 2022-09-06: 376 candles -> data/raw/breeze\RELIND\1m\2022\09\2022-09-06.json
2026-08-14 01:09:20 | INFO | Next trading day: 2022-09-07
2026-08-14 01:09:20 | INFO | Waiting 1.0 seconds...
2026-08-14 01:09:21 | INFO | 
2026-08-14 01:09:21 | INFO | ======================================================================
2026-08-14 01:09:21 | INFO | CHUNK #69
2026-08-14 01:09:21 | INFO | Trading days: 2022-09-07 -> 2022-09-08
2026-08-14 01:09:21 | INFO | Request: 2022-09-07T09:00:00.000Z -> 2022-09-08T15:45:00.000Z
2026-08-14 01:09:21 | INFO | ======================================================================
2026-08-14 01:09:21 | INFO | API request: 2022-09-07T09:00:00.000Z -> 2022-09-08T15:45:00.000Z (attempt 1/3)
2026-08-14 01:09:21 | INFO | Breeze returned 754 candles.
2026-08-14 01:09:21 | INFO | First candle : 2022-09-07 09:07:00
2026-08-14 01:09:21 | INFO | Last candle  : 2022-09-08 15:30:00
2026-08-14 01:09:21 | INFO | Saved 2022-09-07: 377 candles -> data/raw/breeze\RELIND\1m\2022\09\2022-09-07.json
2026-08-14 01:09:21 | INFO | Saved 2022-09-08: 377 candles -> data/raw/breeze\RELIND\1m\2022\09\2022-09-08.json
2026-08-14 01:09:21 | INFO | Next trading day: 2022-09-09
2026-08-14 01:09:21 | INFO | Waiting 1.0 seconds...
2026-08-14 01:09:22 | INFO | 
2026-08-14 01:09:22 | INFO | ======================================================================
2026-08-14 01:09:22 | INFO | CHUNK #70
2026-08-14 01:09:22 | INFO | Trading days: 2022-09-09 -> 2022-09-09
2026-08-14 01:09:22 | INFO | Request: 2022-09-09T09:00:00.000Z -> 2022-09-09T15:45:00.000Z
2026-08-14 01:09:22 | INFO | ======================================================================
2026-08-14 01:09:22 | INFO | API request: 2022-09-09T09:00:00.000Z -> 2022-09-09T15:45:00.000Z (attempt 1/3)
2026-08-14 01:09:23 | INFO | Breeze returned 377 candles.
2026-08-14 01:09:23 | INFO | First candle : 2022-09-09 09:07:00
2026-08-14 01:09:23 | INFO | Last candle  : 2022-09-09 15:30:00
2026-08-14 01:09:23 | INFO | Saved 2022-09-09: 377 candles -> data/raw/breeze\RELIND\1m\2022\09\2022-09-09.json
2026-08-14 01:09:23 | INFO | Next trading day: 2022-09-12
2026-08-14 01:09:23 | INFO | Waiting 1.0 seconds...
2026-08-14 01:09:24 | INFO | 
2026-08-14 01:09:24 | INFO | ======================================================================
2026-08-14 01:09:24 | INFO | CHUNK #71
2026-08-14 01:09:24 | INFO | Trading days: 2022-09-12 -> 2022-09-13
2026-08-14 01:09:24 | INFO | Request: 2022-09-12T09:00:00.000Z -> 2022-09-13T15:45:00.000Z
2026-08-14 01:09:24 | INFO | ======================================================================
2026-08-14 01:09:24 | INFO | API request: 2022-09-12T09:00:00.000Z -> 2022-09-13T15:45:00.000Z (attempt 1/3)
2026-08-14 01:09:24 | INFO | Breeze returned 753 candles.
2026-08-14 01:09:24 | INFO | First candle : 2022-09-12 09:07:00
2026-08-14 01:09:24 | INFO | Last candle  : 2022-09-13 15:30:00
2026-08-14 01:09:24 | INFO | Saved 2022-09-12: 376 candles -> data/raw/breeze\RELIND\1m\2022\09\2022-09-12.json
2026-08-14 01:09:24 | INFO | Saved 2022-09-13: 377 candles -> data/raw/breeze\RELIND\1m\2022\09\2022-09-13.json
2026-08-14 01:09:24 | INFO | Next trading day: 2022-09-14
2026-08-14 01:09:24 | INFO | Waiting 1.0 seconds...
2026-08-14 01:09:25 | INFO | 
2026-08-14 01:09:25 | INFO | ======================================================================
2026-08-14 01:09:25 | INFO | CHUNK #72
2026-08-14 01:09:25 | INFO | Trading days: 2022-09-14 -> 2022-09-15
2026-08-14 01:09:25 | INFO | Request: 2022-09-14T09:00:00.000Z -> 2022-09-15T15:45:00.000Z
2026-08-14 01:09:25 | INFO | ======================================================================
2026-08-14 01:09:25 | INFO | API request: 2022-09-14T09:00:00.000Z -> 2022-09-15T15:45:00.000Z (attempt 1/3)
2026-08-14 01:09:25 | INFO | Breeze returned 753 candles.
2026-08-14 01:09:25 | INFO | First candle : 2022-09-14 09:07:00
2026-08-14 01:09:25 | INFO | Last candle  : 2022-09-15 15:30:00
2026-08-14 01:09:25 | INFO | Saved 2022-09-14: 376 candles -> data/raw/breeze\RELIND\1m\2022\09\2022-09-14.json
2026-08-14 01:09:25 | INFO | Saved 2022-09-15: 377 candles -> data/raw/breeze\RELIND\1m\2022\09\2022-09-15.json
2026-08-14 01:09:25 | INFO | Next trading day: 2022-09-16
2026-08-14 01:09:25 | INFO | Waiting 1.0 seconds...
2026-08-14 01:09:26 | INFO | 
2026-08-14 01:09:26 | INFO | ======================================================================
2026-08-14 01:09:26 | INFO | CHUNK #73
2026-08-14 01:09:26 | INFO | Trading days: 2022-09-16 -> 2022-09-16
2026-08-14 01:09:26 | INFO | Request: 2022-09-16T09:00:00.000Z -> 2022-09-16T15:45:00.000Z
2026-08-14 01:09:26 | INFO | ======================================================================
2026-08-14 01:09:26 | INFO | API request: 2022-09-16T09:00:00.000Z -> 2022-09-16T15:45:00.000Z (attempt 1/3)
2026-08-14 01:09:27 | INFO | Breeze returned 377 candles.
2026-08-14 01:09:27 | INFO | First candle : 2022-09-16 09:07:00
2026-08-14 01:09:27 | INFO | Last candle  : 2022-09-16 15:30:00
2026-08-14 01:09:27 | INFO | Saved 2022-09-16: 377 candles -> data/raw/breeze\RELIND\1m\2022\09\2022-09-16.json
2026-08-14 01:09:27 | INFO | Next trading day: 2022-09-19
2026-08-14 01:09:27 | INFO | Waiting 1.0 seconds...
2026-08-14 01:09:28 | INFO | 
2026-08-14 01:09:28 | INFO | ======================================================================
2026-08-14 01:09:28 | INFO | CHUNK #74
2026-08-14 01:09:28 | INFO | Trading days: 2022-09-19 -> 2022-09-20
2026-08-14 01:09:28 | INFO | Request: 2022-09-19T09:00:00.000Z -> 2022-09-20T15:45:00.000Z
2026-08-14 01:09:28 | INFO | ======================================================================
2026-08-14 01:09:28 | INFO | API request: 2022-09-19T09:00:00.000Z -> 2022-09-20T15:45:00.000Z (attempt 1/3)
2026-08-14 01:09:28 | INFO | Breeze returned 754 candles.
2026-08-14 01:09:28 | INFO | First candle : 2022-09-19 09:07:00
2026-08-14 01:09:28 | INFO | Last candle  : 2022-09-20 15:30:00
2026-08-14 01:09:28 | INFO | Saved 2022-09-19: 377 candles -> data/raw/breeze\RELIND\1m\2022\09\2022-09-19.json
2026-08-14 01:09:28 | INFO | Saved 2022-09-20: 377 candles -> data/raw/breeze\RELIND\1m\2022\09\2022-09-20.json
2026-08-14 01:09:28 | INFO | Next trading day: 2022-09-21
2026-08-14 01:09:28 | INFO | Waiting 1.0 seconds...
2026-08-14 01:09:29 | INFO | 
2026-08-14 01:09:29 | INFO | ======================================================================
2026-08-14 01:09:29 | INFO | CHUNK #75
2026-08-14 01:09:29 | INFO | Trading days: 2022-09-21 -> 2022-09-22
2026-08-14 01:09:29 | INFO | Request: 2022-09-21T09:00:00.000Z -> 2022-09-22T15:45:00.000Z
2026-08-14 01:09:29 | INFO | ======================================================================
2026-08-14 01:09:29 | INFO | API request: 2022-09-21T09:00:00.000Z -> 2022-09-22T15:45:00.000Z (attempt 1/3)
2026-08-14 01:09:29 | INFO | Breeze returned 754 candles.
2026-08-14 01:09:29 | INFO | First candle : 2022-09-21 09:07:00
2026-08-14 01:09:29 | INFO | Last candle  : 2022-09-22 15:30:00
2026-08-14 01:09:29 | INFO | Saved 2022-09-21: 377 candles -> data/raw/breeze\RELIND\1m\2022\09\2022-09-21.json
2026-08-14 01:09:29 | INFO | Saved 2022-09-22: 377 candles -> data/raw/breeze\RELIND\1m\2022\09\2022-09-22.json
2026-08-14 01:09:29 | INFO | Next trading day: 2022-09-23
2026-08-14 01:09:29 | INFO | Waiting 1.0 seconds...
2026-08-14 01:09:30 | INFO | 
2026-08-14 01:09:30 | INFO | ======================================================================
2026-08-14 01:09:30 | INFO | CHUNK #76
2026-08-14 01:09:30 | INFO | Trading days: 2022-09-23 -> 2022-09-23
2026-08-14 01:09:30 | INFO | Request: 2022-09-23T09:00:00.000Z -> 2022-09-23T15:45:00.000Z
2026-08-14 01:09:30 | INFO | ======================================================================
2026-08-14 01:09:30 | INFO | API request: 2022-09-23T09:00:00.000Z -> 2022-09-23T15:45:00.000Z (attempt 1/3)
2026-08-14 01:09:31 | INFO | Breeze returned 377 candles.
2026-08-14 01:09:31 | INFO | First candle : 2022-09-23 09:07:00
2026-08-14 01:09:31 | INFO | Last candle  : 2022-09-23 15:30:00
2026-08-14 01:09:31 | INFO | Saved 2022-09-23: 377 candles -> data/raw/breeze\RELIND\1m\2022\09\2022-09-23.json
2026-08-14 01:09:31 | INFO | Next trading day: 2022-09-26
2026-08-14 01:09:31 | INFO | Waiting 1.0 seconds...
2026-08-14 01:09:32 | INFO | 
2026-08-14 01:09:32 | INFO | ======================================================================
2026-08-14 01:09:32 | INFO | CHUNK #77
2026-08-14 01:09:32 | INFO | Trading days: 2022-09-26 -> 2022-09-27
2026-08-14 01:09:32 | INFO | Request: 2022-09-26T09:00:00.000Z -> 2022-09-27T15:45:00.000Z
2026-08-14 01:09:32 | INFO | ======================================================================
2026-08-14 01:09:32 | INFO | API request: 2022-09-26T09:00:00.000Z -> 2022-09-27T15:45:00.000Z (attempt 1/3)
2026-08-14 01:09:32 | INFO | Breeze returned 754 candles.
2026-08-14 01:09:32 | INFO | First candle : 2022-09-26 09:07:00
2026-08-14 01:09:32 | INFO | Last candle  : 2022-09-27 15:30:00
2026-08-14 01:09:32 | INFO | Saved 2022-09-26: 377 candles -> data/raw/breeze\RELIND\1m\2022\09\2022-09-26.json
2026-08-14 01:09:32 | INFO | Saved 2022-09-27: 377 candles -> data/raw/breeze\RELIND\1m\2022\09\2022-09-27.json
2026-08-14 01:09:32 | INFO | Next trading day: 2022-09-28
2026-08-14 01:09:32 | INFO | Waiting 1.0 seconds...
2026-08-14 01:09:33 | INFO | 
2026-08-14 01:09:33 | INFO | ======================================================================
2026-08-14 01:09:33 | INFO | CHUNK #78
2026-08-14 01:09:33 | INFO | Trading days: 2022-09-28 -> 2022-09-29
2026-08-14 01:09:33 | INFO | Request: 2022-09-28T09:00:00.000Z -> 2022-09-29T15:45:00.000Z
2026-08-14 01:09:33 | INFO | ======================================================================
2026-08-14 01:09:33 | INFO | API request: 2022-09-28T09:00:00.000Z -> 2022-09-29T15:45:00.000Z (attempt 1/3)
2026-08-14 01:09:33 | INFO | Breeze returned 754 candles.
2026-08-14 01:09:33 | INFO | First candle : 2022-09-28 09:07:00
2026-08-14 01:09:33 | INFO | Last candle  : 2022-09-29 15:30:00
2026-08-14 01:09:33 | INFO | Saved 2022-09-28: 377 candles -> data/raw/breeze\RELIND\1m\2022\09\2022-09-28.json
2026-08-14 01:09:33 | INFO | Saved 2022-09-29: 377 candles -> data/raw/breeze\RELIND\1m\2022\09\2022-09-29.json
2026-08-14 01:09:33 | INFO | Next trading day: 2022-09-30
2026-08-14 01:09:33 | INFO | Waiting 1.0 seconds...
2026-08-14 01:09:34 | INFO | 
2026-08-14 01:09:34 | INFO | ======================================================================
2026-08-14 01:09:34 | INFO | CHUNK #79
2026-08-14 01:09:34 | INFO | Trading days: 2022-09-30 -> 2022-09-30
2026-08-14 01:09:34 | INFO | Request: 2022-09-30T09:00:00.000Z -> 2022-09-30T15:45:00.000Z
2026-08-14 01:09:34 | INFO | ======================================================================
2026-08-14 01:09:34 | INFO | API request: 2022-09-30T09:00:00.000Z -> 2022-09-30T15:45:00.000Z (attempt 1/3)
2026-08-14 01:09:35 | INFO | Breeze returned 377 candles.
2026-08-14 01:09:35 | INFO | First candle : 2022-09-30 09:07:00
2026-08-14 01:09:35 | INFO | Last candle  : 2022-09-30 15:30:00
2026-08-14 01:09:35 | INFO | Saved 2022-09-30: 377 candles -> data/raw/breeze\RELIND\1m\2022\09\2022-09-30.json
2026-08-14 01:09:35 | INFO | Next trading day: 2022-10-03
2026-08-14 01:09:35 | INFO | Waiting 1.0 seconds...
2026-08-14 01:09:36 | INFO | 
2026-08-14 01:09:36 | INFO | ======================================================================
2026-08-14 01:09:36 | INFO | CHUNK #80
2026-08-14 01:09:36 | INFO | Trading days: 2022-10-03 -> 2022-10-04
2026-08-14 01:09:36 | INFO | Request: 2022-10-03T09:00:00.000Z -> 2022-10-04T15:45:00.000Z
2026-08-14 01:09:36 | INFO | ======================================================================
2026-08-14 01:09:36 | INFO | API request: 2022-10-03T09:00:00.000Z -> 2022-10-04T15:45:00.000Z (attempt 1/3)
2026-08-14 01:09:36 | INFO | Breeze returned 754 candles.
2026-08-14 01:09:36 | INFO | First candle : 2022-10-03 09:07:00
2026-08-14 01:09:36 | INFO | Last candle  : 2022-10-04 15:30:00
2026-08-14 01:09:36 | INFO | Saved 2022-10-03: 377 candles -> data/raw/breeze\RELIND\1m\2022\10\2022-10-03.json
2026-08-14 01:09:36 | INFO | Saved 2022-10-04: 377 candles -> data/raw/breeze\RELIND\1m\2022\10\2022-10-04.json
2026-08-14 01:09:36 | INFO | Next trading day: 2022-10-05
2026-08-14 01:09:36 | INFO | Waiting 1.0 seconds...
2026-08-14 01:09:37 | INFO | 
2026-08-14 01:09:37 | INFO | ======================================================================
2026-08-14 01:09:37 | INFO | CHUNK #81
2026-08-14 01:09:37 | INFO | Trading days: 2022-10-05 -> 2022-10-06
2026-08-14 01:09:37 | INFO | Request: 2022-10-05T09:00:00.000Z -> 2022-10-06T15:45:00.000Z
2026-08-14 01:09:37 | INFO | ======================================================================
2026-08-14 01:09:37 | INFO | API request: 2022-10-05T09:00:00.000Z -> 2022-10-06T15:45:00.000Z (attempt 1/3)
2026-08-14 01:09:38 | INFO | Breeze returned 377 candles.
2026-08-14 01:09:38 | INFO | First candle : 2022-10-06 09:07:00
2026-08-14 01:09:38 | INFO | Last candle  : 2022-10-06 15:30:00
2026-08-14 01:09:38 | INFO | Saved 2022-10-05: 0 candles -> data/raw/breeze\RELIND\1m\2022\10\2022-10-05.json
2026-08-14 01:09:38 | INFO | Saved 2022-10-06: 377 candles -> data/raw/breeze\RELIND\1m\2022\10\2022-10-06.json
2026-08-14 01:09:38 | INFO | Next trading day: 2022-10-07
2026-08-14 01:09:38 | INFO | Waiting 1.0 seconds...
2026-08-14 01:09:39 | INFO | 
2026-08-14 01:09:39 | INFO | ======================================================================
2026-08-14 01:09:39 | INFO | CHUNK #82
2026-08-14 01:09:39 | INFO | Trading days: 2022-10-07 -> 2022-10-07
2026-08-14 01:09:39 | INFO | Request: 2022-10-07T09:00:00.000Z -> 2022-10-07T15:45:00.000Z
2026-08-14 01:09:39 | INFO | ======================================================================
2026-08-14 01:09:39 | INFO | API request: 2022-10-07T09:00:00.000Z -> 2022-10-07T15:45:00.000Z (attempt 1/3)
2026-08-14 01:09:39 | INFO | Breeze returned 377 candles.
2026-08-14 01:09:39 | INFO | First candle : 2022-10-07 09:07:00
2026-08-14 01:09:39 | INFO | Last candle  : 2022-10-07 15:30:00
2026-08-14 01:09:39 | INFO | Saved 2022-10-07: 377 candles -> data/raw/breeze\RELIND\1m\2022\10\2022-10-07.json
2026-08-14 01:09:39 | INFO | Next trading day: 2022-10-10
2026-08-14 01:09:39 | INFO | Waiting 1.0 seconds...
2026-08-14 01:09:40 | INFO | 
2026-08-14 01:09:40 | INFO | ======================================================================
2026-08-14 01:09:40 | INFO | CHUNK #83
2026-08-14 01:09:40 | INFO | Trading days: 2022-10-10 -> 2022-10-11
2026-08-14 01:09:40 | INFO | Request: 2022-10-10T09:00:00.000Z -> 2022-10-11T15:45:00.000Z
2026-08-14 01:09:40 | INFO | ======================================================================
2026-08-14 01:09:40 | INFO | API request: 2022-10-10T09:00:00.000Z -> 2022-10-11T15:45:00.000Z (attempt 1/3)
2026-08-14 01:09:40 | INFO | Breeze returned 754 candles.
2026-08-14 01:09:40 | INFO | First candle : 2022-10-10 09:07:00
2026-08-14 01:09:40 | INFO | Last candle  : 2022-10-11 15:30:00
2026-08-14 01:09:40 | INFO | Saved 2022-10-10: 377 candles -> data/raw/breeze\RELIND\1m\2022\10\2022-10-10.json
2026-08-14 01:09:40 | INFO | Saved 2022-10-11: 377 candles -> data/raw/breeze\RELIND\1m\2022\10\2022-10-11.json
2026-08-14 01:09:40 | INFO | Next trading day: 2022-10-12
2026-08-14 01:09:40 | INFO | Waiting 1.0 seconds...
2026-08-14 01:09:41 | INFO | 
2026-08-14 01:09:41 | INFO | ======================================================================
2026-08-14 01:09:41 | INFO | CHUNK #84
2026-08-14 01:09:41 | INFO | Trading days: 2022-10-12 -> 2022-10-13
2026-08-14 01:09:41 | INFO | Request: 2022-10-12T09:00:00.000Z -> 2022-10-13T15:45:00.000Z
2026-08-14 01:09:41 | INFO | ======================================================================
2026-08-14 01:09:41 | INFO | API request: 2022-10-12T09:00:00.000Z -> 2022-10-13T15:45:00.000Z (attempt 1/3)
2026-08-14 01:09:42 | INFO | Breeze returned 753 candles.
2026-08-14 01:09:42 | INFO | First candle : 2022-10-12 09:07:00
2026-08-14 01:09:42 | INFO | Last candle  : 2022-10-13 15:29:00
2026-08-14 01:09:42 | INFO | Saved 2022-10-12: 377 candles -> data/raw/breeze\RELIND\1m\2022\10\2022-10-12.json
2026-08-14 01:09:42 | INFO | Saved 2022-10-13: 376 candles -> data/raw/breeze\RELIND\1m\2022\10\2022-10-13.json
2026-08-14 01:09:42 | INFO | Next trading day: 2022-10-14
2026-08-14 01:09:42 | INFO | Waiting 1.0 seconds...
2026-08-14 01:09:43 | INFO | 
2026-08-14 01:09:43 | INFO | ======================================================================
2026-08-14 01:09:43 | INFO | CHUNK #85
2026-08-14 01:09:43 | INFO | Trading days: 2022-10-14 -> 2022-10-14
2026-08-14 01:09:43 | INFO | Request: 2022-10-14T09:00:00.000Z -> 2022-10-14T15:45:00.000Z
2026-08-14 01:09:43 | INFO | ======================================================================
2026-08-14 01:09:43 | INFO | API request: 2022-10-14T09:00:00.000Z -> 2022-10-14T15:45:00.000Z (attempt 1/3)
2026-08-14 01:09:43 | INFO | Breeze returned 377 candles.
2026-08-14 01:09:43 | INFO | First candle : 2022-10-14 09:07:00
2026-08-14 01:09:43 | INFO | Last candle  : 2022-10-14 15:30:00
2026-08-14 01:09:43 | INFO | Saved 2022-10-14: 377 candles -> data/raw/breeze\RELIND\1m\2022\10\2022-10-14.json
2026-08-14 01:09:43 | INFO | Next trading day: 2022-10-17
2026-08-14 01:09:43 | INFO | Waiting 1.0 seconds...
2026-08-14 01:09:44 | INFO | 
2026-08-14 01:09:44 | INFO | ======================================================================
2026-08-14 01:09:44 | INFO | CHUNK #86
2026-08-14 01:09:44 | INFO | Trading days: 2022-10-17 -> 2022-10-18
2026-08-14 01:09:44 | INFO | Request: 2022-10-17T09:00:00.000Z -> 2022-10-18T15:45:00.000Z
2026-08-14 01:09:44 | INFO | ======================================================================
2026-08-14 01:09:44 | INFO | API request: 2022-10-17T09:00:00.000Z -> 2022-10-18T15:45:00.000Z (attempt 1/3)
2026-08-14 01:09:44 | INFO | Breeze returned 754 candles.
2026-08-14 01:09:44 | INFO | First candle : 2022-10-17 09:07:00
2026-08-14 01:09:44 | INFO | Last candle  : 2022-10-18 15:30:00
2026-08-14 01:09:44 | INFO | Saved 2022-10-17: 377 candles -> data/raw/breeze\RELIND\1m\2022\10\2022-10-17.json
2026-08-14 01:09:44 | INFO | Saved 2022-10-18: 377 candles -> data/raw/breeze\RELIND\1m\2022\10\2022-10-18.json
2026-08-14 01:09:44 | INFO | Next trading day: 2022-10-19
2026-08-14 01:09:44 | INFO | Waiting 1.0 seconds...
2026-08-14 01:09:45 | INFO | 
2026-08-14 01:09:45 | INFO | ======================================================================
2026-08-14 01:09:45 | INFO | CHUNK #87
2026-08-14 01:09:45 | INFO | Trading days: 2022-10-19 -> 2022-10-20
2026-08-14 01:09:45 | INFO | Request: 2022-10-19T09:00:00.000Z -> 2022-10-20T15:45:00.000Z
2026-08-14 01:09:45 | INFO | ======================================================================
2026-08-14 01:09:45 | INFO | API request: 2022-10-19T09:00:00.000Z -> 2022-10-20T15:45:00.000Z (attempt 1/3)
2026-08-14 01:09:46 | INFO | Breeze returned 754 candles.
2026-08-14 01:09:46 | INFO | First candle : 2022-10-19 09:07:00
2026-08-14 01:09:46 | INFO | Last candle  : 2022-10-20 15:30:00
2026-08-14 01:09:46 | INFO | Saved 2022-10-19: 377 candles -> data/raw/breeze\RELIND\1m\2022\10\2022-10-19.json
2026-08-14 01:09:46 | INFO | Saved 2022-10-20: 377 candles -> data/raw/breeze\RELIND\1m\2022\10\2022-10-20.json
2026-08-14 01:09:46 | INFO | Next trading day: 2022-10-21
2026-08-14 01:09:46 | INFO | Waiting 1.0 seconds...
2026-08-14 01:09:47 | INFO | 
2026-08-14 01:09:47 | INFO | ======================================================================
2026-08-14 01:09:47 | INFO | CHUNK #88
2026-08-14 01:09:47 | INFO | Trading days: 2022-10-21 -> 2022-10-21
2026-08-14 01:09:47 | INFO | Request: 2022-10-21T09:00:00.000Z -> 2022-10-21T15:45:00.000Z
2026-08-14 01:09:47 | INFO | ======================================================================
2026-08-14 01:09:47 | INFO | API request: 2022-10-21T09:00:00.000Z -> 2022-10-21T15:45:00.000Z (attempt 1/3)
2026-08-14 01:09:47 | INFO | Breeze returned 377 candles.
2026-08-14 01:09:47 | INFO | First candle : 2022-10-21 09:07:00
2026-08-14 01:09:47 | INFO | Last candle  : 2022-10-21 15:30:00
2026-08-14 01:09:47 | INFO | Saved 2022-10-21: 377 candles -> data/raw/breeze\RELIND\1m\2022\10\2022-10-21.json
2026-08-14 01:09:47 | INFO | Next trading day: 2022-10-24
2026-08-14 01:09:47 | INFO | Waiting 1.0 seconds...
2026-08-14 01:09:48 | INFO | 
2026-08-14 01:09:48 | INFO | ======================================================================
2026-08-14 01:09:48 | INFO | CHUNK #89
2026-08-14 01:09:48 | INFO | Trading days: 2022-10-24 -> 2022-10-25
2026-08-14 01:09:48 | INFO | Request: 2022-10-24T09:00:00.000Z -> 2022-10-25T15:45:00.000Z
2026-08-14 01:09:48 | INFO | ======================================================================
2026-08-14 01:09:48 | INFO | API request: 2022-10-24T09:00:00.000Z -> 2022-10-25T15:45:00.000Z (attempt 1/3)
2026-08-14 01:09:49 | INFO | Breeze returned 441 candles.
2026-08-14 01:09:49 | INFO | First candle : 2022-10-24 18:07:00
2026-08-14 01:09:49 | INFO | Last candle  : 2022-10-25 15:30:00
2026-08-14 01:09:49 | INFO | Saved 2022-10-24: 64 candles -> data/raw/breeze\RELIND\1m\2022\10\2022-10-24.json
2026-08-14 01:09:49 | INFO | Saved 2022-10-25: 377 candles -> data/raw/breeze\RELIND\1m\2022\10\2022-10-25.json
2026-08-14 01:09:49 | INFO | Next trading day: 2022-10-26
2026-08-14 01:09:49 | INFO | Waiting 1.0 seconds...
2026-08-14 01:09:50 | INFO | 
2026-08-14 01:09:50 | INFO | ======================================================================
2026-08-14 01:09:50 | INFO | CHUNK #90
2026-08-14 01:09:50 | INFO | Trading days: 2022-10-26 -> 2022-10-27
2026-08-14 01:09:50 | INFO | Request: 2022-10-26T09:00:00.000Z -> 2022-10-27T15:45:00.000Z
2026-08-14 01:09:50 | INFO | ======================================================================
2026-08-14 01:09:50 | INFO | API request: 2022-10-26T09:00:00.000Z -> 2022-10-27T15:45:00.000Z (attempt 1/3)
2026-08-14 01:09:50 | INFO | Breeze returned 377 candles.
2026-08-14 01:09:50 | INFO | First candle : 2022-10-27 09:07:00
2026-08-14 01:09:50 | INFO | Last candle  : 2022-10-27 15:30:00
2026-08-14 01:09:50 | INFO | Saved 2022-10-26: 0 candles -> data/raw/breeze\RELIND\1m\2022\10\2022-10-26.json
2026-08-14 01:09:50 | INFO | Saved 2022-10-27: 377 candles -> data/raw/breeze\RELIND\1m\2022\10\2022-10-27.json
2026-08-14 01:09:50 | INFO | Next trading day: 2022-10-28
2026-08-14 01:09:50 | INFO | Waiting 1.0 seconds...
2026-08-14 01:09:51 | INFO | 
2026-08-14 01:09:51 | INFO | ======================================================================
2026-08-14 01:09:51 | INFO | CHUNK #91
2026-08-14 01:09:51 | INFO | Trading days: 2022-10-28 -> 2022-10-28
2026-08-14 01:09:51 | INFO | Request: 2022-10-28T09:00:00.000Z -> 2022-10-28T15:45:00.000Z
2026-08-14 01:09:51 | INFO | ======================================================================
2026-08-14 01:09:51 | INFO | API request: 2022-10-28T09:00:00.000Z -> 2022-10-28T15:45:00.000Z (attempt 1/3)
2026-08-14 01:09:52 | INFO | Breeze returned 377 candles.
2026-08-14 01:09:52 | INFO | First candle : 2022-10-28 09:07:00
2026-08-14 01:09:52 | INFO | Last candle  : 2022-10-28 15:30:00
2026-08-14 01:09:52 | INFO | Saved 2022-10-28: 377 candles -> data/raw/breeze\RELIND\1m\2022\10\2022-10-28.json
2026-08-14 01:09:52 | INFO | Next trading day: 2022-10-31
2026-08-14 01:09:52 | INFO | Waiting 1.0 seconds...
2026-08-14 01:09:53 | INFO | 
2026-08-14 01:09:53 | INFO | ======================================================================
2026-08-14 01:09:53 | INFO | CHUNK #92
2026-08-14 01:09:53 | INFO | Trading days: 2022-10-31 -> 2022-11-01
2026-08-14 01:09:53 | INFO | Request: 2022-10-31T09:00:00.000Z -> 2022-11-01T15:45:00.000Z
2026-08-14 01:09:53 | INFO | ======================================================================
2026-08-14 01:09:53 | INFO | API request: 2022-10-31T09:00:00.000Z -> 2022-11-01T15:45:00.000Z (attempt 1/3)
2026-08-14 01:09:53 | INFO | Breeze returned 753 candles.
2026-08-14 01:09:53 | INFO | First candle : 2022-10-31 09:07:00
2026-08-14 01:09:53 | INFO | Last candle  : 2022-11-01 15:30:00
2026-08-14 01:09:53 | INFO | Saved 2022-10-31: 376 candles -> data/raw/breeze\RELIND\1m\2022\10\2022-10-31.json
2026-08-14 01:09:53 | INFO | Saved 2022-11-01: 377 candles -> data/raw/breeze\RELIND\1m\2022\11\2022-11-01.json
2026-08-14 01:09:53 | INFO | Next trading day: 2022-11-02
2026-08-14 01:09:53 | INFO | Waiting 1.0 seconds...
2026-08-14 01:09:54 | INFO | 
2026-08-14 01:09:54 | INFO | ======================================================================
2026-08-14 01:09:54 | INFO | CHUNK #93
2026-08-14 01:09:54 | INFO | Trading days: 2022-11-02 -> 2022-11-03
2026-08-14 01:09:54 | INFO | Request: 2022-11-02T09:00:00.000Z -> 2022-11-03T15:45:00.000Z
2026-08-14 01:09:54 | INFO | ======================================================================
2026-08-14 01:09:54 | INFO | API request: 2022-11-02T09:00:00.000Z -> 2022-11-03T15:45:00.000Z (attempt 1/3)
2026-08-14 01:09:54 | INFO | Breeze returned 754 candles.
2026-08-14 01:09:54 | INFO | First candle : 2022-11-02 09:07:00
2026-08-14 01:09:54 | INFO | Last candle  : 2022-11-03 15:30:00
2026-08-14 01:09:54 | INFO | Saved 2022-11-02: 377 candles -> data/raw/breeze\RELIND\1m\2022\11\2022-11-02.json
2026-08-14 01:09:54 | INFO | Saved 2022-11-03: 377 candles -> data/raw/breeze\RELIND\1m\2022\11\2022-11-03.json
2026-08-14 01:09:54 | INFO | Next trading day: 2022-11-04
2026-08-14 01:09:54 | INFO | Waiting 1.0 seconds...
2026-08-14 01:09:55 | INFO | 
2026-08-14 01:09:55 | INFO | ======================================================================
2026-08-14 01:09:55 | INFO | CHUNK #94
2026-08-14 01:09:55 | INFO | Trading days: 2022-11-04 -> 2022-11-04
2026-08-14 01:09:55 | INFO | Request: 2022-11-04T09:00:00.000Z -> 2022-11-04T15:45:00.000Z
2026-08-14 01:09:55 | INFO | ======================================================================
2026-08-14 01:09:55 | INFO | API request: 2022-11-04T09:00:00.000Z -> 2022-11-04T15:45:00.000Z (attempt 1/3)
2026-08-14 01:09:56 | INFO | Breeze returned 377 candles.
2026-08-14 01:09:56 | INFO | First candle : 2022-11-04 09:07:00
2026-08-14 01:09:56 | INFO | Last candle  : 2022-11-04 15:30:00
2026-08-14 01:09:56 | INFO | Saved 2022-11-04: 377 candles -> data/raw/breeze\RELIND\1m\2022\11\2022-11-04.json
2026-08-14 01:09:56 | INFO | Next trading day: 2022-11-07
2026-08-14 01:09:56 | INFO | Waiting 1.0 seconds...
2026-08-14 01:09:57 | INFO | 
2026-08-14 01:09:57 | INFO | ======================================================================
2026-08-14 01:09:57 | INFO | CHUNK #95
2026-08-14 01:09:57 | INFO | Trading days: 2022-11-07 -> 2022-11-08
2026-08-14 01:09:57 | INFO | Request: 2022-11-07T09:00:00.000Z -> 2022-11-08T15:45:00.000Z
2026-08-14 01:09:57 | INFO | ======================================================================
2026-08-14 01:09:57 | INFO | API request: 2022-11-07T09:00:00.000Z -> 2022-11-08T15:45:00.000Z (attempt 1/3)
2026-08-14 01:09:57 | INFO | Breeze returned 377 candles.
2026-08-14 01:09:57 | INFO | First candle : 2022-11-07 09:07:00
2026-08-14 01:09:57 | INFO | Last candle  : 2022-11-07 15:30:00
2026-08-14 01:09:57 | INFO | Saved 2022-11-07: 377 candles -> data/raw/breeze\RELIND\1m\2022\11\2022-11-07.json
2026-08-14 01:09:57 | INFO | Saved 2022-11-08: 0 candles -> data/raw/breeze\RELIND\1m\2022\11\2022-11-08.json
2026-08-14 01:09:57 | INFO | Next trading day: 2022-11-09
2026-08-14 01:09:57 | INFO | Waiting 1.0 seconds...
2026-08-14 01:09:58 | INFO | 
2026-08-14 01:09:58 | INFO | ======================================================================
2026-08-14 01:09:58 | INFO | CHUNK #96
2026-08-14 01:09:58 | INFO | Trading days: 2022-11-09 -> 2022-11-10
2026-08-14 01:09:58 | INFO | Request: 2022-11-09T09:00:00.000Z -> 2022-11-10T15:45:00.000Z
2026-08-14 01:09:58 | INFO | ======================================================================
2026-08-14 01:09:58 | INFO | API request: 2022-11-09T09:00:00.000Z -> 2022-11-10T15:45:00.000Z (attempt 1/3)
2026-08-14 01:09:58 | INFO | Breeze returned 754 candles.
2026-08-14 01:09:58 | INFO | First candle : 2022-11-09 09:07:00
2026-08-14 01:09:58 | INFO | Last candle  : 2022-11-10 15:30:00
2026-08-14 01:09:58 | INFO | Saved 2022-11-09: 377 candles -> data/raw/breeze\RELIND\1m\2022\11\2022-11-09.json
2026-08-14 01:09:58 | INFO | Saved 2022-11-10: 377 candles -> data/raw/breeze\RELIND\1m\2022\11\2022-11-10.json
2026-08-14 01:09:58 | INFO | Next trading day: 2022-11-11
2026-08-14 01:09:58 | INFO | Waiting 1.0 seconds...
2026-08-14 01:09:59 | INFO | 
2026-08-14 01:09:59 | INFO | ======================================================================
2026-08-14 01:09:59 | INFO | CHUNK #97
2026-08-14 01:09:59 | INFO | Trading days: 2022-11-11 -> 2022-11-11
2026-08-14 01:09:59 | INFO | Request: 2022-11-11T09:00:00.000Z -> 2022-11-11T15:45:00.000Z
2026-08-14 01:09:59 | INFO | ======================================================================
2026-08-14 01:09:59 | INFO | API request: 2022-11-11T09:00:00.000Z -> 2022-11-11T15:45:00.000Z (attempt 1/3)
2026-08-14 01:10:00 | INFO | Breeze returned 376 candles.
2026-08-14 01:10:00 | INFO | First candle : 2022-11-11 09:07:00
2026-08-14 01:10:00 | INFO | Last candle  : 2022-11-11 15:29:00
2026-08-14 01:10:00 | INFO | Saved 2022-11-11: 376 candles -> data/raw/breeze\RELIND\1m\2022\11\2022-11-11.json
2026-08-14 01:10:00 | INFO | Next trading day: 2022-11-14
2026-08-14 01:10:00 | INFO | Waiting 1.0 seconds...
2026-08-14 01:10:01 | INFO | 
2026-08-14 01:10:01 | INFO | ======================================================================
2026-08-14 01:10:01 | INFO | CHUNK #98
2026-08-14 01:10:01 | INFO | Trading days: 2022-11-14 -> 2022-11-15
2026-08-14 01:10:01 | INFO | Request: 2022-11-14T09:00:00.000Z -> 2022-11-15T15:45:00.000Z
2026-08-14 01:10:01 | INFO | ======================================================================
2026-08-14 01:10:01 | INFO | API request: 2022-11-14T09:00:00.000Z -> 2022-11-15T15:45:00.000Z (attempt 1/3)
2026-08-14 01:10:01 | INFO | Breeze returned 753 candles.
2026-08-14 01:10:01 | INFO | First candle : 2022-11-14 09:07:00
2026-08-14 01:10:01 | INFO | Last candle  : 2022-11-15 15:30:00
2026-08-14 01:10:01 | INFO | Saved 2022-11-14: 376 candles -> data/raw/breeze\RELIND\1m\2022\11\2022-11-14.json
2026-08-14 01:10:01 | INFO | Saved 2022-11-15: 377 candles -> data/raw/breeze\RELIND\1m\2022\11\2022-11-15.json
2026-08-14 01:10:01 | INFO | Next trading day: 2022-11-16
2026-08-14 01:10:01 | INFO | Waiting 1.0 seconds...
2026-08-14 01:10:02 | INFO | 
2026-08-14 01:10:02 | INFO | ======================================================================
2026-08-14 01:10:02 | INFO | CHUNK #99
2026-08-14 01:10:02 | INFO | Trading days: 2022-11-16 -> 2022-11-17
2026-08-14 01:10:02 | INFO | Request: 2022-11-16T09:00:00.000Z -> 2022-11-17T15:45:00.000Z
2026-08-14 01:10:02 | INFO | ======================================================================
2026-08-14 01:10:02 | INFO | API request: 2022-11-16T09:00:00.000Z -> 2022-11-17T15:45:00.000Z (attempt 1/3)
2026-08-14 01:10:02 | INFO | Breeze returned 752 candles.
2026-08-14 01:10:02 | INFO | First candle : 2022-11-16 09:07:00
2026-08-14 01:10:02 | INFO | Last candle  : 2022-11-17 15:29:00
2026-08-14 01:10:02 | INFO | Saved 2022-11-16: 376 candles -> data/raw/breeze\RELIND\1m\2022\11\2022-11-16.json
2026-08-14 01:10:02 | INFO | Saved 2022-11-17: 376 candles -> data/raw/breeze\RELIND\1m\2022\11\2022-11-17.json
2026-08-14 01:10:02 | INFO | Next trading day: 2022-11-18
2026-08-14 01:10:02 | INFO | Waiting 1.0 seconds...
2026-08-14 01:10:03 | INFO | 
2026-08-14 01:10:03 | INFO | ======================================================================
2026-08-14 01:10:03 | INFO | CHUNK #100
2026-08-14 01:10:03 | INFO | Trading days: 2022-11-18 -> 2022-11-18
2026-08-14 01:10:03 | INFO | Request: 2022-11-18T09:00:00.000Z -> 2022-11-18T15:45:00.000Z
2026-08-14 01:10:03 | INFO | ======================================================================
2026-08-14 01:10:03 | INFO | API request: 2022-11-18T09:00:00.000Z -> 2022-11-18T15:45:00.000Z (attempt 1/3)
2026-08-14 01:10:03 | INFO | Breeze returned 377 candles.
2026-08-14 01:10:03 | INFO | First candle : 2022-11-18 09:07:00
2026-08-14 01:10:03 | INFO | Last candle  : 2022-11-18 15:30:00
2026-08-14 01:10:03 | INFO | Saved 2022-11-18: 377 candles -> data/raw/breeze\RELIND\1m\2022\11\2022-11-18.json
2026-08-14 01:10:03 | INFO | Next trading day: 2022-11-21
2026-08-14 01:10:03 | INFO | Waiting 1.0 seconds...
2026-08-14 01:10:04 | INFO | 
2026-08-14 01:10:04 | INFO | ======================================================================
2026-08-14 01:10:04 | INFO | CHUNK #101
2026-08-14 01:10:04 | INFO | Trading days: 2022-11-21 -> 2022-11-22
2026-08-14 01:10:04 | INFO | Request: 2022-11-21T09:00:00.000Z -> 2022-11-22T15:45:00.000Z
2026-08-14 01:10:04 | INFO | ======================================================================
2026-08-14 01:10:04 | INFO | API request: 2022-11-21T09:00:00.000Z -> 2022-11-22T15:45:00.000Z (attempt 1/3)
2026-08-14 01:10:05 | INFO | Breeze returned 753 candles.
2026-08-14 01:10:05 | INFO | First candle : 2022-11-21 09:07:00
2026-08-14 01:10:05 | INFO | Last candle  : 2022-11-22 15:29:00
2026-08-14 01:10:05 | INFO | Saved 2022-11-21: 377 candles -> data/raw/breeze\RELIND\1m\2022\11\2022-11-21.json
2026-08-14 01:10:05 | INFO | Saved 2022-11-22: 376 candles -> data/raw/breeze\RELIND\1m\2022\11\2022-11-22.json
2026-08-14 01:10:05 | INFO | Next trading day: 2022-11-23
2026-08-14 01:10:05 | INFO | Waiting 1.0 seconds...
2026-08-14 01:10:06 | INFO | 
2026-08-14 01:10:06 | INFO | ======================================================================
2026-08-14 01:10:06 | INFO | CHUNK #102
2026-08-14 01:10:06 | INFO | Trading days: 2022-11-23 -> 2022-11-24
2026-08-14 01:10:06 | INFO | Request: 2022-11-23T09:00:00.000Z -> 2022-11-24T15:45:00.000Z
2026-08-14 01:10:06 | INFO | ======================================================================
2026-08-14 01:10:06 | INFO | API request: 2022-11-23T09:00:00.000Z -> 2022-11-24T15:45:00.000Z (attempt 1/3)
2026-08-14 01:10:06 | INFO | Breeze returned 753 candles.
2026-08-14 01:10:06 | INFO | First candle : 2022-11-23 09:07:00
2026-08-14 01:10:06 | INFO | Last candle  : 2022-11-24 15:30:00
2026-08-14 01:10:06 | INFO | Saved 2022-11-23: 376 candles -> data/raw/breeze\RELIND\1m\2022\11\2022-11-23.json
2026-08-14 01:10:06 | INFO | Saved 2022-11-24: 377 candles -> data/raw/breeze\RELIND\1m\2022\11\2022-11-24.json
2026-08-14 01:10:06 | INFO | Next trading day: 2022-11-25
2026-08-14 01:10:06 | INFO | Waiting 1.0 seconds...
2026-08-14 01:10:07 | INFO | 
2026-08-14 01:10:07 | INFO | ======================================================================
2026-08-14 01:10:07 | INFO | CHUNK #103
2026-08-14 01:10:07 | INFO | Trading days: 2022-11-25 -> 2022-11-25
2026-08-14 01:10:07 | INFO | Request: 2022-11-25T09:00:00.000Z -> 2022-11-25T15:45:00.000Z
2026-08-14 01:10:07 | INFO | ======================================================================
2026-08-14 01:10:07 | INFO | API request: 2022-11-25T09:00:00.000Z -> 2022-11-25T15:45:00.000Z (attempt 1/3)
2026-08-14 01:10:07 | INFO | Breeze returned 376 candles.
2026-08-14 01:10:07 | INFO | First candle : 2022-11-25 09:07:00
2026-08-14 01:10:07 | INFO | Last candle  : 2022-11-25 15:29:00
2026-08-14 01:10:07 | INFO | Saved 2022-11-25: 376 candles -> data/raw/breeze\RELIND\1m\2022\11\2022-11-25.json
2026-08-14 01:10:07 | INFO | Next trading day: 2022-11-28
2026-08-14 01:10:07 | INFO | Waiting 1.0 seconds...
2026-08-14 01:10:08 | INFO | 
2026-08-14 01:10:08 | INFO | ======================================================================
2026-08-14 01:10:08 | INFO | CHUNK #104
2026-08-14 01:10:08 | INFO | Trading days: 2022-11-28 -> 2022-11-29
2026-08-14 01:10:08 | INFO | Request: 2022-11-28T09:00:00.000Z -> 2022-11-29T15:45:00.000Z
2026-08-14 01:10:08 | INFO | ======================================================================
2026-08-14 01:10:08 | INFO | API request: 2022-11-28T09:00:00.000Z -> 2022-11-29T15:45:00.000Z (attempt 1/3)
2026-08-14 01:10:08 | INFO | Breeze returned 753 candles.
2026-08-14 01:10:08 | INFO | First candle : 2022-11-28 09:07:00
2026-08-14 01:10:08 | INFO | Last candle  : 2022-11-29 15:29:00
2026-08-14 01:10:08 | INFO | Saved 2022-11-28: 377 candles -> data/raw/breeze\RELIND\1m\2022\11\2022-11-28.json
2026-08-14 01:10:08 | INFO | Saved 2022-11-29: 376 candles -> data/raw/breeze\RELIND\1m\2022\11\2022-11-29.json
2026-08-14 01:10:08 | INFO | Next trading day: 2022-11-30
2026-08-14 01:10:08 | INFO | Waiting 1.0 seconds...
2026-08-14 01:10:09 | INFO | 
2026-08-14 01:10:09 | INFO | ======================================================================
2026-08-14 01:10:09 | INFO | CHUNK #105
2026-08-14 01:10:09 | INFO | Trading days: 2022-11-30 -> 2022-12-01
2026-08-14 01:10:09 | INFO | Request: 2022-11-30T09:00:00.000Z -> 2022-12-01T15:45:00.000Z
2026-08-14 01:10:09 | INFO | ======================================================================
2026-08-14 01:10:09 | INFO | API request: 2022-11-30T09:00:00.000Z -> 2022-12-01T15:45:00.000Z (attempt 1/3)
2026-08-14 01:10:10 | INFO | Breeze returned 753 candles.
2026-08-14 01:10:10 | INFO | First candle : 2022-11-30 09:07:00
2026-08-14 01:10:10 | INFO | Last candle  : 2022-12-01 15:30:00
2026-08-14 01:10:10 | INFO | Saved 2022-11-30: 376 candles -> data/raw/breeze\RELIND\1m\2022\11\2022-11-30.json
2026-08-14 01:10:10 | INFO | Saved 2022-12-01: 377 candles -> data/raw/breeze\RELIND\1m\2022\12\2022-12-01.json
2026-08-14 01:10:10 | INFO | Next trading day: 2022-12-02
2026-08-14 01:10:10 | INFO | Waiting 1.0 seconds...
2026-08-14 01:10:11 | INFO | 
2026-08-14 01:10:11 | INFO | ======================================================================
2026-08-14 01:10:11 | INFO | CHUNK #106
2026-08-14 01:10:11 | INFO | Trading days: 2022-12-02 -> 2022-12-02
2026-08-14 01:10:11 | INFO | Request: 2022-12-02T09:00:00.000Z -> 2022-12-02T15:45:00.000Z
2026-08-14 01:10:11 | INFO | ======================================================================
2026-08-14 01:10:11 | INFO | API request: 2022-12-02T09:00:00.000Z -> 2022-12-02T15:45:00.000Z (attempt 1/3)
2026-08-14 01:10:11 | INFO | Breeze returned 377 candles.
2026-08-14 01:10:11 | INFO | First candle : 2022-12-02 09:07:00
2026-08-14 01:10:11 | INFO | Last candle  : 2022-12-02 15:30:00
2026-08-14 01:10:11 | INFO | Saved 2022-12-02: 377 candles -> data/raw/breeze\RELIND\1m\2022\12\2022-12-02.json
2026-08-14 01:10:11 | INFO | Next trading day: 2022-12-05
2026-08-14 01:10:11 | INFO | Waiting 1.0 seconds...
2026-08-14 01:10:12 | INFO | 
2026-08-14 01:10:12 | INFO | ======================================================================
2026-08-14 01:10:12 | INFO | CHUNK #107
2026-08-14 01:10:12 | INFO | Trading days: 2022-12-05 -> 2022-12-06
2026-08-14 01:10:12 | INFO | Request: 2022-12-05T09:00:00.000Z -> 2022-12-06T15:45:00.000Z
2026-08-14 01:10:12 | INFO | ======================================================================
2026-08-14 01:10:12 | INFO | API request: 2022-12-05T09:00:00.000Z -> 2022-12-06T15:45:00.000Z (attempt 1/3)
2026-08-14 01:10:12 | INFO | Breeze returned 753 candles.
2026-08-14 01:10:12 | INFO | First candle : 2022-12-05 09:07:00
2026-08-14 01:10:12 | INFO | Last candle  : 2022-12-06 15:29:00
2026-08-14 01:10:12 | INFO | Saved 2022-12-05: 377 candles -> data/raw/breeze\RELIND\1m\2022\12\2022-12-05.json
2026-08-14 01:10:12 | INFO | Saved 2022-12-06: 376 candles -> data/raw/breeze\RELIND\1m\2022\12\2022-12-06.json
2026-08-14 01:10:12 | INFO | Next trading day: 2022-12-07
2026-08-14 01:10:12 | INFO | Waiting 1.0 seconds...
2026-08-14 01:10:13 | INFO | 
2026-08-14 01:10:13 | INFO | ======================================================================
2026-08-14 01:10:13 | INFO | CHUNK #108
2026-08-14 01:10:13 | INFO | Trading days: 2022-12-07 -> 2022-12-08
2026-08-14 01:10:13 | INFO | Request: 2022-12-07T09:00:00.000Z -> 2022-12-08T15:45:00.000Z
2026-08-14 01:10:13 | INFO | ======================================================================
2026-08-14 01:10:13 | INFO | API request: 2022-12-07T09:00:00.000Z -> 2022-12-08T15:45:00.000Z (attempt 1/3)
2026-08-14 01:10:14 | INFO | Breeze returned 753 candles.
2026-08-14 01:10:14 | INFO | First candle : 2022-12-07 09:07:00
2026-08-14 01:10:14 | INFO | Last candle  : 2022-12-08 15:30:00
2026-08-14 01:10:14 | INFO | Saved 2022-12-07: 376 candles -> data/raw/breeze\RELIND\1m\2022\12\2022-12-07.json
2026-08-14 01:10:14 | INFO | Saved 2022-12-08: 377 candles -> data/raw/breeze\RELIND\1m\2022\12\2022-12-08.json
2026-08-14 01:10:14 | INFO | Next trading day: 2022-12-09
2026-08-14 01:10:14 | INFO | Waiting 1.0 seconds...
2026-08-14 01:10:15 | INFO | 
2026-08-14 01:10:15 | INFO | ======================================================================
2026-08-14 01:10:15 | INFO | CHUNK #109
2026-08-14 01:10:15 | INFO | Trading days: 2022-12-09 -> 2022-12-09
2026-08-14 01:10:15 | INFO | Request: 2022-12-09T09:00:00.000Z -> 2022-12-09T15:45:00.000Z
2026-08-14 01:10:15 | INFO | ======================================================================
2026-08-14 01:10:15 | INFO | API request: 2022-12-09T09:00:00.000Z -> 2022-12-09T15:45:00.000Z (attempt 1/3)
2026-08-14 01:10:15 | INFO | Breeze returned 377 candles.
2026-08-14 01:10:15 | INFO | First candle : 2022-12-09 09:07:00
2026-08-14 01:10:15 | INFO | Last candle  : 2022-12-09 15:30:00
2026-08-14 01:10:15 | INFO | Saved 2022-12-09: 377 candles -> data/raw/breeze\RELIND\1m\2022\12\2022-12-09.json
2026-08-14 01:10:15 | INFO | Next trading day: 2022-12-12
2026-08-14 01:10:15 | INFO | Waiting 1.0 seconds...
2026-08-14 01:10:16 | INFO | 
2026-08-14 01:10:16 | INFO | ======================================================================
2026-08-14 01:10:16 | INFO | CHUNK #110
2026-08-14 01:10:16 | INFO | Trading days: 2022-12-12 -> 2022-12-13
2026-08-14 01:10:16 | INFO | Request: 2022-12-12T09:00:00.000Z -> 2022-12-13T15:45:00.000Z
2026-08-14 01:10:16 | INFO | ======================================================================
2026-08-14 01:10:16 | INFO | API request: 2022-12-12T09:00:00.000Z -> 2022-12-13T15:45:00.000Z (attempt 1/3)
2026-08-14 01:10:17 | INFO | Breeze returned 754 candles.
2026-08-14 01:10:17 | INFO | First candle : 2022-12-12 09:07:00
2026-08-14 01:10:17 | INFO | Last candle  : 2022-12-13 15:30:00
2026-08-14 01:10:17 | INFO | Saved 2022-12-12: 377 candles -> data/raw/breeze\RELIND\1m\2022\12\2022-12-12.json
2026-08-14 01:10:17 | INFO | Saved 2022-12-13: 377 candles -> data/raw/breeze\RELIND\1m\2022\12\2022-12-13.json
2026-08-14 01:10:17 | INFO | Next trading day: 2022-12-14
2026-08-14 01:10:17 | INFO | Waiting 1.0 seconds...
2026-08-14 01:10:18 | INFO | 
2026-08-14 01:10:18 | INFO | ======================================================================
2026-08-14 01:10:18 | INFO | CHUNK #111
2026-08-14 01:10:18 | INFO | Trading days: 2022-12-14 -> 2022-12-15
2026-08-14 01:10:18 | INFO | Request: 2022-12-14T09:00:00.000Z -> 2022-12-15T15:45:00.000Z
2026-08-14 01:10:18 | INFO | ======================================================================
2026-08-14 01:10:18 | INFO | API request: 2022-12-14T09:00:00.000Z -> 2022-12-15T15:45:00.000Z (attempt 1/3)
2026-08-14 01:10:18 | INFO | Breeze returned 753 candles.
2026-08-14 01:10:18 | INFO | First candle : 2022-12-14 09:07:00
2026-08-14 01:10:18 | INFO | Last candle  : 2022-12-15 15:30:00
2026-08-14 01:10:18 | INFO | Saved 2022-12-14: 376 candles -> data/raw/breeze\RELIND\1m\2022\12\2022-12-14.json
2026-08-14 01:10:18 | INFO | Saved 2022-12-15: 377 candles -> data/raw/breeze\RELIND\1m\2022\12\2022-12-15.json
2026-08-14 01:10:18 | INFO | Next trading day: 2022-12-16
2026-08-14 01:10:18 | INFO | Waiting 1.0 seconds...
2026-08-14 01:10:19 | INFO | 
2026-08-14 01:10:19 | INFO | ======================================================================
2026-08-14 01:10:19 | INFO | CHUNK #112
2026-08-14 01:10:19 | INFO | Trading days: 2022-12-16 -> 2022-12-16
2026-08-14 01:10:19 | INFO | Request: 2022-12-16T09:00:00.000Z -> 2022-12-16T15:45:00.000Z
2026-08-14 01:10:19 | INFO | ======================================================================
2026-08-14 01:10:19 | INFO | API request: 2022-12-16T09:00:00.000Z -> 2022-12-16T15:45:00.000Z (attempt 1/3)
2026-08-14 01:10:20 | INFO | Breeze returned 377 candles.
2026-08-14 01:10:20 | INFO | First candle : 2022-12-16 09:07:00
2026-08-14 01:10:20 | INFO | Last candle  : 2022-12-16 15:30:00
2026-08-14 01:10:20 | INFO | Saved 2022-12-16: 377 candles -> data/raw/breeze\RELIND\1m\2022\12\2022-12-16.json
2026-08-14 01:10:20 | INFO | Next trading day: 2022-12-19
2026-08-14 01:10:20 | INFO | Waiting 1.0 seconds...
2026-08-14 01:10:21 | INFO | 
2026-08-14 01:10:21 | INFO | ======================================================================
2026-08-14 01:10:21 | INFO | CHUNK #113
2026-08-14 01:10:21 | INFO | Trading days: 2022-12-19 -> 2022-12-20
2026-08-14 01:10:21 | INFO | Request: 2022-12-19T09:00:00.000Z -> 2022-12-20T15:45:00.000Z
2026-08-14 01:10:21 | INFO | ======================================================================
2026-08-14 01:10:21 | INFO | API request: 2022-12-19T09:00:00.000Z -> 2022-12-20T15:45:00.000Z (attempt 1/3)
2026-08-14 01:10:21 | INFO | Breeze returned 754 candles.
2026-08-14 01:10:21 | INFO | First candle : 2022-12-19 09:07:00
2026-08-14 01:10:21 | INFO | Last candle  : 2022-12-20 15:30:00
2026-08-14 01:10:21 | INFO | Saved 2022-12-19: 377 candles -> data/raw/breeze\RELIND\1m\2022\12\2022-12-19.json
2026-08-14 01:10:21 | INFO | Saved 2022-12-20: 377 candles -> data/raw/breeze\RELIND\1m\2022\12\2022-12-20.json
2026-08-14 01:10:21 | INFO | Next trading day: 2022-12-21
2026-08-14 01:10:21 | INFO | Waiting 1.0 seconds...
2026-08-14 01:10:22 | INFO | 
2026-08-14 01:10:22 | INFO | ======================================================================
2026-08-14 01:10:22 | INFO | CHUNK #114
2026-08-14 01:10:22 | INFO | Trading days: 2022-12-21 -> 2022-12-22
2026-08-14 01:10:22 | INFO | Request: 2022-12-21T09:00:00.000Z -> 2022-12-22T15:45:00.000Z
2026-08-14 01:10:22 | INFO | ======================================================================
2026-08-14 01:10:22 | INFO | API request: 2022-12-21T09:00:00.000Z -> 2022-12-22T15:45:00.000Z (attempt 1/3)
2026-08-14 01:10:23 | INFO | Breeze returned 753 candles.
2026-08-14 01:10:23 | INFO | First candle : 2022-12-21 09:07:00
2026-08-14 01:10:23 | INFO | Last candle  : 2022-12-22 15:29:00
2026-08-14 01:10:23 | INFO | Saved 2022-12-21: 377 candles -> data/raw/breeze\RELIND\1m\2022\12\2022-12-21.json
2026-08-14 01:10:23 | INFO | Saved 2022-12-22: 376 candles -> data/raw/breeze\RELIND\1m\2022\12\2022-12-22.json
2026-08-14 01:10:23 | INFO | Next trading day: 2022-12-23
2026-08-14 01:10:23 | INFO | Waiting 1.0 seconds...
2026-08-14 01:10:24 | INFO | 
2026-08-14 01:10:24 | INFO | ======================================================================
2026-08-14 01:10:24 | INFO | CHUNK #115
2026-08-14 01:10:24 | INFO | Trading days: 2022-12-23 -> 2022-12-23
2026-08-14 01:10:24 | INFO | Request: 2022-12-23T09:00:00.000Z -> 2022-12-23T15:45:00.000Z
2026-08-14 01:10:24 | INFO | ======================================================================
2026-08-14 01:10:24 | INFO | API request: 2022-12-23T09:00:00.000Z -> 2022-12-23T15:45:00.000Z (attempt 1/3)
2026-08-14 01:10:24 | INFO | Breeze returned 377 candles.
2026-08-14 01:10:24 | INFO | First candle : 2022-12-23 09:07:00
2026-08-14 01:10:24 | INFO | Last candle  : 2022-12-23 15:30:00
2026-08-14 01:10:24 | INFO | Saved 2022-12-23: 377 candles -> data/raw/breeze\RELIND\1m\2022\12\2022-12-23.json
2026-08-14 01:10:24 | INFO | Next trading day: 2022-12-26
2026-08-14 01:10:24 | INFO | Waiting 1.0 seconds...
2026-08-14 01:10:25 | INFO | 
2026-08-14 01:10:25 | INFO | ======================================================================
2026-08-14 01:10:25 | INFO | CHUNK #116
2026-08-14 01:10:25 | INFO | Trading days: 2022-12-26 -> 2022-12-27
2026-08-14 01:10:25 | INFO | Request: 2022-12-26T09:00:00.000Z -> 2022-12-27T15:45:00.000Z
2026-08-14 01:10:25 | INFO | ======================================================================
2026-08-14 01:10:25 | INFO | API request: 2022-12-26T09:00:00.000Z -> 2022-12-27T15:45:00.000Z (attempt 1/3)
2026-08-14 01:10:25 | INFO | Breeze returned 754 candles.
2026-08-14 01:10:25 | INFO | First candle : 2022-12-26 09:07:00
2026-08-14 01:10:25 | INFO | Last candle  : 2022-12-27 15:30:00
2026-08-14 01:10:25 | INFO | Saved 2022-12-26: 377 candles -> data/raw/breeze\RELIND\1m\2022\12\2022-12-26.json
2026-08-14 01:10:25 | INFO | Saved 2022-12-27: 377 candles -> data/raw/breeze\RELIND\1m\2022\12\2022-12-27.json
2026-08-14 01:10:25 | INFO | Next trading day: 2022-12-28
2026-08-14 01:10:25 | INFO | Waiting 1.0 seconds...
2026-08-14 01:10:26 | INFO | 
2026-08-14 01:10:26 | INFO | ======================================================================
2026-08-14 01:10:26 | INFO | CHUNK #117
2026-08-14 01:10:26 | INFO | Trading days: 2022-12-28 -> 2022-12-29
2026-08-14 01:10:26 | INFO | Request: 2022-12-28T09:00:00.000Z -> 2022-12-29T15:45:00.000Z
2026-08-14 01:10:26 | INFO | ======================================================================
2026-08-14 01:10:26 | INFO | API request: 2022-12-28T09:00:00.000Z -> 2022-12-29T15:45:00.000Z (attempt 1/3)
2026-08-14 01:10:27 | INFO | Breeze returned 753 candles.
2026-08-14 01:10:27 | INFO | First candle : 2022-12-28 09:07:00
2026-08-14 01:10:27 | INFO | Last candle  : 2022-12-29 15:30:00
2026-08-14 01:10:27 | INFO | Saved 2022-12-28: 376 candles -> data/raw/breeze\RELIND\1m\2022\12\2022-12-28.json
2026-08-14 01:10:27 | INFO | Saved 2022-12-29: 377 candles -> data/raw/breeze\RELIND\1m\2022\12\2022-12-29.json
2026-08-14 01:10:27 | INFO | Next trading day: 2022-12-30
2026-08-14 01:10:27 | INFO | Waiting 1.0 seconds...
2026-08-14 01:10:28 | INFO | 
2026-08-14 01:10:28 | INFO | ======================================================================
2026-08-14 01:10:28 | INFO | CHUNK #118
2026-08-14 01:10:28 | INFO | Trading days: 2022-12-30 -> 2022-12-30
2026-08-14 01:10:28 | INFO | Request: 2022-12-30T09:00:00.000Z -> 2022-12-30T15:45:00.000Z
2026-08-14 01:10:28 | INFO | ======================================================================
2026-08-14 01:10:28 | INFO | API request: 2022-12-30T09:00:00.000Z -> 2022-12-30T15:45:00.000Z (attempt 1/3)
2026-08-14 01:10:29 | INFO | Breeze returned 377 candles.
2026-08-14 01:10:29 | INFO | First candle : 2022-12-30 09:07:00
2026-08-14 01:10:29 | INFO | Last candle  : 2022-12-30 15:30:00
2026-08-14 01:10:29 | INFO | Saved 2022-12-30: 377 candles -> data/raw/breeze\RELIND\1m\2022\12\2022-12-30.json
2026-08-14 01:10:29 | INFO | Next trading day: 2023-01-02
2026-08-14 01:10:29 | INFO | Waiting 1.0 seconds...
2026-08-14 01:10:30 | INFO | 
2026-08-14 01:10:30 | INFO | ======================================================================
2026-08-14 01:10:30 | INFO | CHUNK #119
2026-08-14 01:10:30 | INFO | Trading days: 2023-01-02 -> 2023-01-03
2026-08-14 01:10:30 | INFO | Request: 2023-01-02T09:00:00.000Z -> 2023-01-03T15:45:00.000Z
2026-08-14 01:10:30 | INFO | ======================================================================
2026-08-14 01:10:30 | INFO | API request: 2023-01-02T09:00:00.000Z -> 2023-01-03T15:45:00.000Z (attempt 1/3)
2026-08-14 01:10:30 | INFO | Breeze returned 753 candles.
2026-08-14 01:10:30 | INFO | First candle : 2023-01-02 09:07:00
2026-08-14 01:10:30 | INFO | Last candle  : 2023-01-03 15:30:00
2026-08-14 01:10:30 | INFO | Saved 2023-01-02: 376 candles -> data/raw/breeze\RELIND\1m\2023\01\2023-01-02.json
2026-08-14 01:10:30 | INFO | Saved 2023-01-03: 377 candles -> data/raw/breeze\RELIND\1m\2023\01\2023-01-03.json
2026-08-14 01:10:30 | INFO | Next trading day: 2023-01-04
2026-08-14 01:10:30 | INFO | Waiting 1.0 seconds...
2026-08-14 01:10:31 | INFO | 
2026-08-14 01:10:31 | INFO | ======================================================================
2026-08-14 01:10:31 | INFO | CHUNK #120
2026-08-14 01:10:31 | INFO | Trading days: 2023-01-04 -> 2023-01-05
2026-08-14 01:10:31 | INFO | Request: 2023-01-04T09:00:00.000Z -> 2023-01-05T15:45:00.000Z
2026-08-14 01:10:31 | INFO | ======================================================================
2026-08-14 01:10:31 | INFO | API request: 2023-01-04T09:00:00.000Z -> 2023-01-05T15:45:00.000Z (attempt 1/3)
2026-08-14 01:10:32 | INFO | Breeze returned 753 candles.
2026-08-14 01:10:32 | INFO | First candle : 2023-01-04 09:07:00
2026-08-14 01:10:32 | INFO | Last candle  : 2023-01-05 15:29:00
2026-08-14 01:10:32 | INFO | Saved 2023-01-04: 377 candles -> data/raw/breeze\RELIND\1m\2023\01\2023-01-04.json
2026-08-14 01:10:32 | INFO | Saved 2023-01-05: 376 candles -> data/raw/breeze\RELIND\1m\2023\01\2023-01-05.json
2026-08-14 01:10:32 | INFO | Next trading day: 2023-01-06
2026-08-14 01:10:32 | INFO | Waiting 1.0 seconds...
2026-08-14 01:10:33 | INFO | 
2026-08-14 01:10:33 | INFO | ======================================================================
2026-08-14 01:10:33 | INFO | CHUNK #121
2026-08-14 01:10:33 | INFO | Trading days: 2023-01-06 -> 2023-01-06
2026-08-14 01:10:33 | INFO | Request: 2023-01-06T09:00:00.000Z -> 2023-01-06T15:45:00.000Z
2026-08-14 01:10:33 | INFO | ======================================================================
2026-08-14 01:10:33 | INFO | API request: 2023-01-06T09:00:00.000Z -> 2023-01-06T15:45:00.000Z (attempt 1/3)
2026-08-14 01:10:33 | INFO | Breeze returned 377 candles.
2026-08-14 01:10:33 | INFO | First candle : 2023-01-06 09:07:00
2026-08-14 01:10:33 | INFO | Last candle  : 2023-01-06 15:30:00
2026-08-14 01:10:33 | INFO | Saved 2023-01-06: 377 candles -> data/raw/breeze\RELIND\1m\2023\01\2023-01-06.json
2026-08-14 01:10:33 | INFO | Next trading day: 2023-01-09
2026-08-14 01:10:33 | INFO | Waiting 1.0 seconds...
2026-08-14 01:10:34 | INFO | 
2026-08-14 01:10:34 | INFO | ======================================================================
2026-08-14 01:10:34 | INFO | CHUNK #122
2026-08-14 01:10:34 | INFO | Trading days: 2023-01-09 -> 2023-01-10
2026-08-14 01:10:34 | INFO | Request: 2023-01-09T09:00:00.000Z -> 2023-01-10T15:45:00.000Z
2026-08-14 01:10:34 | INFO | ======================================================================
2026-08-14 01:10:34 | INFO | API request: 2023-01-09T09:00:00.000Z -> 2023-01-10T15:45:00.000Z (attempt 1/3)
2026-08-14 01:10:34 | INFO | Breeze returned 753 candles.
2026-08-14 01:10:34 | INFO | First candle : 2023-01-09 09:07:00
2026-08-14 01:10:34 | INFO | Last candle  : 2023-01-10 15:29:00
2026-08-14 01:10:34 | INFO | Saved 2023-01-09: 377 candles -> data/raw/breeze\RELIND\1m\2023\01\2023-01-09.json
2026-08-14 01:10:34 | INFO | Saved 2023-01-10: 376 candles -> data/raw/breeze\RELIND\1m\2023\01\2023-01-10.json
2026-08-14 01:10:34 | INFO | Next trading day: 2023-01-11
2026-08-14 01:10:34 | INFO | Waiting 1.0 seconds...
2026-08-14 01:10:35 | INFO | 
2026-08-14 01:10:35 | INFO | ======================================================================
2026-08-14 01:10:35 | INFO | CHUNK #123
2026-08-14 01:10:35 | INFO | Trading days: 2023-01-11 -> 2023-01-12
2026-08-14 01:10:35 | INFO | Request: 2023-01-11T09:00:00.000Z -> 2023-01-12T15:45:00.000Z
2026-08-14 01:10:35 | INFO | ======================================================================
2026-08-14 01:10:35 | INFO | API request: 2023-01-11T09:00:00.000Z -> 2023-01-12T15:45:00.000Z (attempt 1/3)
2026-08-14 01:10:36 | INFO | Breeze returned 753 candles.
2026-08-14 01:10:36 | INFO | First candle : 2023-01-11 09:07:00
2026-08-14 01:10:36 | INFO | Last candle  : 2023-01-12 15:29:00
2026-08-14 01:10:36 | INFO | Saved 2023-01-11: 377 candles -> data/raw/breeze\RELIND\1m\2023\01\2023-01-11.json
2026-08-14 01:10:36 | INFO | Saved 2023-01-12: 376 candles -> data/raw/breeze\RELIND\1m\2023\01\2023-01-12.json
2026-08-14 01:10:36 | INFO | Next trading day: 2023-01-13
2026-08-14 01:10:36 | INFO | Waiting 1.0 seconds...
2026-08-14 01:10:37 | INFO | 
2026-08-14 01:10:37 | INFO | ======================================================================
2026-08-14 01:10:37 | INFO | CHUNK #124
2026-08-14 01:10:37 | INFO | Trading days: 2023-01-13 -> 2023-01-13
2026-08-14 01:10:37 | INFO | Request: 2023-01-13T09:00:00.000Z -> 2023-01-13T15:45:00.000Z
2026-08-14 01:10:37 | INFO | ======================================================================
2026-08-14 01:10:37 | INFO | API request: 2023-01-13T09:00:00.000Z -> 2023-01-13T15:45:00.000Z (attempt 1/3)
2026-08-14 01:10:37 | INFO | Breeze returned 377 candles.
2026-08-14 01:10:37 | INFO | First candle : 2023-01-13 09:07:00
2026-08-14 01:10:37 | INFO | Last candle  : 2023-01-13 15:30:00
2026-08-14 01:10:37 | INFO | Saved 2023-01-13: 377 candles -> data/raw/breeze\RELIND\1m\2023\01\2023-01-13.json
2026-08-14 01:10:37 | INFO | Next trading day: 2023-01-16
2026-08-14 01:10:37 | INFO | Waiting 1.0 seconds...
2026-08-14 01:10:38 | INFO | 
2026-08-14 01:10:38 | INFO | ======================================================================
2026-08-14 01:10:38 | INFO | CHUNK #125
2026-08-14 01:10:38 | INFO | Trading days: 2023-01-16 -> 2023-01-17
2026-08-14 01:10:38 | INFO | Request: 2023-01-16T09:00:00.000Z -> 2023-01-17T15:45:00.000Z
2026-08-14 01:10:38 | INFO | ======================================================================
2026-08-14 01:10:38 | INFO | API request: 2023-01-16T09:00:00.000Z -> 2023-01-17T15:45:00.000Z (attempt 1/3)
2026-08-14 01:10:39 | INFO | Breeze returned 754 candles.
2026-08-14 01:10:39 | INFO | First candle : 2023-01-16 09:07:00
2026-08-14 01:10:39 | INFO | Last candle  : 2023-01-17 15:30:00
2026-08-14 01:10:39 | INFO | Saved 2023-01-16: 377 candles -> data/raw/breeze\RELIND\1m\2023\01\2023-01-16.json
2026-08-14 01:10:39 | INFO | Saved 2023-01-17: 377 candles -> data/raw/breeze\RELIND\1m\2023\01\2023-01-17.json
2026-08-14 01:10:39 | INFO | Next trading day: 2023-01-18
2026-08-14 01:10:39 | INFO | Waiting 1.0 seconds...
2026-08-14 01:10:40 | INFO | 
2026-08-14 01:10:40 | INFO | ======================================================================
2026-08-14 01:10:40 | INFO | CHUNK #126
2026-08-14 01:10:40 | INFO | Trading days: 2023-01-18 -> 2023-01-19
2026-08-14 01:10:40 | INFO | Request: 2023-01-18T09:00:00.000Z -> 2023-01-19T15:45:00.000Z
2026-08-14 01:10:40 | INFO | ======================================================================
2026-08-14 01:10:40 | INFO | API request: 2023-01-18T09:00:00.000Z -> 2023-01-19T15:45:00.000Z (attempt 1/3)
2026-08-14 01:10:40 | INFO | Breeze returned 754 candles.
2026-08-14 01:10:40 | INFO | First candle : 2023-01-18 09:07:00
2026-08-14 01:10:40 | INFO | Last candle  : 2023-01-19 15:30:00
2026-08-14 01:10:40 | INFO | Saved 2023-01-18: 377 candles -> data/raw/breeze\RELIND\1m\2023\01\2023-01-18.json
2026-08-14 01:10:40 | INFO | Saved 2023-01-19: 377 candles -> data/raw/breeze\RELIND\1m\2023\01\2023-01-19.json
2026-08-14 01:10:40 | INFO | Next trading day: 2023-01-20
2026-08-14 01:10:40 | INFO | Waiting 1.0 seconds...
2026-08-14 01:10:41 | INFO | 
2026-08-14 01:10:41 | INFO | ======================================================================
2026-08-14 01:10:41 | INFO | CHUNK #127
2026-08-14 01:10:41 | INFO | Trading days: 2023-01-20 -> 2023-01-20
2026-08-14 01:10:41 | INFO | Request: 2023-01-20T09:00:00.000Z -> 2023-01-20T15:45:00.000Z
2026-08-14 01:10:41 | INFO | ======================================================================
2026-08-14 01:10:41 | INFO | API request: 2023-01-20T09:00:00.000Z -> 2023-01-20T15:45:00.000Z (attempt 1/3)
2026-08-14 01:10:41 | INFO | Breeze returned 377 candles.
2026-08-14 01:10:41 | INFO | First candle : 2023-01-20 09:07:00
2026-08-14 01:10:41 | INFO | Last candle  : 2023-01-20 15:30:00
2026-08-14 01:10:41 | INFO | Saved 2023-01-20: 377 candles -> data/raw/breeze\RELIND\1m\2023\01\2023-01-20.json
2026-08-14 01:10:41 | INFO | Next trading day: 2023-01-23
2026-08-14 01:10:41 | INFO | Waiting 1.0 seconds...
2026-08-14 01:10:42 | INFO | 
2026-08-14 01:10:42 | INFO | ======================================================================
2026-08-14 01:10:42 | INFO | CHUNK #128
2026-08-14 01:10:42 | INFO | Trading days: 2023-01-23 -> 2023-01-24
2026-08-14 01:10:42 | INFO | Request: 2023-01-23T09:00:00.000Z -> 2023-01-24T15:45:00.000Z
2026-08-14 01:10:42 | INFO | ======================================================================
2026-08-14 01:10:42 | INFO | API request: 2023-01-23T09:00:00.000Z -> 2023-01-24T15:45:00.000Z (attempt 1/3)
2026-08-14 01:10:42 | INFO | Breeze returned 754 candles.
2026-08-14 01:10:42 | INFO | First candle : 2023-01-23 09:07:00
2026-08-14 01:10:42 | INFO | Last candle  : 2023-01-24 15:30:00
2026-08-14 01:10:43 | INFO | Saved 2023-01-23: 377 candles -> data/raw/breeze\RELIND\1m\2023\01\2023-01-23.json
2026-08-14 01:10:43 | INFO | Saved 2023-01-24: 377 candles -> data/raw/breeze\RELIND\1m\2023\01\2023-01-24.json
2026-08-14 01:10:43 | INFO | Next trading day: 2023-01-25
2026-08-14 01:10:43 | INFO | Waiting 1.0 seconds...
2026-08-14 01:10:44 | INFO | 
2026-08-14 01:10:44 | INFO | ======================================================================
2026-08-14 01:10:44 | INFO | CHUNK #129
2026-08-14 01:10:44 | INFO | Trading days: 2023-01-25 -> 2023-01-26
2026-08-14 01:10:44 | INFO | Request: 2023-01-25T09:00:00.000Z -> 2023-01-26T15:45:00.000Z
2026-08-14 01:10:44 | INFO | ======================================================================
2026-08-14 01:10:44 | INFO | API request: 2023-01-25T09:00:00.000Z -> 2023-01-26T15:45:00.000Z (attempt 1/3)
2026-08-14 01:10:44 | INFO | Breeze returned 377 candles.
2026-08-14 01:10:44 | INFO | First candle : 2023-01-25 09:07:00
2026-08-14 01:10:44 | INFO | Last candle  : 2023-01-25 15:30:00
2026-08-14 01:10:44 | INFO | Saved 2023-01-25: 377 candles -> data/raw/breeze\RELIND\1m\2023\01\2023-01-25.json
2026-08-14 01:10:44 | INFO | Saved 2023-01-26: 0 candles -> data/raw/breeze\RELIND\1m\2023\01\2023-01-26.json
2026-08-14 01:10:44 | INFO | Next trading day: 2023-01-27
2026-08-14 01:10:44 | INFO | Waiting 1.0 seconds...
2026-08-14 01:10:45 | INFO | 
2026-08-14 01:10:45 | INFO | ======================================================================
2026-08-14 01:10:45 | INFO | CHUNK #130
2026-08-14 01:10:45 | INFO | Trading days: 2023-01-27 -> 2023-01-27
2026-08-14 01:10:45 | INFO | Request: 2023-01-27T09:00:00.000Z -> 2023-01-27T15:45:00.000Z
2026-08-14 01:10:45 | INFO | ======================================================================
2026-08-14 01:10:45 | INFO | API request: 2023-01-27T09:00:00.000Z -> 2023-01-27T15:45:00.000Z (attempt 1/3)
2026-08-14 01:10:45 | INFO | Breeze returned 377 candles.
2026-08-14 01:10:45 | INFO | First candle : 2023-01-27 09:07:00
2026-08-14 01:10:45 | INFO | Last candle  : 2023-01-27 15:30:00
2026-08-14 01:10:45 | INFO | Saved 2023-01-27: 377 candles -> data/raw/breeze\RELIND\1m\2023\01\2023-01-27.json
2026-08-14 01:10:45 | INFO | Next trading day: 2023-01-30
2026-08-14 01:10:45 | INFO | Waiting 1.0 seconds...
2026-08-14 01:10:46 | INFO | 
2026-08-14 01:10:46 | INFO | ======================================================================
2026-08-14 01:10:46 | INFO | CHUNK #131
2026-08-14 01:10:46 | INFO | Trading days: 2023-01-30 -> 2023-01-31
2026-08-14 01:10:46 | INFO | Request: 2023-01-30T09:00:00.000Z -> 2023-01-31T15:45:00.000Z
2026-08-14 01:10:46 | INFO | ======================================================================
2026-08-14 01:10:46 | INFO | API request: 2023-01-30T09:00:00.000Z -> 2023-01-31T15:45:00.000Z (attempt 1/3)
2026-08-14 01:10:47 | INFO | Breeze returned 753 candles.
2026-08-14 01:10:47 | INFO | First candle : 2023-01-30 09:07:00
2026-08-14 01:10:47 | INFO | Last candle  : 2023-01-31 15:30:00
2026-08-14 01:10:47 | INFO | Saved 2023-01-30: 376 candles -> data/raw/breeze\RELIND\1m\2023\01\2023-01-30.json
2026-08-14 01:10:47 | INFO | Saved 2023-01-31: 377 candles -> data/raw/breeze\RELIND\1m\2023\01\2023-01-31.json
2026-08-14 01:10:47 | INFO | Next trading day: 2023-02-01
2026-08-14 01:10:47 | INFO | Waiting 1.0 seconds...
2026-08-14 01:10:48 | INFO | 
2026-08-14 01:10:48 | INFO | ======================================================================
2026-08-14 01:10:48 | INFO | CHUNK #132
2026-08-14 01:10:48 | INFO | Trading days: 2023-02-01 -> 2023-02-02
2026-08-14 01:10:48 | INFO | Request: 2023-02-01T09:00:00.000Z -> 2023-02-02T15:45:00.000Z
2026-08-14 01:10:48 | INFO | ======================================================================
2026-08-14 01:10:48 | INFO | API request: 2023-02-01T09:00:00.000Z -> 2023-02-02T15:45:00.000Z (attempt 1/3)
2026-08-14 01:10:48 | INFO | Breeze returned 756 candles.
2026-08-14 01:10:48 | INFO | First candle : 2023-02-01 09:07:00
2026-08-14 01:10:48 | INFO | Last candle  : 2023-02-02 15:31:00
2026-08-14 01:10:48 | INFO | Saved 2023-02-01: 378 candles -> data/raw/breeze\RELIND\1m\2023\02\2023-02-01.json
2026-08-14 01:10:48 | INFO | Saved 2023-02-02: 378 candles -> data/raw/breeze\RELIND\1m\2023\02\2023-02-02.json
2026-08-14 01:10:48 | INFO | Next trading day: 2023-02-03
2026-08-14 01:10:48 | INFO | Waiting 1.0 seconds...
2026-08-14 01:10:49 | INFO | 
2026-08-14 01:10:49 | INFO | ======================================================================
2026-08-14 01:10:49 | INFO | CHUNK #133
2026-08-14 01:10:49 | INFO | Trading days: 2023-02-03 -> 2023-02-03
2026-08-14 01:10:49 | INFO | Request: 2023-02-03T09:00:00.000Z -> 2023-02-03T15:45:00.000Z
2026-08-14 01:10:49 | INFO | ======================================================================
2026-08-14 01:10:49 | INFO | API request: 2023-02-03T09:00:00.000Z -> 2023-02-03T15:45:00.000Z (attempt 1/3)
2026-08-14 01:10:50 | INFO | Breeze returned 377 candles.
2026-08-14 01:10:50 | INFO | First candle : 2023-02-03 09:15:00
2026-08-14 01:10:50 | INFO | Last candle  : 2023-02-03 15:31:00
2026-08-14 01:10:50 | INFO | Saved 2023-02-03: 377 candles -> data/raw/breeze\RELIND\1m\2023\02\2023-02-03.json
2026-08-14 01:10:50 | INFO | Next trading day: 2023-02-06
2026-08-14 01:10:50 | INFO | Waiting 1.0 seconds...
2026-08-14 01:10:51 | INFO | 
2026-08-14 01:10:51 | INFO | ======================================================================
2026-08-14 01:10:51 | INFO | CHUNK #134
2026-08-14 01:10:51 | INFO | Trading days: 2023-02-06 -> 2023-02-07
2026-08-14 01:10:51 | INFO | Request: 2023-02-06T09:00:00.000Z -> 2023-02-07T15:45:00.000Z
2026-08-14 01:10:51 | INFO | ======================================================================
2026-08-14 01:10:51 | INFO | API request: 2023-02-06T09:00:00.000Z -> 2023-02-07T15:45:00.000Z (attempt 1/3)
2026-08-14 01:10:51 | INFO | Breeze returned 756 candles.
2026-08-14 01:10:51 | INFO | First candle : 2023-02-06 09:07:00
2026-08-14 01:10:51 | INFO | Last candle  : 2023-02-07 15:31:00
2026-08-14 01:10:51 | INFO | Saved 2023-02-06: 378 candles -> data/raw/breeze\RELIND\1m\2023\02\2023-02-06.json
2026-08-14 01:10:51 | INFO | Saved 2023-02-07: 378 candles -> data/raw/breeze\RELIND\1m\2023\02\2023-02-07.json
2026-08-14 01:10:51 | INFO | Next trading day: 2023-02-08
2026-08-14 01:10:51 | INFO | Waiting 1.0 seconds...
2026-08-14 01:10:52 | INFO | 
2026-08-14 01:10:52 | INFO | ======================================================================
2026-08-14 01:10:52 | INFO | CHUNK #135
2026-08-14 01:10:52 | INFO | Trading days: 2023-02-08 -> 2023-02-09
2026-08-14 01:10:52 | INFO | Request: 2023-02-08T09:00:00.000Z -> 2023-02-09T15:45:00.000Z
2026-08-14 01:10:52 | INFO | ======================================================================
2026-08-14 01:10:52 | INFO | API request: 2023-02-08T09:00:00.000Z -> 2023-02-09T15:45:00.000Z (attempt 1/3)
2026-08-14 01:10:52 | INFO | Breeze returned 756 candles.
2026-08-14 01:10:52 | INFO | First candle : 2023-02-08 09:07:00
2026-08-14 01:10:52 | INFO | Last candle  : 2023-02-09 15:31:00
2026-08-14 01:10:52 | INFO | Saved 2023-02-08: 379 candles -> data/raw/breeze\RELIND\1m\2023\02\2023-02-08.json
2026-08-14 01:10:52 | INFO | Saved 2023-02-09: 377 candles -> data/raw/breeze\RELIND\1m\2023\02\2023-02-09.json
2026-08-14 01:10:52 | INFO | Next trading day: 2023-02-10
2026-08-14 01:10:52 | INFO | Waiting 1.0 seconds...
2026-08-14 01:10:53 | INFO | 
2026-08-14 01:10:53 | INFO | ======================================================================
2026-08-14 01:10:53 | INFO | CHUNK #136
2026-08-14 01:10:53 | INFO | Trading days: 2023-02-10 -> 2023-02-10
2026-08-14 01:10:53 | INFO | Request: 2023-02-10T09:00:00.000Z -> 2023-02-10T15:45:00.000Z
2026-08-14 01:10:53 | INFO | ======================================================================
2026-08-14 01:10:53 | INFO | API request: 2023-02-10T09:00:00.000Z -> 2023-02-10T15:45:00.000Z (attempt 1/3)
2026-08-14 01:10:54 | INFO | Breeze returned 378 candles.
2026-08-14 01:10:54 | INFO | First candle : 2023-02-10 09:07:00
2026-08-14 01:10:54 | INFO | Last candle  : 2023-02-10 15:31:00
2026-08-14 01:10:54 | INFO | Saved 2023-02-10: 378 candles -> data/raw/breeze\RELIND\1m\2023\02\2023-02-10.json
2026-08-14 01:10:54 | INFO | Next trading day: 2023-02-13
2026-08-14 01:10:54 | INFO | Waiting 1.0 seconds...
2026-08-14 01:10:55 | INFO | 
2026-08-14 01:10:55 | INFO | ======================================================================
2026-08-14 01:10:55 | INFO | CHUNK #137
2026-08-14 01:10:55 | INFO | Trading days: 2023-02-13 -> 2023-02-14
2026-08-14 01:10:55 | INFO | Request: 2023-02-13T09:00:00.000Z -> 2023-02-14T15:45:00.000Z
2026-08-14 01:10:55 | INFO | ======================================================================
2026-08-14 01:10:55 | INFO | API request: 2023-02-13T09:00:00.000Z -> 2023-02-14T15:45:00.000Z (attempt 1/3)
2026-08-14 01:10:55 | INFO | Breeze returned 757 candles.
2026-08-14 01:10:55 | INFO | First candle : 2023-02-13 09:07:00
2026-08-14 01:10:55 | INFO | Last candle  : 2023-02-14 15:37:00
2026-08-14 01:10:55 | INFO | Saved 2023-02-13: 378 candles -> data/raw/breeze\RELIND\1m\2023\02\2023-02-13.json
2026-08-14 01:10:55 | INFO | Saved 2023-02-14: 379 candles -> data/raw/breeze\RELIND\1m\2023\02\2023-02-14.json
2026-08-14 01:10:55 | INFO | Next trading day: 2023-02-15
2026-08-14 01:10:55 | INFO | Waiting 1.0 seconds...
2026-08-14 01:10:56 | INFO | 
2026-08-14 01:10:56 | INFO | ======================================================================
2026-08-14 01:10:56 | INFO | CHUNK #138
2026-08-14 01:10:56 | INFO | Trading days: 2023-02-15 -> 2023-02-16
2026-08-14 01:10:56 | INFO | Request: 2023-02-15T09:00:00.000Z -> 2023-02-16T15:45:00.000Z
2026-08-14 01:10:56 | INFO | ======================================================================
2026-08-14 01:10:56 | INFO | API request: 2023-02-15T09:00:00.000Z -> 2023-02-16T15:45:00.000Z (attempt 1/3)
2026-08-14 01:10:56 | INFO | Breeze returned 756 candles.
2026-08-14 01:10:56 | INFO | First candle : 2023-02-15 09:07:00
2026-08-14 01:10:56 | INFO | Last candle  : 2023-02-16 15:31:00
2026-08-14 01:10:56 | INFO | Saved 2023-02-15: 378 candles -> data/raw/breeze\RELIND\1m\2023\02\2023-02-15.json
2026-08-14 01:10:56 | INFO | Saved 2023-02-16: 378 candles -> data/raw/breeze\RELIND\1m\2023\02\2023-02-16.json
2026-08-14 01:10:56 | INFO | Next trading day: 2023-02-17
2026-08-14 01:10:56 | INFO | Waiting 1.0 seconds...
2026-08-14 01:10:57 | INFO | 
2026-08-14 01:10:57 | INFO | ======================================================================
2026-08-14 01:10:57 | INFO | CHUNK #139
2026-08-14 01:10:57 | INFO | Trading days: 2023-02-17 -> 2023-02-17
2026-08-14 01:10:57 | INFO | Request: 2023-02-17T09:00:00.000Z -> 2023-02-17T15:45:00.000Z
2026-08-14 01:10:57 | INFO | ======================================================================
2026-08-14 01:10:57 | INFO | API request: 2023-02-17T09:00:00.000Z -> 2023-02-17T15:45:00.000Z (attempt 1/3)
2026-08-14 01:10:58 | INFO | Breeze returned 378 candles.
2026-08-14 01:10:58 | INFO | First candle : 2023-02-17 09:07:00
2026-08-14 01:10:58 | INFO | Last candle  : 2023-02-17 15:31:00
2026-08-14 01:10:58 | INFO | Saved 2023-02-17: 378 candles -> data/raw/breeze\RELIND\1m\2023\02\2023-02-17.json
2026-08-14 01:10:58 | INFO | Next trading day: 2023-02-20
2026-08-14 01:10:58 | INFO | Waiting 1.0 seconds...
2026-08-14 01:10:59 | INFO | 
2026-08-14 01:10:59 | INFO | ======================================================================
2026-08-14 01:10:59 | INFO | CHUNK #140
2026-08-14 01:10:59 | INFO | Trading days: 2023-02-20 -> 2023-02-21
2026-08-14 01:10:59 | INFO | Request: 2023-02-20T09:00:00.000Z -> 2023-02-21T15:45:00.000Z
2026-08-14 01:10:59 | INFO | ======================================================================
2026-08-14 01:10:59 | INFO | API request: 2023-02-20T09:00:00.000Z -> 2023-02-21T15:45:00.000Z (attempt 1/3)
2026-08-14 01:10:59 | INFO | Breeze returned 756 candles.
2026-08-14 01:10:59 | INFO | First candle : 2023-02-20 09:07:00
2026-08-14 01:10:59 | INFO | Last candle  : 2023-02-21 15:31:00
2026-08-14 01:10:59 | INFO | Saved 2023-02-20: 378 candles -> data/raw/breeze\RELIND\1m\2023\02\2023-02-20.json
2026-08-14 01:10:59 | INFO | Saved 2023-02-21: 378 candles -> data/raw/breeze\RELIND\1m\2023\02\2023-02-21.json
2026-08-14 01:10:59 | INFO | Next trading day: 2023-02-22
2026-08-14 01:10:59 | INFO | Waiting 1.0 seconds...
2026-08-14 01:11:00 | INFO | 
2026-08-14 01:11:00 | INFO | ======================================================================
2026-08-14 01:11:00 | INFO | CHUNK #141
2026-08-14 01:11:00 | INFO | Trading days: 2023-02-22 -> 2023-02-23
2026-08-14 01:11:00 | INFO | Request: 2023-02-22T09:00:00.000Z -> 2023-02-23T15:45:00.000Z
2026-08-14 01:11:00 | INFO | ======================================================================
2026-08-14 01:11:00 | INFO | API request: 2023-02-22T09:00:00.000Z -> 2023-02-23T15:45:00.000Z (attempt 1/3)
2026-08-14 01:11:00 | INFO | Breeze returned 757 candles.
2026-08-14 01:11:00 | INFO | First candle : 2023-02-22 09:07:00
2026-08-14 01:11:00 | INFO | Last candle  : 2023-02-23 15:30:00
2026-08-14 01:11:00 | INFO | Saved 2023-02-22: 380 candles -> data/raw/breeze\RELIND\1m\2023\02\2023-02-22.json
2026-08-14 01:11:00 | INFO | Saved 2023-02-23: 377 candles -> data/raw/breeze\RELIND\1m\2023\02\2023-02-23.json
2026-08-14 01:11:00 | INFO | Next trading day: 2023-02-24
2026-08-14 01:11:00 | INFO | Waiting 1.0 seconds...
2026-08-14 01:11:01 | INFO | 
2026-08-14 01:11:01 | INFO | ======================================================================
2026-08-14 01:11:01 | INFO | CHUNK #142
2026-08-14 01:11:01 | INFO | Trading days: 2023-02-24 -> 2023-02-24
2026-08-14 01:11:01 | INFO | Request: 2023-02-24T09:00:00.000Z -> 2023-02-24T15:45:00.000Z
2026-08-14 01:11:01 | INFO | ======================================================================
2026-08-14 01:11:01 | INFO | API request: 2023-02-24T09:00:00.000Z -> 2023-02-24T15:45:00.000Z (attempt 1/3)
2026-08-14 01:11:01 | INFO | Breeze returned 378 candles.
2026-08-14 01:11:01 | INFO | First candle : 2023-02-24 09:07:00
2026-08-14 01:11:01 | INFO | Last candle  : 2023-02-24 15:31:00
2026-08-14 01:11:01 | INFO | Saved 2023-02-24: 378 candles -> data/raw/breeze\RELIND\1m\2023\02\2023-02-24.json
2026-08-14 01:11:01 | INFO | Next trading day: 2023-02-27
2026-08-14 01:11:01 | INFO | Waiting 1.0 seconds...
2026-08-14 01:11:02 | INFO | 
2026-08-14 01:11:02 | INFO | ======================================================================
2026-08-14 01:11:02 | INFO | CHUNK #143
2026-08-14 01:11:02 | INFO | Trading days: 2023-02-27 -> 2023-02-28
2026-08-14 01:11:02 | INFO | Request: 2023-02-27T09:00:00.000Z -> 2023-02-28T15:45:00.000Z
2026-08-14 01:11:02 | INFO | ======================================================================
2026-08-14 01:11:02 | INFO | API request: 2023-02-27T09:00:00.000Z -> 2023-02-28T15:45:00.000Z (attempt 1/3)
2026-08-14 01:11:03 | INFO | Breeze returned 756 candles.
2026-08-14 01:11:03 | INFO | First candle : 2023-02-27 09:07:00
2026-08-14 01:11:03 | INFO | Last candle  : 2023-02-28 15:31:00
2026-08-14 01:11:03 | INFO | Saved 2023-02-27: 378 candles -> data/raw/breeze\RELIND\1m\2023\02\2023-02-27.json
2026-08-14 01:11:03 | INFO | Saved 2023-02-28: 378 candles -> data/raw/breeze\RELIND\1m\2023\02\2023-02-28.json
2026-08-14 01:11:03 | INFO | Next trading day: 2023-03-01
2026-08-14 01:11:03 | INFO | Waiting 1.0 seconds...
2026-08-14 01:11:04 | INFO | 
2026-08-14 01:11:04 | INFO | ======================================================================
2026-08-14 01:11:04 | INFO | CHUNK #144
2026-08-14 01:11:04 | INFO | Trading days: 2023-03-01 -> 2023-03-02
2026-08-14 01:11:04 | INFO | Request: 2023-03-01T09:00:00.000Z -> 2023-03-02T15:45:00.000Z
2026-08-14 01:11:04 | INFO | ======================================================================
2026-08-14 01:11:04 | INFO | API request: 2023-03-01T09:00:00.000Z -> 2023-03-02T15:45:00.000Z (attempt 1/3)
2026-08-14 01:11:04 | INFO | Breeze returned 756 candles.
2026-08-14 01:11:04 | INFO | First candle : 2023-03-01 09:07:00
2026-08-14 01:11:04 | INFO | Last candle  : 2023-03-02 15:31:00
2026-08-14 01:11:04 | INFO | Saved 2023-03-01: 378 candles -> data/raw/breeze\RELIND\1m\2023\03\2023-03-01.json
2026-08-14 01:11:04 | INFO | Saved 2023-03-02: 378 candles -> data/raw/breeze\RELIND\1m\2023\03\2023-03-02.json
2026-08-14 01:11:04 | INFO | Next trading day: 2023-03-03
2026-08-14 01:11:04 | INFO | Waiting 1.0 seconds...
2026-08-14 01:11:05 | INFO | 
2026-08-14 01:11:05 | INFO | ======================================================================
2026-08-14 01:11:05 | INFO | CHUNK #145
2026-08-14 01:11:05 | INFO | Trading days: 2023-03-03 -> 2023-03-03
2026-08-14 01:11:05 | INFO | Request: 2023-03-03T09:00:00.000Z -> 2023-03-03T15:45:00.000Z
2026-08-14 01:11:05 | INFO | ======================================================================
2026-08-14 01:11:05 | INFO | API request: 2023-03-03T09:00:00.000Z -> 2023-03-03T15:45:00.000Z (attempt 1/3)
2026-08-14 01:11:05 | INFO | Breeze returned 378 candles.
2026-08-14 01:11:05 | INFO | First candle : 2023-03-03 09:07:00
2026-08-14 01:11:05 | INFO | Last candle  : 2023-03-03 15:31:00
2026-08-14 01:11:05 | INFO | Saved 2023-03-03: 378 candles -> data/raw/breeze\RELIND\1m\2023\03\2023-03-03.json
2026-08-14 01:11:05 | INFO | Next trading day: 2023-03-06
2026-08-14 01:11:05 | INFO | Waiting 1.0 seconds...
2026-08-14 01:11:06 | INFO | 
2026-08-14 01:11:06 | INFO | ======================================================================
2026-08-14 01:11:06 | INFO | CHUNK #146
2026-08-14 01:11:06 | INFO | Trading days: 2023-03-06 -> 2023-03-07
2026-08-14 01:11:06 | INFO | Request: 2023-03-06T09:00:00.000Z -> 2023-03-07T15:45:00.000Z
2026-08-14 01:11:06 | INFO | ======================================================================
2026-08-14 01:11:06 | INFO | API request: 2023-03-06T09:00:00.000Z -> 2023-03-07T15:45:00.000Z (attempt 1/3)
2026-08-14 01:11:07 | INFO | Breeze returned 377 candles.
2026-08-14 01:11:07 | INFO | First candle : 2023-03-06 09:07:00
2026-08-14 01:11:07 | INFO | Last candle  : 2023-03-06 15:30:00
2026-08-14 01:11:07 | INFO | Saved 2023-03-06: 377 candles -> data/raw/breeze\RELIND\1m\2023\03\2023-03-06.json
2026-08-14 01:11:07 | INFO | Saved 2023-03-07: 0 candles -> data/raw/breeze\RELIND\1m\2023\03\2023-03-07.json
2026-08-14 01:11:07 | INFO | Next trading day: 2023-03-08
2026-08-14 01:11:07 | INFO | Waiting 1.0 seconds...
2026-08-14 01:11:08 | INFO | 
2026-08-14 01:11:08 | INFO | ======================================================================
2026-08-14 01:11:08 | INFO | CHUNK #147
2026-08-14 01:11:08 | INFO | Trading days: 2023-03-08 -> 2023-03-09
2026-08-14 01:11:08 | INFO | Request: 2023-03-08T09:00:00.000Z -> 2023-03-09T15:45:00.000Z
2026-08-14 01:11:08 | INFO | ======================================================================
2026-08-14 01:11:08 | INFO | API request: 2023-03-08T09:00:00.000Z -> 2023-03-09T15:45:00.000Z (attempt 1/3)
2026-08-14 01:11:08 | INFO | Breeze returned 756 candles.
2026-08-14 01:11:08 | INFO | First candle : 2023-03-08 09:07:00
2026-08-14 01:11:08 | INFO | Last candle  : 2023-03-09 15:34:00
2026-08-14 01:11:08 | INFO | Saved 2023-03-08: 378 candles -> data/raw/breeze\RELIND\1m\2023\03\2023-03-08.json
2026-08-14 01:11:08 | INFO | Saved 2023-03-09: 378 candles -> data/raw/breeze\RELIND\1m\2023\03\2023-03-09.json
2026-08-14 01:11:08 | INFO | Next trading day: 2023-03-10
2026-08-14 01:11:08 | INFO | Waiting 1.0 seconds...
2026-08-14 01:11:09 | INFO | 
2026-08-14 01:11:09 | INFO | ======================================================================
2026-08-14 01:11:09 | INFO | CHUNK #148
2026-08-14 01:11:09 | INFO | Trading days: 2023-03-10 -> 2023-03-10
2026-08-14 01:11:09 | INFO | Request: 2023-03-10T09:00:00.000Z -> 2023-03-10T15:45:00.000Z
2026-08-14 01:11:09 | INFO | ======================================================================
2026-08-14 01:11:09 | INFO | API request: 2023-03-10T09:00:00.000Z -> 2023-03-10T15:45:00.000Z (attempt 1/3)
2026-08-14 01:11:10 | INFO | Breeze returned 378 candles.
2026-08-14 01:11:10 | INFO | First candle : 2023-03-10 09:07:00
2026-08-14 01:11:10 | INFO | Last candle  : 2023-03-10 15:31:00
2026-08-14 01:11:10 | INFO | Saved 2023-03-10: 378 candles -> data/raw/breeze\RELIND\1m\2023\03\2023-03-10.json
2026-08-14 01:11:10 | INFO | Next trading day: 2023-03-13
2026-08-14 01:11:10 | INFO | Waiting 1.0 seconds...
2026-08-14 01:11:11 | INFO | 
2026-08-14 01:11:11 | INFO | ======================================================================
2026-08-14 01:11:11 | INFO | CHUNK #149
2026-08-14 01:11:11 | INFO | Trading days: 2023-03-13 -> 2023-03-14
2026-08-14 01:11:11 | INFO | Request: 2023-03-13T09:00:00.000Z -> 2023-03-14T15:45:00.000Z
2026-08-14 01:11:11 | INFO | ======================================================================
2026-08-14 01:11:11 | INFO | API request: 2023-03-13T09:00:00.000Z -> 2023-03-14T15:45:00.000Z (attempt 1/3)
2026-08-14 01:11:11 | INFO | Breeze returned 756 candles.
2026-08-14 01:11:11 | INFO | First candle : 2023-03-13 09:07:00
2026-08-14 01:11:11 | INFO | Last candle  : 2023-03-14 15:31:00
2026-08-14 01:11:11 | INFO | Saved 2023-03-13: 378 candles -> data/raw/breeze\RELIND\1m\2023\03\2023-03-13.json
2026-08-14 01:11:11 | INFO | Saved 2023-03-14: 378 candles -> data/raw/breeze\RELIND\1m\2023\03\2023-03-14.json
2026-08-14 01:11:11 | INFO | Next trading day: 2023-03-15
2026-08-14 01:11:11 | INFO | Waiting 1.0 seconds...
2026-08-14 01:11:12 | INFO | 
2026-08-14 01:11:12 | INFO | ======================================================================
2026-08-14 01:11:12 | INFO | CHUNK #150
2026-08-14 01:11:12 | INFO | Trading days: 2023-03-15 -> 2023-03-16
2026-08-14 01:11:12 | INFO | Request: 2023-03-15T09:00:00.000Z -> 2023-03-16T15:45:00.000Z
2026-08-14 01:11:12 | INFO | ======================================================================
2026-08-14 01:11:12 | INFO | API request: 2023-03-15T09:00:00.000Z -> 2023-03-16T15:45:00.000Z (attempt 1/3)
2026-08-14 01:11:13 | INFO | Breeze returned 756 candles.
2026-08-14 01:11:13 | INFO | First candle : 2023-03-15 09:07:00
2026-08-14 01:11:13 | INFO | Last candle  : 2023-03-16 15:31:00
2026-08-14 01:11:13 | INFO | Saved 2023-03-15: 378 candles -> data/raw/breeze\RELIND\1m\2023\03\2023-03-15.json
2026-08-14 01:11:13 | INFO | Saved 2023-03-16: 378 candles -> data/raw/breeze\RELIND\1m\2023\03\2023-03-16.json
2026-08-14 01:11:13 | INFO | Next trading day: 2023-03-17
2026-08-14 01:11:13 | INFO | Waiting 1.0 seconds...
2026-08-14 01:11:14 | INFO | 
2026-08-14 01:11:14 | INFO | ======================================================================
2026-08-14 01:11:14 | INFO | CHUNK #151
2026-08-14 01:11:14 | INFO | Trading days: 2023-03-17 -> 2023-03-17
2026-08-14 01:11:14 | INFO | Request: 2023-03-17T09:00:00.000Z -> 2023-03-17T15:45:00.000Z
2026-08-14 01:11:14 | INFO | ======================================================================
2026-08-14 01:11:14 | INFO | API request: 2023-03-17T09:00:00.000Z -> 2023-03-17T15:45:00.000Z (attempt 1/3)
2026-08-14 01:11:14 | INFO | Breeze returned 378 candles.
2026-08-14 01:11:14 | INFO | First candle : 2023-03-17 09:07:00
2026-08-14 01:11:14 | INFO | Last candle  : 2023-03-17 15:31:00
2026-08-14 01:11:14 | INFO | Saved 2023-03-17: 378 candles -> data/raw/breeze\RELIND\1m\2023\03\2023-03-17.json
2026-08-14 01:11:14 | INFO | Next trading day: 2023-03-20
2026-08-14 01:11:14 | INFO | Waiting 1.0 seconds...
2026-08-14 01:11:15 | INFO | 
2026-08-14 01:11:15 | INFO | ======================================================================
2026-08-14 01:11:15 | INFO | CHUNK #152
2026-08-14 01:11:15 | INFO | Trading days: 2023-03-20 -> 2023-03-21
2026-08-14 01:11:15 | INFO | Request: 2023-03-20T09:00:00.000Z -> 2023-03-21T15:45:00.000Z
2026-08-14 01:11:15 | INFO | ======================================================================
2026-08-14 01:11:15 | INFO | API request: 2023-03-20T09:00:00.000Z -> 2023-03-21T15:45:00.000Z (attempt 1/3)
2026-08-14 01:11:16 | INFO | Breeze returned 756 candles.
2026-08-14 01:11:16 | INFO | First candle : 2023-03-20 09:07:00
2026-08-14 01:11:16 | INFO | Last candle  : 2023-03-21 15:38:00
2026-08-14 01:11:16 | INFO | Saved 2023-03-20: 377 candles -> data/raw/breeze\RELIND\1m\2023\03\2023-03-20.json
2026-08-14 01:11:16 | INFO | Saved 2023-03-21: 379 candles -> data/raw/breeze\RELIND\1m\2023\03\2023-03-21.json
2026-08-14 01:11:16 | INFO | Next trading day: 2023-03-22
2026-08-14 01:11:16 | INFO | Waiting 1.0 seconds...
2026-08-14 01:11:17 | INFO | 
2026-08-14 01:11:17 | INFO | ======================================================================
2026-08-14 01:11:17 | INFO | CHUNK #153
2026-08-14 01:11:17 | INFO | Trading days: 2023-03-22 -> 2023-03-23
2026-08-14 01:11:17 | INFO | Request: 2023-03-22T09:00:00.000Z -> 2023-03-23T15:45:00.000Z
2026-08-14 01:11:17 | INFO | ======================================================================
2026-08-14 01:11:17 | INFO | API request: 2023-03-22T09:00:00.000Z -> 2023-03-23T15:45:00.000Z (attempt 1/3)
2026-08-14 01:11:17 | INFO | Breeze returned 757 candles.
2026-08-14 01:11:17 | INFO | First candle : 2023-03-22 09:07:00
2026-08-14 01:11:17 | INFO | Last candle  : 2023-03-23 15:31:00
2026-08-14 01:11:17 | INFO | Saved 2023-03-22: 378 candles -> data/raw/breeze\RELIND\1m\2023\03\2023-03-22.json
2026-08-14 01:11:17 | INFO | Saved 2023-03-23: 379 candles -> data/raw/breeze\RELIND\1m\2023\03\2023-03-23.json
2026-08-14 01:11:17 | INFO | Next trading day: 2023-03-24
2026-08-14 01:11:17 | INFO | Waiting 1.0 seconds...
2026-08-14 01:11:18 | INFO | 
2026-08-14 01:11:18 | INFO | ======================================================================
2026-08-14 01:11:18 | INFO | CHUNK #154
2026-08-14 01:11:18 | INFO | Trading days: 2023-03-24 -> 2023-03-24
2026-08-14 01:11:18 | INFO | Request: 2023-03-24T09:00:00.000Z -> 2023-03-24T15:45:00.000Z
2026-08-14 01:11:18 | INFO | ======================================================================
2026-08-14 01:11:18 | INFO | API request: 2023-03-24T09:00:00.000Z -> 2023-03-24T15:45:00.000Z (attempt 1/3)
2026-08-14 01:11:18 | INFO | Breeze returned 378 candles.
2026-08-14 01:11:18 | INFO | First candle : 2023-03-24 09:07:00
2026-08-14 01:11:18 | INFO | Last candle  : 2023-03-24 15:31:00
2026-08-14 01:11:18 | INFO | Saved 2023-03-24: 378 candles -> data/raw/breeze\RELIND\1m\2023\03\2023-03-24.json
2026-08-14 01:11:18 | INFO | Next trading day: 2023-03-27
2026-08-14 01:11:18 | INFO | Waiting 1.0 seconds...
2026-08-14 01:11:19 | INFO | 
2026-08-14 01:11:19 | INFO | ======================================================================
2026-08-14 01:11:19 | INFO | CHUNK #155
2026-08-14 01:11:19 | INFO | Trading days: 2023-03-27 -> 2023-03-28
2026-08-14 01:11:19 | INFO | Request: 2023-03-27T09:00:00.000Z -> 2023-03-28T15:45:00.000Z
2026-08-14 01:11:19 | INFO | ======================================================================
2026-08-14 01:11:19 | INFO | API request: 2023-03-27T09:00:00.000Z -> 2023-03-28T15:45:00.000Z (attempt 1/3)
2026-08-14 01:11:20 | INFO | Breeze returned 757 candles.
2026-08-14 01:11:20 | INFO | First candle : 2023-03-27 09:07:00
2026-08-14 01:11:20 | INFO | Last candle  : 2023-03-28 15:35:00
2026-08-14 01:11:20 | INFO | Saved 2023-03-27: 378 candles -> data/raw/breeze\RELIND\1m\2023\03\2023-03-27.json
2026-08-14 01:11:20 | INFO | Saved 2023-03-28: 379 candles -> data/raw/breeze\RELIND\1m\2023\03\2023-03-28.json
2026-08-14 01:11:20 | INFO | Next trading day: 2023-03-29
2026-08-14 01:11:20 | INFO | Waiting 1.0 seconds...
2026-08-14 01:11:21 | INFO | 
2026-08-14 01:11:21 | INFO | ======================================================================
2026-08-14 01:11:21 | INFO | CHUNK #156
2026-08-14 01:11:21 | INFO | Trading days: 2023-03-29 -> 2023-03-30
2026-08-14 01:11:21 | INFO | Request: 2023-03-29T09:00:00.000Z -> 2023-03-30T15:45:00.000Z
2026-08-14 01:11:21 | INFO | ======================================================================
2026-08-14 01:11:21 | INFO | API request: 2023-03-29T09:00:00.000Z -> 2023-03-30T15:45:00.000Z (attempt 1/3)
2026-08-14 01:11:21 | INFO | Breeze returned 379 candles.
2026-08-14 01:11:21 | INFO | First candle : 2023-03-29 09:07:00
2026-08-14 01:11:21 | INFO | Last candle  : 2023-03-29 15:36:00
2026-08-14 01:11:21 | INFO | Saved 2023-03-29: 379 candles -> data/raw/breeze\RELIND\1m\2023\03\2023-03-29.json
2026-08-14 01:11:21 | INFO | Saved 2023-03-30: 0 candles -> data/raw/breeze\RELIND\1m\2023\03\2023-03-30.json
2026-08-14 01:11:21 | INFO | Next trading day: 2023-03-31
2026-08-14 01:11:21 | INFO | Waiting 1.0 seconds...
2026-08-14 01:11:22 | INFO | 
2026-08-14 01:11:22 | INFO | ======================================================================
2026-08-14 01:11:22 | INFO | CHUNK #157
2026-08-14 01:11:22 | INFO | Trading days: 2023-03-31 -> 2023-03-31
2026-08-14 01:11:22 | INFO | Request: 2023-03-31T09:00:00.000Z -> 2023-03-31T15:45:00.000Z
2026-08-14 01:11:22 | INFO | ======================================================================
2026-08-14 01:11:22 | INFO | API request: 2023-03-31T09:00:00.000Z -> 2023-03-31T15:45:00.000Z (attempt 1/3)
2026-08-14 01:11:22 | INFO | Breeze returned 378 candles.
2026-08-14 01:11:22 | INFO | First candle : 2023-03-31 09:07:00
2026-08-14 01:11:22 | INFO | Last candle  : 2023-03-31 15:32:00
2026-08-14 01:11:22 | INFO | Saved 2023-03-31: 378 candles -> data/raw/breeze\RELIND\1m\2023\03\2023-03-31.json
2026-08-14 01:11:22 | INFO | Next trading day: 2023-04-03
2026-08-14 01:11:22 | INFO | Waiting 1.0 seconds...
2026-08-14 01:11:23 | INFO | 
2026-08-14 01:11:23 | INFO | ======================================================================
2026-08-14 01:11:23 | INFO | CHUNK #158
2026-08-14 01:11:23 | INFO | Trading days: 2023-04-03 -> 2023-04-04
2026-08-14 01:11:23 | INFO | Request: 2023-04-03T09:00:00.000Z -> 2023-04-04T15:45:00.000Z
2026-08-14 01:11:23 | INFO | ======================================================================
2026-08-14 01:11:23 | INFO | API request: 2023-04-03T09:00:00.000Z -> 2023-04-04T15:45:00.000Z (attempt 1/3)
2026-08-14 01:11:24 | INFO | Breeze returned 379 candles.
2026-08-14 01:11:24 | INFO | First candle : 2023-04-03 09:07:00
2026-08-14 01:11:24 | INFO | Last candle  : 2023-04-03 15:36:00
2026-08-14 01:11:24 | INFO | Saved 2023-04-03: 379 candles -> data/raw/breeze\RELIND\1m\2023\04\2023-04-03.json
2026-08-14 01:11:24 | INFO | Saved 2023-04-04: 0 candles -> data/raw/breeze\RELIND\1m\2023\04\2023-04-04.json
2026-08-14 01:11:24 | INFO | Next trading day: 2023-04-05
2026-08-14 01:11:24 | INFO | Waiting 1.0 seconds...
2026-08-14 01:11:25 | INFO | 
2026-08-14 01:11:25 | INFO | ======================================================================
2026-08-14 01:11:25 | INFO | CHUNK #159
2026-08-14 01:11:25 | INFO | Trading days: 2023-04-05 -> 2023-04-06
2026-08-14 01:11:25 | INFO | Request: 2023-04-05T09:00:00.000Z -> 2023-04-06T15:45:00.000Z
2026-08-14 01:11:25 | INFO | ======================================================================
2026-08-14 01:11:25 | INFO | API request: 2023-04-05T09:00:00.000Z -> 2023-04-06T15:45:00.000Z (attempt 1/3)
2026-08-14 01:11:25 | INFO | Breeze returned 756 candles.
2026-08-14 01:11:25 | INFO | First candle : 2023-04-05 09:07:00
2026-08-14 01:11:25 | INFO | Last candle  : 2023-04-06 15:31:00
2026-08-14 01:11:25 | INFO | Saved 2023-04-05: 378 candles -> data/raw/breeze\RELIND\1m\2023\04\2023-04-05.json
2026-08-14 01:11:25 | INFO | Saved 2023-04-06: 378 candles -> data/raw/breeze\RELIND\1m\2023\04\2023-04-06.json
2026-08-14 01:11:25 | INFO | Next trading day: 2023-04-07
2026-08-14 01:11:25 | INFO | Waiting 1.0 seconds...
2026-08-14 01:11:26 | INFO | 
2026-08-14 01:11:26 | INFO | ======================================================================
2026-08-14 01:11:26 | INFO | CHUNK #160
2026-08-14 01:11:26 | INFO | Trading days: 2023-04-07 -> 2023-04-07
2026-08-14 01:11:26 | INFO | Request: 2023-04-07T09:00:00.000Z -> 2023-04-07T15:45:00.000Z
2026-08-14 01:11:26 | INFO | ======================================================================
2026-08-14 01:11:26 | INFO | API request: 2023-04-07T09:00:00.000Z -> 2023-04-07T15:45:00.000Z (attempt 1/3)
2026-08-14 01:11:26 | INFO | Breeze returned 0 candles.
2026-08-14 01:11:26 | INFO | Saved 2023-04-07: 0 candles -> data/raw/breeze\RELIND\1m\2023\04\2023-04-07.json
2026-08-14 01:11:26 | INFO | Next trading day: 2023-04-10
2026-08-14 01:11:26 | INFO | Waiting 1.0 seconds...
2026-08-14 01:11:27 | INFO | 
2026-08-14 01:11:27 | INFO | ======================================================================
2026-08-14 01:11:27 | INFO | CHUNK #161
2026-08-14 01:11:27 | INFO | Trading days: 2023-04-10 -> 2023-04-11
2026-08-14 01:11:27 | INFO | Request: 2023-04-10T09:00:00.000Z -> 2023-04-11T15:45:00.000Z
2026-08-14 01:11:27 | INFO | ======================================================================
2026-08-14 01:11:27 | INFO | API request: 2023-04-10T09:00:00.000Z -> 2023-04-11T15:45:00.000Z (attempt 1/3)
2026-08-14 01:11:28 | INFO | Breeze returned 756 candles.
2026-08-14 01:11:28 | INFO | First candle : 2023-04-10 09:07:00
2026-08-14 01:11:28 | INFO | Last candle  : 2023-04-11 15:31:00
2026-08-14 01:11:28 | INFO | Saved 2023-04-10: 378 candles -> data/raw/breeze\RELIND\1m\2023\04\2023-04-10.json
2026-08-14 01:11:28 | INFO | Saved 2023-04-11: 378 candles -> data/raw/breeze\RELIND\1m\2023\04\2023-04-11.json
2026-08-14 01:11:28 | INFO | Next trading day: 2023-04-12
2026-08-14 01:11:28 | INFO | Waiting 1.0 seconds...
2026-08-14 01:11:29 | INFO | 
2026-08-14 01:11:29 | INFO | ======================================================================
2026-08-14 01:11:29 | INFO | CHUNK #162
2026-08-14 01:11:29 | INFO | Trading days: 2023-04-12 -> 2023-04-13
2026-08-14 01:11:29 | INFO | Request: 2023-04-12T09:00:00.000Z -> 2023-04-13T15:45:00.000Z
2026-08-14 01:11:29 | INFO | ======================================================================
2026-08-14 01:11:29 | INFO | API request: 2023-04-12T09:00:00.000Z -> 2023-04-13T15:45:00.000Z (attempt 1/3)
2026-08-14 01:11:29 | INFO | Breeze returned 755 candles.
2026-08-14 01:11:29 | INFO | First candle : 2023-04-12 09:07:00
2026-08-14 01:11:29 | INFO | Last candle  : 2023-04-13 15:31:00
2026-08-14 01:11:29 | INFO | Saved 2023-04-12: 378 candles -> data/raw/breeze\RELIND\1m\2023\04\2023-04-12.json
2026-08-14 01:11:29 | INFO | Saved 2023-04-13: 377 candles -> data/raw/breeze\RELIND\1m\2023\04\2023-04-13.json
2026-08-14 01:11:29 | INFO | Next trading day: 2023-04-14
2026-08-14 01:11:29 | INFO | Waiting 1.0 seconds...
2026-08-14 01:11:30 | INFO | 
2026-08-14 01:11:30 | INFO | ======================================================================
2026-08-14 01:11:30 | INFO | CHUNK #163
2026-08-14 01:11:30 | INFO | Trading days: 2023-04-14 -> 2023-04-14
2026-08-14 01:11:30 | INFO | Request: 2023-04-14T09:00:00.000Z -> 2023-04-14T15:45:00.000Z
2026-08-14 01:11:30 | INFO | ======================================================================
2026-08-14 01:11:30 | INFO | API request: 2023-04-14T09:00:00.000Z -> 2023-04-14T15:45:00.000Z (attempt 1/3)
2026-08-14 01:11:30 | INFO | Breeze returned 0 candles.
2026-08-14 01:11:30 | INFO | Saved 2023-04-14: 0 candles -> data/raw/breeze\RELIND\1m\2023\04\2023-04-14.json
2026-08-14 01:11:30 | INFO | Next trading day: 2023-04-17
2026-08-14 01:11:30 | INFO | Waiting 1.0 seconds...
2026-08-14 01:11:31 | INFO | 
2026-08-14 01:11:31 | INFO | ======================================================================
2026-08-14 01:11:31 | INFO | CHUNK #164
2026-08-14 01:11:31 | INFO | Trading days: 2023-04-17 -> 2023-04-18
2026-08-14 01:11:31 | INFO | Request: 2023-04-17T09:00:00.000Z -> 2023-04-18T15:45:00.000Z
2026-08-14 01:11:31 | INFO | ======================================================================
2026-08-14 01:11:31 | INFO | API request: 2023-04-17T09:00:00.000Z -> 2023-04-18T15:45:00.000Z (attempt 1/3)
2026-08-14 01:11:32 | INFO | Breeze returned 756 candles.
2026-08-14 01:11:32 | INFO | First candle : 2023-04-17 09:07:00
2026-08-14 01:11:32 | INFO | Last candle  : 2023-04-18 15:32:00
2026-08-14 01:11:32 | INFO | Saved 2023-04-17: 378 candles -> data/raw/breeze\RELIND\1m\2023\04\2023-04-17.json
2026-08-14 01:11:32 | INFO | Saved 2023-04-18: 378 candles -> data/raw/breeze\RELIND\1m\2023\04\2023-04-18.json
2026-08-14 01:11:32 | INFO | Next trading day: 2023-04-19
2026-08-14 01:11:32 | INFO | Waiting 1.0 seconds...
2026-08-14 01:11:33 | INFO | 
2026-08-14 01:11:33 | INFO | ======================================================================
2026-08-14 01:11:33 | INFO | CHUNK #165
2026-08-14 01:11:33 | INFO | Trading days: 2023-04-19 -> 2023-04-20
2026-08-14 01:11:33 | INFO | Request: 2023-04-19T09:00:00.000Z -> 2023-04-20T15:45:00.000Z
2026-08-14 01:11:33 | INFO | ======================================================================
2026-08-14 01:11:33 | INFO | API request: 2023-04-19T09:00:00.000Z -> 2023-04-20T15:45:00.000Z (attempt 1/3)
2026-08-14 01:11:33 | INFO | Breeze returned 757 candles.
2026-08-14 01:11:33 | INFO | First candle : 2023-04-19 09:07:00
2026-08-14 01:11:33 | INFO | Last candle  : 2023-04-20 15:35:00
2026-08-14 01:11:33 | INFO | Saved 2023-04-19: 378 candles -> data/raw/breeze\RELIND\1m\2023\04\2023-04-19.json
2026-08-14 01:11:33 | INFO | Saved 2023-04-20: 379 candles -> data/raw/breeze\RELIND\1m\2023\04\2023-04-20.json
2026-08-14 01:11:33 | INFO | Next trading day: 2023-04-21
2026-08-14 01:11:33 | INFO | Waiting 1.0 seconds...
2026-08-14 01:11:34 | INFO | 
2026-08-14 01:11:34 | INFO | ======================================================================
2026-08-14 01:11:34 | INFO | CHUNK #166
2026-08-14 01:11:34 | INFO | Trading days: 2023-04-21 -> 2023-04-21
2026-08-14 01:11:34 | INFO | Request: 2023-04-21T09:00:00.000Z -> 2023-04-21T15:45:00.000Z
2026-08-14 01:11:34 | INFO | ======================================================================
2026-08-14 01:11:34 | INFO | API request: 2023-04-21T09:00:00.000Z -> 2023-04-21T15:45:00.000Z (attempt 1/3)
2026-08-14 01:11:35 | INFO | Breeze returned 378 candles.
2026-08-14 01:11:35 | INFO | First candle : 2023-04-21 09:07:00
2026-08-14 01:11:35 | INFO | Last candle  : 2023-04-21 15:31:00
2026-08-14 01:11:35 | INFO | Saved 2023-04-21: 378 candles -> data/raw/breeze\RELIND\1m\2023\04\2023-04-21.json
2026-08-14 01:11:35 | INFO | Next trading day: 2023-04-24
2026-08-14 01:11:35 | INFO | Waiting 1.0 seconds...
2026-08-14 01:11:36 | INFO | 
2026-08-14 01:11:36 | INFO | ======================================================================
2026-08-14 01:11:36 | INFO | CHUNK #167
2026-08-14 01:11:36 | INFO | Trading days: 2023-04-24 -> 2023-04-25
2026-08-14 01:11:36 | INFO | Request: 2023-04-24T09:00:00.000Z -> 2023-04-25T15:45:00.000Z
2026-08-14 01:11:36 | INFO | ======================================================================
2026-08-14 01:11:36 | INFO | API request: 2023-04-24T09:00:00.000Z -> 2023-04-25T15:45:00.000Z (attempt 1/3)
2026-08-14 01:11:36 | INFO | Breeze returned 757 candles.
2026-08-14 01:11:36 | INFO | First candle : 2023-04-24 09:07:00
2026-08-14 01:11:36 | INFO | Last candle  : 2023-04-25 15:31:00
2026-08-14 01:11:36 | INFO | Saved 2023-04-24: 379 candles -> data/raw/breeze\RELIND\1m\2023\04\2023-04-24.json
2026-08-14 01:11:36 | INFO | Saved 2023-04-25: 378 candles -> data/raw/breeze\RELIND\1m\2023\04\2023-04-25.json
2026-08-14 01:11:36 | INFO | Next trading day: 2023-04-26
2026-08-14 01:11:36 | INFO | Waiting 1.0 seconds...
2026-08-14 01:11:37 | INFO | 
2026-08-14 01:11:37 | INFO | ======================================================================
2026-08-14 01:11:37 | INFO | CHUNK #168
2026-08-14 01:11:37 | INFO | Trading days: 2023-04-26 -> 2023-04-27
2026-08-14 01:11:37 | INFO | Request: 2023-04-26T09:00:00.000Z -> 2023-04-27T15:45:00.000Z
2026-08-14 01:11:37 | INFO | ======================================================================
2026-08-14 01:11:37 | INFO | API request: 2023-04-26T09:00:00.000Z -> 2023-04-27T15:45:00.000Z (attempt 1/3)
2026-08-14 01:11:37 | INFO | Breeze returned 757 candles.
2026-08-14 01:11:37 | INFO | First candle : 2023-04-26 09:07:00
2026-08-14 01:11:37 | INFO | Last candle  : 2023-04-27 15:31:00
2026-08-14 01:11:37 | INFO | Saved 2023-04-26: 379 candles -> data/raw/breeze\RELIND\1m\2023\04\2023-04-26.json
2026-08-14 01:11:37 | INFO | Saved 2023-04-27: 378 candles -> data/raw/breeze\RELIND\1m\2023\04\2023-04-27.json
2026-08-14 01:11:37 | INFO | Next trading day: 2023-04-28
2026-08-14 01:11:37 | INFO | Waiting 1.0 seconds...
2026-08-14 01:11:38 | INFO | 
2026-08-14 01:11:38 | INFO | ======================================================================
2026-08-14 01:11:38 | INFO | CHUNK #169
2026-08-14 01:11:38 | INFO | Trading days: 2023-04-28 -> 2023-04-28
2026-08-14 01:11:38 | INFO | Request: 2023-04-28T09:00:00.000Z -> 2023-04-28T15:45:00.000Z
2026-08-14 01:11:38 | INFO | ======================================================================
2026-08-14 01:11:38 | INFO | API request: 2023-04-28T09:00:00.000Z -> 2023-04-28T15:45:00.000Z (attempt 1/3)
2026-08-14 01:11:38 | INFO | Breeze returned 378 candles.
2026-08-14 01:11:38 | INFO | First candle : 2023-04-28 09:07:00
2026-08-14 01:11:38 | INFO | Last candle  : 2023-04-28 15:31:00
2026-08-14 01:11:38 | INFO | Saved 2023-04-28: 378 candles -> data/raw/breeze\RELIND\1m\2023\04\2023-04-28.json
2026-08-14 01:11:38 | INFO | Next trading day: 2023-05-01
2026-08-14 01:11:38 | INFO | Waiting 1.0 seconds...
2026-08-14 01:11:39 | INFO | 
2026-08-14 01:11:39 | INFO | ======================================================================
2026-08-14 01:11:39 | INFO | CHUNK #170
2026-08-14 01:11:39 | INFO | Trading days: 2023-05-01 -> 2023-05-02
2026-08-14 01:11:39 | INFO | Request: 2023-05-01T09:00:00.000Z -> 2023-05-02T15:45:00.000Z
2026-08-14 01:11:39 | INFO | ======================================================================
2026-08-14 01:11:39 | INFO | API request: 2023-05-01T09:00:00.000Z -> 2023-05-02T15:45:00.000Z (attempt 1/3)
2026-08-14 01:11:40 | INFO | Breeze returned 378 candles.
2026-08-14 01:11:40 | INFO | First candle : 2023-05-02 09:07:00
2026-08-14 01:11:40 | INFO | Last candle  : 2023-05-02 15:31:00
2026-08-14 01:11:40 | INFO | Saved 2023-05-01: 0 candles -> data/raw/breeze\RELIND\1m\2023\05\2023-05-01.json
2026-08-14 01:11:40 | INFO | Saved 2023-05-02: 378 candles -> data/raw/breeze\RELIND\1m\2023\05\2023-05-02.json
2026-08-14 01:11:40 | INFO | Next trading day: 2023-05-03
2026-08-14 01:11:40 | INFO | Waiting 1.0 seconds...
2026-08-14 01:11:41 | INFO | 
2026-08-14 01:11:41 | INFO | ======================================================================
2026-08-14 01:11:41 | INFO | CHUNK #171
2026-08-14 01:11:41 | INFO | Trading days: 2023-05-03 -> 2023-05-04
2026-08-14 01:11:41 | INFO | Request: 2023-05-03T09:00:00.000Z -> 2023-05-04T15:45:00.000Z
2026-08-14 01:11:41 | INFO | ======================================================================
2026-08-14 01:11:41 | INFO | API request: 2023-05-03T09:00:00.000Z -> 2023-05-04T15:45:00.000Z (attempt 1/3)
2026-08-14 01:11:41 | INFO | Breeze returned 756 candles.
2026-08-14 01:11:41 | INFO | First candle : 2023-05-03 09:07:00
2026-08-14 01:11:41 | INFO | Last candle  : 2023-05-04 15:30:00
2026-08-14 01:11:41 | INFO | Saved 2023-05-03: 379 candles -> data/raw/breeze\RELIND\1m\2023\05\2023-05-03.json
2026-08-14 01:11:41 | INFO | Saved 2023-05-04: 377 candles -> data/raw/breeze\RELIND\1m\2023\05\2023-05-04.json
2026-08-14 01:11:41 | INFO | Next trading day: 2023-05-05
2026-08-14 01:11:41 | INFO | Waiting 1.0 seconds...
2026-08-14 01:11:42 | INFO | 
2026-08-14 01:11:42 | INFO | ======================================================================
2026-08-14 01:11:42 | INFO | CHUNK #172
2026-08-14 01:11:42 | INFO | Trading days: 2023-05-05 -> 2023-05-05
2026-08-14 01:11:42 | INFO | Request: 2023-05-05T09:00:00.000Z -> 2023-05-05T15:45:00.000Z
2026-08-14 01:11:42 | INFO | ======================================================================
2026-08-14 01:11:42 | INFO | API request: 2023-05-05T09:00:00.000Z -> 2023-05-05T15:45:00.000Z (attempt 1/3)
2026-08-14 01:11:42 | INFO | Breeze returned 378 candles.
2026-08-14 01:11:42 | INFO | First candle : 2023-05-05 09:07:00
2026-08-14 01:11:42 | INFO | Last candle  : 2023-05-05 15:32:00
2026-08-14 01:11:42 | INFO | Saved 2023-05-05: 378 candles -> data/raw/breeze\RELIND\1m\2023\05\2023-05-05.json
2026-08-14 01:11:42 | INFO | Next trading day: 2023-05-08
2026-08-14 01:11:42 | INFO | Waiting 1.0 seconds...
2026-08-14 01:11:43 | INFO | 
2026-08-14 01:11:43 | INFO | ======================================================================
2026-08-14 01:11:43 | INFO | CHUNK #173
2026-08-14 01:11:43 | INFO | Trading days: 2023-05-08 -> 2023-05-09
2026-08-14 01:11:43 | INFO | Request: 2023-05-08T09:00:00.000Z -> 2023-05-09T15:45:00.000Z
2026-08-14 01:11:43 | INFO | ======================================================================
2026-08-14 01:11:43 | INFO | API request: 2023-05-08T09:00:00.000Z -> 2023-05-09T15:45:00.000Z (attempt 1/3)
2026-08-14 01:11:44 | INFO | Breeze returned 757 candles.
2026-08-14 01:11:44 | INFO | First candle : 2023-05-08 09:07:00
2026-08-14 01:11:44 | INFO | Last candle  : 2023-05-09 15:38:00
2026-08-14 01:11:44 | INFO | Saved 2023-05-08: 378 candles -> data/raw/breeze\RELIND\1m\2023\05\2023-05-08.json
2026-08-14 01:11:44 | INFO | Saved 2023-05-09: 379 candles -> data/raw/breeze\RELIND\1m\2023\05\2023-05-09.json
2026-08-14 01:11:44 | INFO | Next trading day: 2023-05-10
2026-08-14 01:11:44 | INFO | Waiting 1.0 seconds...
2026-08-14 01:11:45 | INFO | 
2026-08-14 01:11:45 | INFO | ======================================================================
2026-08-14 01:11:45 | INFO | CHUNK #174
2026-08-14 01:11:45 | INFO | Trading days: 2023-05-10 -> 2023-05-11
2026-08-14 01:11:45 | INFO | Request: 2023-05-10T09:00:00.000Z -> 2023-05-11T15:45:00.000Z
2026-08-14 01:11:45 | INFO | ======================================================================
2026-08-14 01:11:45 | INFO | API request: 2023-05-10T09:00:00.000Z -> 2023-05-11T15:45:00.000Z (attempt 1/3)
2026-08-14 01:11:45 | INFO | Breeze returned 759 candles.
2026-08-14 01:11:45 | INFO | First candle : 2023-05-10 09:07:00
2026-08-14 01:11:45 | INFO | Last candle  : 2023-05-11 15:33:00
2026-08-14 01:11:45 | INFO | Saved 2023-05-10: 380 candles -> data/raw/breeze\RELIND\1m\2023\05\2023-05-10.json
2026-08-14 01:11:45 | INFO | Saved 2023-05-11: 379 candles -> data/raw/breeze\RELIND\1m\2023\05\2023-05-11.json
2026-08-14 01:11:45 | INFO | Next trading day: 2023-05-12
2026-08-14 01:11:45 | INFO | Waiting 1.0 seconds...
2026-08-14 01:11:46 | INFO | 
2026-08-14 01:11:46 | INFO | ======================================================================
2026-08-14 01:11:46 | INFO | CHUNK #175
2026-08-14 01:11:46 | INFO | Trading days: 2023-05-12 -> 2023-05-12
2026-08-14 01:11:46 | INFO | Request: 2023-05-12T09:00:00.000Z -> 2023-05-12T15:45:00.000Z
2026-08-14 01:11:46 | INFO | ======================================================================
2026-08-14 01:11:46 | INFO | API request: 2023-05-12T09:00:00.000Z -> 2023-05-12T15:45:00.000Z (attempt 1/3)
2026-08-14 01:11:47 | INFO | Breeze returned 378 candles.
2026-08-14 01:11:47 | INFO | First candle : 2023-05-12 09:07:00
2026-08-14 01:11:47 | INFO | Last candle  : 2023-05-12 15:31:00
2026-08-14 01:11:47 | INFO | Saved 2023-05-12: 378 candles -> data/raw/breeze\RELIND\1m\2023\05\2023-05-12.json
2026-08-14 01:11:47 | INFO | Next trading day: 2023-05-15
2026-08-14 01:11:47 | INFO | Waiting 1.0 seconds...
2026-08-14 01:11:48 | INFO | 
2026-08-14 01:11:48 | INFO | ======================================================================
2026-08-14 01:11:48 | INFO | CHUNK #176
2026-08-14 01:11:48 | INFO | Trading days: 2023-05-15 -> 2023-05-16
2026-08-14 01:11:48 | INFO | Request: 2023-05-15T09:00:00.000Z -> 2023-05-16T15:45:00.000Z
2026-08-14 01:11:48 | INFO | ======================================================================
2026-08-14 01:11:48 | INFO | API request: 2023-05-15T09:00:00.000Z -> 2023-05-16T15:45:00.000Z (attempt 1/3)
2026-08-14 01:11:48 | INFO | Breeze returned 756 candles.
2026-08-14 01:11:48 | INFO | First candle : 2023-05-15 09:07:00
2026-08-14 01:11:48 | INFO | Last candle  : 2023-05-16 15:31:00
2026-08-14 01:11:48 | INFO | Saved 2023-05-15: 378 candles -> data/raw/breeze\RELIND\1m\2023\05\2023-05-15.json
2026-08-14 01:11:48 | INFO | Saved 2023-05-16: 378 candles -> data/raw/breeze\RELIND\1m\2023\05\2023-05-16.json
2026-08-14 01:11:48 | INFO | Next trading day: 2023-05-17
2026-08-14 01:11:48 | INFO | Waiting 1.0 seconds...
2026-08-14 01:11:49 | INFO | 
2026-08-14 01:11:49 | INFO | ======================================================================
2026-08-14 01:11:49 | INFO | CHUNK #177
2026-08-14 01:11:49 | INFO | Trading days: 2023-05-17 -> 2023-05-18
2026-08-14 01:11:49 | INFO | Request: 2023-05-17T09:00:00.000Z -> 2023-05-18T15:45:00.000Z
2026-08-14 01:11:49 | INFO | ======================================================================
2026-08-14 01:11:49 | INFO | API request: 2023-05-17T09:00:00.000Z -> 2023-05-18T15:45:00.000Z (attempt 1/3)
2026-08-14 01:11:49 | INFO | Breeze returned 757 candles.
2026-08-14 01:11:49 | INFO | First candle : 2023-05-17 09:07:00
2026-08-14 01:11:49 | INFO | Last candle  : 2023-05-18 15:31:00
2026-08-14 01:11:49 | INFO | Saved 2023-05-17: 379 candles -> data/raw/breeze\RELIND\1m\2023\05\2023-05-17.json
2026-08-14 01:11:49 | INFO | Saved 2023-05-18: 378 candles -> data/raw/breeze\RELIND\1m\2023\05\2023-05-18.json
2026-08-14 01:11:49 | INFO | Next trading day: 2023-05-19
2026-08-14 01:11:49 | INFO | Waiting 1.0 seconds...
2026-08-14 01:11:50 | INFO | 
2026-08-14 01:11:50 | INFO | ======================================================================
2026-08-14 01:11:50 | INFO | CHUNK #178
2026-08-14 01:11:50 | INFO | Trading days: 2023-05-19 -> 2023-05-19
2026-08-14 01:11:50 | INFO | Request: 2023-05-19T09:00:00.000Z -> 2023-05-19T15:45:00.000Z
2026-08-14 01:11:50 | INFO | ======================================================================
2026-08-14 01:11:50 | INFO | API request: 2023-05-19T09:00:00.000Z -> 2023-05-19T15:45:00.000Z (attempt 1/3)
2026-08-14 01:11:51 | INFO | Breeze returned 378 candles.
2026-08-14 01:11:51 | INFO | First candle : 2023-05-19 09:07:00
2026-08-14 01:11:51 | INFO | Last candle  : 2023-05-19 15:31:00
2026-08-14 01:11:51 | INFO | Saved 2023-05-19: 378 candles -> data/raw/breeze\RELIND\1m\2023\05\2023-05-19.json
2026-08-14 01:11:51 | INFO | Next trading day: 2023-05-22
2026-08-14 01:11:51 | INFO | Waiting 1.0 seconds...
2026-08-14 01:11:52 | INFO | 
2026-08-14 01:11:52 | INFO | ======================================================================
2026-08-14 01:11:52 | INFO | CHUNK #179
2026-08-14 01:11:52 | INFO | Trading days: 2023-05-22 -> 2023-05-23
2026-08-14 01:11:52 | INFO | Request: 2023-05-22T09:00:00.000Z -> 2023-05-23T15:45:00.000Z
2026-08-14 01:11:52 | INFO | ======================================================================
2026-08-14 01:11:52 | INFO | API request: 2023-05-22T09:00:00.000Z -> 2023-05-23T15:45:00.000Z (attempt 1/3)
2026-08-14 01:11:52 | INFO | Breeze returned 756 candles.
2026-08-14 01:11:52 | INFO | First candle : 2023-05-22 09:07:00
2026-08-14 01:11:52 | INFO | Last candle  : 2023-05-23 15:31:00
2026-08-14 01:11:52 | INFO | Saved 2023-05-22: 378 candles -> data/raw/breeze\RELIND\1m\2023\05\2023-05-22.json
2026-08-14 01:11:52 | INFO | Saved 2023-05-23: 378 candles -> data/raw/breeze\RELIND\1m\2023\05\2023-05-23.json
2026-08-14 01:11:52 | INFO | Next trading day: 2023-05-24
2026-08-14 01:11:52 | INFO | Waiting 1.0 seconds...
2026-08-14 01:11:53 | INFO | 
2026-08-14 01:11:53 | INFO | ======================================================================
2026-08-14 01:11:53 | INFO | CHUNK #180
2026-08-14 01:11:53 | INFO | Trading days: 2023-05-24 -> 2023-05-25
2026-08-14 01:11:53 | INFO | Request: 2023-05-24T09:00:00.000Z -> 2023-05-25T15:45:00.000Z
2026-08-14 01:11:53 | INFO | ======================================================================
2026-08-14 01:11:53 | INFO | API request: 2023-05-24T09:00:00.000Z -> 2023-05-25T15:45:00.000Z (attempt 1/3)
2026-08-14 01:11:53 | INFO | Breeze returned 755 candles.
2026-08-14 01:11:53 | INFO | First candle : 2023-05-24 09:07:00
2026-08-14 01:11:53 | INFO | Last candle  : 2023-05-25 15:31:00
2026-08-14 01:11:53 | INFO | Saved 2023-05-24: 378 candles -> data/raw/breeze\RELIND\1m\2023\05\2023-05-24.json
2026-08-14 01:11:53 | INFO | Saved 2023-05-25: 377 candles -> data/raw/breeze\RELIND\1m\2023\05\2023-05-25.json
2026-08-14 01:11:53 | INFO | Next trading day: 2023-05-26
2026-08-14 01:11:53 | INFO | Waiting 1.0 seconds...
2026-08-14 01:11:54 | INFO | 
2026-08-14 01:11:54 | INFO | ======================================================================
2026-08-14 01:11:54 | INFO | CHUNK #181
2026-08-14 01:11:54 | INFO | Trading days: 2023-05-26 -> 2023-05-26
2026-08-14 01:11:54 | INFO | Request: 2023-05-26T09:00:00.000Z -> 2023-05-26T15:45:00.000Z
2026-08-14 01:11:54 | INFO | ======================================================================
2026-08-14 01:11:54 | INFO | API request: 2023-05-26T09:00:00.000Z -> 2023-05-26T15:45:00.000Z (attempt 1/3)
2026-08-14 01:11:54 | INFO | Breeze returned 379 candles.
2026-08-14 01:11:54 | INFO | First candle : 2023-05-26 09:07:00
2026-08-14 01:11:54 | INFO | Last candle  : 2023-05-26 15:34:00
2026-08-14 01:11:54 | INFO | Saved 2023-05-26: 379 candles -> data/raw/breeze\RELIND\1m\2023\05\2023-05-26.json
2026-08-14 01:11:54 | INFO | Next trading day: 2023-05-29
2026-08-14 01:11:54 | INFO | Waiting 1.0 seconds...
2026-08-14 01:11:55 | INFO | 
2026-08-14 01:11:55 | INFO | ======================================================================
2026-08-14 01:11:55 | INFO | CHUNK #182
2026-08-14 01:11:55 | INFO | Trading days: 2023-05-29 -> 2023-05-30
2026-08-14 01:11:55 | INFO | Request: 2023-05-29T09:00:00.000Z -> 2023-05-30T15:45:00.000Z
2026-08-14 01:11:55 | INFO | ======================================================================
2026-08-14 01:11:55 | INFO | API request: 2023-05-29T09:00:00.000Z -> 2023-05-30T15:45:00.000Z (attempt 1/3)
2026-08-14 01:11:56 | INFO | Breeze returned 756 candles.
2026-08-14 01:11:56 | INFO | First candle : 2023-05-29 09:07:00
2026-08-14 01:11:56 | INFO | Last candle  : 2023-05-30 15:31:00
2026-08-14 01:11:56 | INFO | Saved 2023-05-29: 378 candles -> data/raw/breeze\RELIND\1m\2023\05\2023-05-29.json
2026-08-14 01:11:56 | INFO | Saved 2023-05-30: 378 candles -> data/raw/breeze\RELIND\1m\2023\05\2023-05-30.json
2026-08-14 01:11:56 | INFO | Next trading day: 2023-05-31
2026-08-14 01:11:56 | INFO | Waiting 1.0 seconds...
2026-08-14 01:11:57 | INFO | 
2026-08-14 01:11:57 | INFO | ======================================================================
2026-08-14 01:11:57 | INFO | CHUNK #183
2026-08-14 01:11:57 | INFO | Trading days: 2023-05-31 -> 2023-06-01
2026-08-14 01:11:57 | INFO | Request: 2023-05-31T09:00:00.000Z -> 2023-06-01T15:45:00.000Z
2026-08-14 01:11:57 | INFO | ======================================================================
2026-08-14 01:11:57 | INFO | API request: 2023-05-31T09:00:00.000Z -> 2023-06-01T15:45:00.000Z (attempt 1/3)
2026-08-14 01:11:57 | INFO | Breeze returned 757 candles.
2026-08-14 01:11:57 | INFO | First candle : 2023-05-31 09:07:00
2026-08-14 01:11:57 | INFO | Last candle  : 2023-06-01 15:31:00
2026-08-14 01:11:57 | INFO | Saved 2023-05-31: 378 candles -> data/raw/breeze\RELIND\1m\2023\05\2023-05-31.json
2026-08-14 01:11:57 | INFO | Saved 2023-06-01: 379 candles -> data/raw/breeze\RELIND\1m\2023\06\2023-06-01.json
2026-08-14 01:11:57 | INFO | Next trading day: 2023-06-02
2026-08-14 01:11:57 | INFO | Waiting 1.0 seconds...
2026-08-14 01:11:58 | INFO | 
2026-08-14 01:11:58 | INFO | ======================================================================
2026-08-14 01:11:58 | INFO | CHUNK #184
2026-08-14 01:11:58 | INFO | Trading days: 2023-06-02 -> 2023-06-02
2026-08-14 01:11:58 | INFO | Request: 2023-06-02T09:00:00.000Z -> 2023-06-02T15:45:00.000Z
2026-08-14 01:11:58 | INFO | ======================================================================
2026-08-14 01:11:58 | INFO | API request: 2023-06-02T09:00:00.000Z -> 2023-06-02T15:45:00.000Z (attempt 1/3)
2026-08-14 01:11:58 | INFO | Breeze returned 378 candles.
2026-08-14 01:11:58 | INFO | First candle : 2023-06-02 09:07:00
2026-08-14 01:11:58 | INFO | Last candle  : 2023-06-02 15:31:00
2026-08-14 01:11:58 | INFO | Saved 2023-06-02: 378 candles -> data/raw/breeze\RELIND\1m\2023\06\2023-06-02.json
2026-08-14 01:11:58 | INFO | Next trading day: 2023-06-05
2026-08-14 01:11:58 | INFO | Waiting 1.0 seconds...
2026-08-14 01:11:59 | INFO | 
2026-08-14 01:11:59 | INFO | ======================================================================
2026-08-14 01:11:59 | INFO | CHUNK #185
2026-08-14 01:11:59 | INFO | Trading days: 2023-06-05 -> 2023-06-06
2026-08-14 01:11:59 | INFO | Request: 2023-06-05T09:00:00.000Z -> 2023-06-06T15:45:00.000Z
2026-08-14 01:11:59 | INFO | ======================================================================
2026-08-14 01:11:59 | INFO | API request: 2023-06-05T09:00:00.000Z -> 2023-06-06T15:45:00.000Z (attempt 1/3)
2026-08-14 01:12:00 | INFO | Breeze returned 756 candles.
2026-08-14 01:12:00 | INFO | First candle : 2023-06-05 09:07:00
2026-08-14 01:12:00 | INFO | Last candle  : 2023-06-06 15:31:00
2026-08-14 01:12:00 | INFO | Saved 2023-06-05: 378 candles -> data/raw/breeze\RELIND\1m\2023\06\2023-06-05.json
2026-08-14 01:12:00 | INFO | Saved 2023-06-06: 378 candles -> data/raw/breeze\RELIND\1m\2023\06\2023-06-06.json
2026-08-14 01:12:00 | INFO | Next trading day: 2023-06-07
2026-08-14 01:12:00 | INFO | Waiting 1.0 seconds...
2026-08-14 01:12:01 | INFO | 
2026-08-14 01:12:01 | INFO | ======================================================================
2026-08-14 01:12:01 | INFO | CHUNK #186
2026-08-14 01:12:01 | INFO | Trading days: 2023-06-07 -> 2023-06-08
2026-08-14 01:12:01 | INFO | Request: 2023-06-07T09:00:00.000Z -> 2023-06-08T15:45:00.000Z
2026-08-14 01:12:01 | INFO | ======================================================================
2026-08-14 01:12:01 | INFO | API request: 2023-06-07T09:00:00.000Z -> 2023-06-08T15:45:00.000Z (attempt 1/3)
2026-08-14 01:12:01 | INFO | Breeze returned 756 candles.
2026-08-14 01:12:01 | INFO | First candle : 2023-06-07 09:07:00
2026-08-14 01:12:01 | INFO | Last candle  : 2023-06-08 15:31:00
2026-08-14 01:12:01 | INFO | Saved 2023-06-07: 378 candles -> data/raw/breeze\RELIND\1m\2023\06\2023-06-07.json
2026-08-14 01:12:01 | INFO | Saved 2023-06-08: 378 candles -> data/raw/breeze\RELIND\1m\2023\06\2023-06-08.json
2026-08-14 01:12:01 | INFO | Next trading day: 2023-06-09
2026-08-14 01:12:01 | INFO | Waiting 1.0 seconds...
2026-08-14 01:12:02 | INFO | 
2026-08-14 01:12:02 | INFO | ======================================================================
2026-08-14 01:12:02 | INFO | CHUNK #187
2026-08-14 01:12:02 | INFO | Trading days: 2023-06-09 -> 2023-06-09
2026-08-14 01:12:02 | INFO | Request: 2023-06-09T09:00:00.000Z -> 2023-06-09T15:45:00.000Z
2026-08-14 01:12:02 | INFO | ======================================================================
2026-08-14 01:12:02 | INFO | API request: 2023-06-09T09:00:00.000Z -> 2023-06-09T15:45:00.000Z (attempt 1/3)
2026-08-14 01:12:02 | INFO | Breeze returned 378 candles.
2026-08-14 01:12:02 | INFO | First candle : 2023-06-09 09:07:00
2026-08-14 01:12:02 | INFO | Last candle  : 2023-06-09 15:31:00
2026-08-14 01:12:02 | INFO | Saved 2023-06-09: 378 candles -> data/raw/breeze\RELIND\1m\2023\06\2023-06-09.json
2026-08-14 01:12:02 | INFO | Next trading day: 2023-06-12
2026-08-14 01:12:02 | INFO | Waiting 1.0 seconds...
2026-08-14 01:12:03 | INFO | 
2026-08-14 01:12:03 | INFO | ======================================================================
2026-08-14 01:12:03 | INFO | CHUNK #188
2026-08-14 01:12:03 | INFO | Trading days: 2023-06-12 -> 2023-06-13
2026-08-14 01:12:03 | INFO | Request: 2023-06-12T09:00:00.000Z -> 2023-06-13T15:45:00.000Z
2026-08-14 01:12:03 | INFO | ======================================================================
2026-08-14 01:12:03 | INFO | API request: 2023-06-12T09:00:00.000Z -> 2023-06-13T15:45:00.000Z (attempt 1/3)
2026-08-14 01:12:03 | INFO | Breeze returned 757 candles.
2026-08-14 01:12:03 | INFO | First candle : 2023-06-12 09:07:00
2026-08-14 01:12:03 | INFO | Last candle  : 2023-06-13 15:31:00
2026-08-14 01:12:03 | INFO | Saved 2023-06-12: 379 candles -> data/raw/breeze\RELIND\1m\2023\06\2023-06-12.json
2026-08-14 01:12:03 | INFO | Saved 2023-06-13: 378 candles -> data/raw/breeze\RELIND\1m\2023\06\2023-06-13.json
2026-08-14 01:12:03 | INFO | Next trading day: 2023-06-14
2026-08-14 01:12:03 | INFO | Waiting 1.0 seconds...
2026-08-14 01:12:04 | INFO | 
2026-08-14 01:12:04 | INFO | ======================================================================
2026-08-14 01:12:04 | INFO | CHUNK #189
2026-08-14 01:12:04 | INFO | Trading days: 2023-06-14 -> 2023-06-15
2026-08-14 01:12:04 | INFO | Request: 2023-06-14T09:00:00.000Z -> 2023-06-15T15:45:00.000Z
2026-08-14 01:12:04 | INFO | ======================================================================
2026-08-14 01:12:04 | INFO | API request: 2023-06-14T09:00:00.000Z -> 2023-06-15T15:45:00.000Z (attempt 1/3)
2026-08-14 01:12:05 | INFO | Breeze returned 756 candles.
2026-08-14 01:12:05 | INFO | First candle : 2023-06-14 09:07:00
2026-08-14 01:12:05 | INFO | Last candle  : 2023-06-15 15:31:00
2026-08-14 01:12:05 | INFO | Saved 2023-06-14: 378 candles -> data/raw/breeze\RELIND\1m\2023\06\2023-06-14.json
2026-08-14 01:12:05 | INFO | Saved 2023-06-15: 378 candles -> data/raw/breeze\RELIND\1m\2023\06\2023-06-15.json
2026-08-14 01:12:05 | INFO | Next trading day: 2023-06-16
2026-08-14 01:12:05 | INFO | Waiting 1.0 seconds...
2026-08-14 01:12:06 | INFO | 
2026-08-14 01:12:06 | INFO | ======================================================================
2026-08-14 01:12:06 | INFO | CHUNK #190
2026-08-14 01:12:06 | INFO | Trading days: 2023-06-16 -> 2023-06-16
2026-08-14 01:12:06 | INFO | Request: 2023-06-16T09:00:00.000Z -> 2023-06-16T15:45:00.000Z
2026-08-14 01:12:06 | INFO | ======================================================================
2026-08-14 01:12:06 | INFO | API request: 2023-06-16T09:00:00.000Z -> 2023-06-16T15:45:00.000Z (attempt 1/3)
2026-08-14 01:12:06 | INFO | Breeze returned 378 candles.
2026-08-14 01:12:06 | INFO | First candle : 2023-06-16 09:07:00
2026-08-14 01:12:06 | INFO | Last candle  : 2023-06-16 15:31:00
2026-08-14 01:12:06 | INFO | Saved 2023-06-16: 378 candles -> data/raw/breeze\RELIND\1m\2023\06\2023-06-16.json
2026-08-14 01:12:06 | INFO | Next trading day: 2023-06-19
2026-08-14 01:12:06 | INFO | Waiting 1.0 seconds...
2026-08-14 01:12:07 | INFO | 
2026-08-14 01:12:07 | INFO | ======================================================================
2026-08-14 01:12:07 | INFO | CHUNK #191
2026-08-14 01:12:07 | INFO | Trading days: 2023-06-19 -> 2023-06-20
2026-08-14 01:12:07 | INFO | Request: 2023-06-19T09:00:00.000Z -> 2023-06-20T15:45:00.000Z
2026-08-14 01:12:07 | INFO | ======================================================================
2026-08-14 01:12:07 | INFO | API request: 2023-06-19T09:00:00.000Z -> 2023-06-20T15:45:00.000Z (attempt 1/3)
2026-08-14 01:12:08 | INFO | Breeze returned 758 candles.
2026-08-14 01:12:08 | INFO | First candle : 2023-06-19 09:07:00
2026-08-14 01:12:08 | INFO | Last candle  : 2023-06-20 15:35:00
2026-08-14 01:12:08 | INFO | Saved 2023-06-19: 378 candles -> data/raw/breeze\RELIND\1m\2023\06\2023-06-19.json
2026-08-14 01:12:08 | INFO | Saved 2023-06-20: 380 candles -> data/raw/breeze\RELIND\1m\2023\06\2023-06-20.json
2026-08-14 01:12:08 | INFO | Next trading day: 2023-06-21
2026-08-14 01:12:08 | INFO | Waiting 1.0 seconds...
2026-08-14 01:12:09 | INFO | 
2026-08-14 01:12:09 | INFO | ======================================================================
2026-08-14 01:12:09 | INFO | CHUNK #192
2026-08-14 01:12:09 | INFO | Trading days: 2023-06-21 -> 2023-06-22
2026-08-14 01:12:09 | INFO | Request: 2023-06-21T09:00:00.000Z -> 2023-06-22T15:45:00.000Z
2026-08-14 01:12:09 | INFO | ======================================================================
2026-08-14 01:12:09 | INFO | API request: 2023-06-21T09:00:00.000Z -> 2023-06-22T15:45:00.000Z (attempt 1/3)
2026-08-14 01:12:09 | INFO | Breeze returned 756 candles.
2026-08-14 01:12:09 | INFO | First candle : 2023-06-21 09:07:00
2026-08-14 01:12:09 | INFO | Last candle  : 2023-06-22 15:31:00
2026-08-14 01:12:09 | INFO | Saved 2023-06-21: 378 candles -> data/raw/breeze\RELIND\1m\2023\06\2023-06-21.json
2026-08-14 01:12:09 | INFO | Saved 2023-06-22: 378 candles -> data/raw/breeze\RELIND\1m\2023\06\2023-06-22.json
2026-08-14 01:12:09 | INFO | Next trading day: 2023-06-23
2026-08-14 01:12:09 | INFO | Waiting 1.0 seconds...
2026-08-14 01:12:10 | INFO | 
2026-08-14 01:12:10 | INFO | ======================================================================
2026-08-14 01:12:10 | INFO | CHUNK #193
2026-08-14 01:12:10 | INFO | Trading days: 2023-06-23 -> 2023-06-23
2026-08-14 01:12:10 | INFO | Request: 2023-06-23T09:00:00.000Z -> 2023-06-23T15:45:00.000Z
2026-08-14 01:12:10 | INFO | ======================================================================
2026-08-14 01:12:10 | INFO | API request: 2023-06-23T09:00:00.000Z -> 2023-06-23T15:45:00.000Z (attempt 1/3)
2026-08-14 01:12:11 | INFO | Breeze returned 378 candles.
2026-08-14 01:12:11 | INFO | First candle : 2023-06-23 09:07:00
2026-08-14 01:12:11 | INFO | Last candle  : 2023-06-23 15:31:00
2026-08-14 01:12:11 | INFO | Saved 2023-06-23: 378 candles -> data/raw/breeze\RELIND\1m\2023\06\2023-06-23.json
2026-08-14 01:12:11 | INFO | Next trading day: 2023-06-26
2026-08-14 01:12:11 | INFO | Waiting 1.0 seconds...
2026-08-14 01:12:12 | INFO | 
2026-08-14 01:12:12 | INFO | ======================================================================
2026-08-14 01:12:12 | INFO | CHUNK #194
2026-08-14 01:12:12 | INFO | Trading days: 2023-06-26 -> 2023-06-27
2026-08-14 01:12:12 | INFO | Request: 2023-06-26T09:00:00.000Z -> 2023-06-27T15:45:00.000Z
2026-08-14 01:12:12 | INFO | ======================================================================
2026-08-14 01:12:12 | INFO | API request: 2023-06-26T09:00:00.000Z -> 2023-06-27T15:45:00.000Z (attempt 1/3)
2026-08-14 01:12:12 | INFO | Breeze returned 756 candles.
2026-08-14 01:12:12 | INFO | First candle : 2023-06-26 09:07:00
2026-08-14 01:12:12 | INFO | Last candle  : 2023-06-27 15:31:00
2026-08-14 01:12:12 | INFO | Saved 2023-06-26: 378 candles -> data/raw/breeze\RELIND\1m\2023\06\2023-06-26.json
2026-08-14 01:12:12 | INFO | Saved 2023-06-27: 378 candles -> data/raw/breeze\RELIND\1m\2023\06\2023-06-27.json
2026-08-14 01:12:12 | INFO | Next trading day: 2023-06-28
2026-08-14 01:12:12 | INFO | Waiting 1.0 seconds...
2026-08-14 01:12:13 | INFO | 
2026-08-14 01:12:13 | INFO | ======================================================================
2026-08-14 01:12:13 | INFO | CHUNK #195
2026-08-14 01:12:13 | INFO | Trading days: 2023-06-28 -> 2023-06-29
2026-08-14 01:12:13 | INFO | Request: 2023-06-28T09:00:00.000Z -> 2023-06-29T15:45:00.000Z
2026-08-14 01:12:13 | INFO | ======================================================================
2026-08-14 01:12:13 | INFO | API request: 2023-06-28T09:00:00.000Z -> 2023-06-29T15:45:00.000Z (attempt 1/3)
2026-08-14 01:12:13 | INFO | Breeze returned 379 candles.
2026-08-14 01:12:13 | INFO | First candle : 2023-06-28 09:07:00
2026-08-14 01:12:13 | INFO | Last candle  : 2023-06-28 15:31:00
2026-08-14 01:12:13 | INFO | Saved 2023-06-28: 379 candles -> data/raw/breeze\RELIND\1m\2023\06\2023-06-28.json
2026-08-14 01:12:13 | INFO | Saved 2023-06-29: 0 candles -> data/raw/breeze\RELIND\1m\2023\06\2023-06-29.json
2026-08-14 01:12:13 | INFO | Next trading day: 2023-06-30
2026-08-14 01:12:13 | INFO | Waiting 1.0 seconds...
2026-08-14 01:12:14 | INFO | 
2026-08-14 01:12:14 | INFO | ======================================================================
2026-08-14 01:12:14 | INFO | CHUNK #196
2026-08-14 01:12:14 | INFO | Trading days: 2023-06-30 -> 2023-06-30
2026-08-14 01:12:14 | INFO | Request: 2023-06-30T09:00:00.000Z -> 2023-06-30T15:45:00.000Z
2026-08-14 01:12:14 | INFO | ======================================================================
2026-08-14 01:12:14 | INFO | API request: 2023-06-30T09:00:00.000Z -> 2023-06-30T15:45:00.000Z (attempt 1/3)
2026-08-14 01:12:15 | INFO | Breeze returned 379 candles.
2026-08-14 01:12:15 | INFO | First candle : 2023-06-30 09:07:00
2026-08-14 01:12:15 | INFO | Last candle  : 2023-06-30 15:39:00
2026-08-14 01:12:15 | INFO | Saved 2023-06-30: 379 candles -> data/raw/breeze\RELIND\1m\2023\06\2023-06-30.json
2026-08-14 01:12:15 | INFO | Next trading day: 2023-07-03
2026-08-14 01:12:15 | INFO | Waiting 1.0 seconds...
2026-08-14 01:12:16 | INFO | 
2026-08-14 01:12:16 | INFO | ======================================================================
2026-08-14 01:12:16 | INFO | CHUNK #197
2026-08-14 01:12:16 | INFO | Trading days: 2023-07-03 -> 2023-07-04
2026-08-14 01:12:16 | INFO | Request: 2023-07-03T09:00:00.000Z -> 2023-07-04T15:45:00.000Z
2026-08-14 01:12:16 | INFO | ======================================================================
2026-08-14 01:12:16 | INFO | API request: 2023-07-03T09:00:00.000Z -> 2023-07-04T15:45:00.000Z (attempt 1/3)
2026-08-14 01:12:16 | INFO | Breeze returned 759 candles.
2026-08-14 01:12:16 | INFO | First candle : 2023-07-03 09:07:00
2026-08-14 01:12:16 | INFO | Last candle  : 2023-07-04 15:39:00
2026-08-14 01:12:16 | INFO | Saved 2023-07-03: 379 candles -> data/raw/breeze\RELIND\1m\2023\07\2023-07-03.json
2026-08-14 01:12:16 | INFO | Saved 2023-07-04: 380 candles -> data/raw/breeze\RELIND\1m\2023\07\2023-07-04.json
2026-08-14 01:12:16 | INFO | Next trading day: 2023-07-05
2026-08-14 01:12:16 | INFO | Waiting 1.0 seconds...
2026-08-14 01:12:17 | INFO | 
2026-08-14 01:12:17 | INFO | ======================================================================
2026-08-14 01:12:17 | INFO | CHUNK #198
2026-08-14 01:12:17 | INFO | Trading days: 2023-07-05 -> 2023-07-06
2026-08-14 01:12:17 | INFO | Request: 2023-07-05T09:00:00.000Z -> 2023-07-06T15:45:00.000Z
2026-08-14 01:12:17 | INFO | ======================================================================
2026-08-14 01:12:17 | INFO | API request: 2023-07-05T09:00:00.000Z -> 2023-07-06T15:45:00.000Z (attempt 1/3)
2026-08-14 01:12:17 | INFO | Breeze returned 757 candles.
2026-08-14 01:12:17 | INFO | First candle : 2023-07-05 09:07:00
2026-08-14 01:12:17 | INFO | Last candle  : 2023-07-06 15:31:00
2026-08-14 01:12:17 | INFO | Saved 2023-07-05: 379 candles -> data/raw/breeze\RELIND\1m\2023\07\2023-07-05.json
2026-08-14 01:12:17 | INFO | Saved 2023-07-06: 378 candles -> data/raw/breeze\RELIND\1m\2023\07\2023-07-06.json
2026-08-14 01:12:17 | INFO | Next trading day: 2023-07-07
2026-08-14 01:12:17 | INFO | Waiting 1.0 seconds...
2026-08-14 01:12:18 | INFO | 
2026-08-14 01:12:18 | INFO | ======================================================================
2026-08-14 01:12:18 | INFO | CHUNK #199
2026-08-14 01:12:18 | INFO | Trading days: 2023-07-07 -> 2023-07-07
2026-08-14 01:12:18 | INFO | Request: 2023-07-07T09:00:00.000Z -> 2023-07-07T15:45:00.000Z
2026-08-14 01:12:18 | INFO | ======================================================================
2026-08-14 01:12:18 | INFO | API request: 2023-07-07T09:00:00.000Z -> 2023-07-07T15:45:00.000Z (attempt 1/3)
2026-08-14 01:12:18 | INFO | Breeze returned 379 candles.
2026-08-14 01:12:18 | INFO | First candle : 2023-07-07 09:07:00
2026-08-14 01:12:18 | INFO | Last candle  : 2023-07-07 15:37:00
2026-08-14 01:12:18 | INFO | Saved 2023-07-07: 379 candles -> data/raw/breeze\RELIND\1m\2023\07\2023-07-07.json
2026-08-14 01:12:18 | INFO | Next trading day: 2023-07-10
2026-08-14 01:12:18 | INFO | Waiting 1.0 seconds...
2026-08-14 01:12:19 | INFO | 
2026-08-14 01:12:19 | INFO | ======================================================================
2026-08-14 01:12:19 | INFO | CHUNK #200
2026-08-14 01:12:19 | INFO | Trading days: 2023-07-10 -> 2023-07-11
2026-08-14 01:12:19 | INFO | Request: 2023-07-10T09:00:00.000Z -> 2023-07-11T15:45:00.000Z
2026-08-14 01:12:19 | INFO | ======================================================================
2026-08-14 01:12:19 | INFO | API request: 2023-07-10T09:00:00.000Z -> 2023-07-11T15:45:00.000Z (attempt 1/3)
2026-08-14 01:12:20 | INFO | Breeze returned 757 candles.
2026-08-14 01:12:20 | INFO | First candle : 2023-07-10 09:07:00
2026-08-14 01:12:20 | INFO | Last candle  : 2023-07-11 15:33:00
2026-08-14 01:12:20 | INFO | Saved 2023-07-10: 378 candles -> data/raw/breeze\RELIND\1m\2023\07\2023-07-10.json
2026-08-14 01:12:20 | INFO | Saved 2023-07-11: 379 candles -> data/raw/breeze\RELIND\1m\2023\07\2023-07-11.json
2026-08-14 01:12:20 | INFO | Next trading day: 2023-07-12
2026-08-14 01:12:20 | INFO | Waiting 1.0 seconds...
2026-08-14 01:12:21 | INFO | 
2026-08-14 01:12:21 | INFO | ======================================================================
2026-08-14 01:12:21 | INFO | CHUNK #201
2026-08-14 01:12:21 | INFO | Trading days: 2023-07-12 -> 2023-07-13
2026-08-14 01:12:21 | INFO | Request: 2023-07-12T09:00:00.000Z -> 2023-07-13T15:45:00.000Z
2026-08-14 01:12:21 | INFO | ======================================================================
2026-08-14 01:12:21 | INFO | API request: 2023-07-12T09:00:00.000Z -> 2023-07-13T15:45:00.000Z (attempt 1/3)
2026-08-14 01:12:21 | INFO | Breeze returned 756 candles.
2026-08-14 01:12:21 | INFO | First candle : 2023-07-12 09:07:00
2026-08-14 01:12:21 | INFO | Last candle  : 2023-07-13 15:31:00
2026-08-14 01:12:21 | INFO | Saved 2023-07-12: 378 candles -> data/raw/breeze\RELIND\1m\2023\07\2023-07-12.json
2026-08-14 01:12:21 | INFO | Saved 2023-07-13: 378 candles -> data/raw/breeze\RELIND\1m\2023\07\2023-07-13.json
2026-08-14 01:12:21 | INFO | Next trading day: 2023-07-14
2026-08-14 01:12:21 | INFO | Waiting 1.0 seconds...
2026-08-14 01:12:22 | INFO | 
2026-08-14 01:12:22 | INFO | ======================================================================
2026-08-14 01:12:22 | INFO | CHUNK #202
2026-08-14 01:12:22 | INFO | Trading days: 2023-07-14 -> 2023-07-14
2026-08-14 01:12:22 | INFO | Request: 2023-07-14T09:00:00.000Z -> 2023-07-14T15:45:00.000Z
2026-08-14 01:12:22 | INFO | ======================================================================
2026-08-14 01:12:22 | INFO | API request: 2023-07-14T09:00:00.000Z -> 2023-07-14T15:45:00.000Z (attempt 1/3)
2026-08-14 01:12:22 | INFO | Breeze returned 378 candles.
2026-08-14 01:12:22 | INFO | First candle : 2023-07-14 09:07:00
2026-08-14 01:12:22 | INFO | Last candle  : 2023-07-14 15:32:00
2026-08-14 01:12:22 | INFO | Saved 2023-07-14: 378 candles -> data/raw/breeze\RELIND\1m\2023\07\2023-07-14.json
2026-08-14 01:12:22 | INFO | Next trading day: 2023-07-17
2026-08-14 01:12:22 | INFO | Waiting 1.0 seconds...
2026-08-14 01:12:23 | INFO | 
2026-08-14 01:12:23 | INFO | ======================================================================
2026-08-14 01:12:23 | INFO | CHUNK #203
2026-08-14 01:12:23 | INFO | Trading days: 2023-07-17 -> 2023-07-18
2026-08-14 01:12:23 | INFO | Request: 2023-07-17T09:00:00.000Z -> 2023-07-18T15:45:00.000Z
2026-08-14 01:12:23 | INFO | ======================================================================
2026-08-14 01:12:23 | INFO | API request: 2023-07-17T09:00:00.000Z -> 2023-07-18T15:45:00.000Z (attempt 1/3)
2026-08-14 01:12:24 | INFO | Breeze returned 757 candles.
2026-08-14 01:12:24 | INFO | First candle : 2023-07-17 09:07:00
2026-08-14 01:12:24 | INFO | Last candle  : 2023-07-18 15:32:00
2026-08-14 01:12:24 | INFO | Saved 2023-07-17: 379 candles -> data/raw/breeze\RELIND\1m\2023\07\2023-07-17.json
2026-08-14 01:12:24 | INFO | Saved 2023-07-18: 378 candles -> data/raw/breeze\RELIND\1m\2023\07\2023-07-18.json
2026-08-14 01:12:24 | INFO | Next trading day: 2023-07-19
2026-08-14 01:12:24 | INFO | Waiting 1.0 seconds...
2026-08-14 01:12:25 | INFO | 
2026-08-14 01:12:25 | INFO | ======================================================================
2026-08-14 01:12:25 | INFO | CHUNK #204
2026-08-14 01:12:25 | INFO | Trading days: 2023-07-19 -> 2023-07-20
2026-08-14 01:12:25 | INFO | Request: 2023-07-19T09:00:00.000Z -> 2023-07-20T15:45:00.000Z
2026-08-14 01:12:25 | INFO | ======================================================================
2026-08-14 01:12:25 | INFO | API request: 2023-07-19T09:00:00.000Z -> 2023-07-20T15:45:00.000Z (attempt 1/3)
2026-08-14 01:12:25 | INFO | Breeze returned 726 candles.
2026-08-14 01:12:25 | INFO | First candle : 2023-07-19 09:07:00
2026-08-14 01:12:25 | INFO | Last candle  : 2023-07-20 15:31:00
2026-08-14 01:12:25 | INFO | Saved 2023-07-19: 378 candles -> data/raw/breeze\RELIND\1m\2023\07\2023-07-19.json
2026-08-14 01:12:25 | INFO | Saved 2023-07-20: 348 candles -> data/raw/breeze\RELIND\1m\2023\07\2023-07-20.json
2026-08-14 01:12:25 | INFO | Next trading day: 2023-07-21
2026-08-14 01:12:25 | INFO | Waiting 1.0 seconds...
2026-08-14 01:12:26 | INFO | 
2026-08-14 01:12:26 | INFO | ======================================================================
2026-08-14 01:12:26 | INFO | CHUNK #205
2026-08-14 01:12:26 | INFO | Trading days: 2023-07-21 -> 2023-07-21
2026-08-14 01:12:26 | INFO | Request: 2023-07-21T09:00:00.000Z -> 2023-07-21T15:45:00.000Z
2026-08-14 01:12:26 | INFO | ======================================================================
2026-08-14 01:12:26 | INFO | API request: 2023-07-21T09:00:00.000Z -> 2023-07-21T15:45:00.000Z (attempt 1/3)
2026-08-14 01:12:26 | INFO | Breeze returned 378 candles.
2026-08-14 01:12:26 | INFO | First candle : 2023-07-21 09:07:00
2026-08-14 01:12:26 | INFO | Last candle  : 2023-07-21 15:31:00
2026-08-14 01:12:26 | INFO | Saved 2023-07-21: 378 candles -> data/raw/breeze\RELIND\1m\2023\07\2023-07-21.json
2026-08-14 01:12:26 | INFO | Next trading day: 2023-07-24
2026-08-14 01:12:26 | INFO | Waiting 1.0 seconds...
2026-08-14 01:12:27 | INFO | 
2026-08-14 01:12:27 | INFO | ======================================================================
2026-08-14 01:12:27 | INFO | CHUNK #206
2026-08-14 01:12:27 | INFO | Trading days: 2023-07-24 -> 2023-07-25
2026-08-14 01:12:27 | INFO | Request: 2023-07-24T09:00:00.000Z -> 2023-07-25T15:45:00.000Z
2026-08-14 01:12:27 | INFO | ======================================================================
2026-08-14 01:12:27 | INFO | API request: 2023-07-24T09:00:00.000Z -> 2023-07-25T15:45:00.000Z (attempt 1/3)
2026-08-14 01:12:28 | INFO | Breeze returned 756 candles.
2026-08-14 01:12:28 | INFO | First candle : 2023-07-24 09:07:00
2026-08-14 01:12:28 | INFO | Last candle  : 2023-07-25 15:32:00
2026-08-14 01:12:28 | INFO | Saved 2023-07-24: 378 candles -> data/raw/breeze\RELIND\1m\2023\07\2023-07-24.json
2026-08-14 01:12:28 | INFO | Saved 2023-07-25: 378 candles -> data/raw/breeze\RELIND\1m\2023\07\2023-07-25.json
2026-08-14 01:12:28 | INFO | Next trading day: 2023-07-26
2026-08-14 01:12:28 | INFO | Waiting 1.0 seconds...
2026-08-14 01:12:29 | INFO | 
2026-08-14 01:12:29 | INFO | ======================================================================
2026-08-14 01:12:29 | INFO | CHUNK #207
2026-08-14 01:12:29 | INFO | Trading days: 2023-07-26 -> 2023-07-27
2026-08-14 01:12:29 | INFO | Request: 2023-07-26T09:00:00.000Z -> 2023-07-27T15:45:00.000Z
2026-08-14 01:12:29 | INFO | ======================================================================
2026-08-14 01:12:29 | INFO | API request: 2023-07-26T09:00:00.000Z -> 2023-07-27T15:45:00.000Z (attempt 1/3)
2026-08-14 01:12:29 | INFO | Breeze returned 757 candles.
2026-08-14 01:12:29 | INFO | First candle : 2023-07-26 09:07:00
2026-08-14 01:12:29 | INFO | Last candle  : 2023-07-27 15:37:00
2026-08-14 01:12:29 | INFO | Saved 2023-07-26: 378 candles -> data/raw/breeze\RELIND\1m\2023\07\2023-07-26.json
2026-08-14 01:12:29 | INFO | Saved 2023-07-27: 379 candles -> data/raw/breeze\RELIND\1m\2023\07\2023-07-27.json
2026-08-14 01:12:29 | INFO | Next trading day: 2023-07-28
2026-08-14 01:12:29 | INFO | Waiting 1.0 seconds...
2026-08-14 01:12:30 | INFO | 
2026-08-14 01:12:30 | INFO | ======================================================================
2026-08-14 01:12:30 | INFO | CHUNK #208
2026-08-14 01:12:30 | INFO | Trading days: 2023-07-28 -> 2023-07-28
2026-08-14 01:12:30 | INFO | Request: 2023-07-28T09:00:00.000Z -> 2023-07-28T15:45:00.000Z
2026-08-14 01:12:30 | INFO | ======================================================================
2026-08-14 01:12:30 | INFO | API request: 2023-07-28T09:00:00.000Z -> 2023-07-28T15:45:00.000Z (attempt 1/3)
2026-08-14 01:12:31 | INFO | Breeze returned 377 candles.
2026-08-14 01:12:31 | INFO | First candle : 2023-07-28 09:07:00
2026-08-14 01:12:31 | INFO | Last candle  : 2023-07-28 15:32:00
2026-08-14 01:12:31 | INFO | Saved 2023-07-28: 377 candles -> data/raw/breeze\RELIND\1m\2023\07\2023-07-28.json
2026-08-14 01:12:31 | INFO | Next trading day: 2023-07-31
2026-08-14 01:12:31 | INFO | Waiting 1.0 seconds...
2026-08-14 01:12:32 | INFO | 
2026-08-14 01:12:32 | INFO | ======================================================================
2026-08-14 01:12:32 | INFO | CHUNK #209
2026-08-14 01:12:32 | INFO | Trading days: 2023-07-31 -> 2023-08-01
2026-08-14 01:12:32 | INFO | Request: 2023-07-31T09:00:00.000Z -> 2023-08-01T15:45:00.000Z
2026-08-14 01:12:32 | INFO | ======================================================================
2026-08-14 01:12:32 | INFO | API request: 2023-07-31T09:00:00.000Z -> 2023-08-01T15:45:00.000Z (attempt 1/3)
2026-08-14 01:12:32 | INFO | Breeze returned 756 candles.
2026-08-14 01:12:32 | INFO | First candle : 2023-07-31 09:07:00
2026-08-14 01:12:32 | INFO | Last candle  : 2023-08-01 15:32:00
2026-08-14 01:12:32 | INFO | Saved 2023-07-31: 378 candles -> data/raw/breeze\RELIND\1m\2023\07\2023-07-31.json
2026-08-14 01:12:32 | INFO | Saved 2023-08-01: 378 candles -> data/raw/breeze\RELIND\1m\2023\08\2023-08-01.json
2026-08-14 01:12:32 | INFO | Next trading day: 2023-08-02
2026-08-14 01:12:32 | INFO | Waiting 1.0 seconds...
2026-08-14 01:12:33 | INFO | 
2026-08-14 01:12:33 | INFO | ======================================================================
2026-08-14 01:12:33 | INFO | CHUNK #210
2026-08-14 01:12:33 | INFO | Trading days: 2023-08-02 -> 2023-08-03
2026-08-14 01:12:33 | INFO | Request: 2023-08-02T09:00:00.000Z -> 2023-08-03T15:45:00.000Z
2026-08-14 01:12:33 | INFO | ======================================================================
2026-08-14 01:12:33 | INFO | API request: 2023-08-02T09:00:00.000Z -> 2023-08-03T15:45:00.000Z (attempt 1/3)
2026-08-14 01:12:33 | INFO | Breeze returned 756 candles.
2026-08-14 01:12:33 | INFO | First candle : 2023-08-02 09:07:00
2026-08-14 01:12:33 | INFO | Last candle  : 2023-08-03 15:32:00
2026-08-14 01:12:33 | INFO | Saved 2023-08-02: 378 candles -> data/raw/breeze\RELIND\1m\2023\08\2023-08-02.json
2026-08-14 01:12:33 | INFO | Saved 2023-08-03: 378 candles -> data/raw/breeze\RELIND\1m\2023\08\2023-08-03.json
2026-08-14 01:12:33 | INFO | Next trading day: 2023-08-04
2026-08-14 01:12:33 | INFO | Waiting 1.0 seconds...
2026-08-14 01:12:34 | INFO | 
2026-08-14 01:12:34 | INFO | ======================================================================
2026-08-14 01:12:34 | INFO | CHUNK #211
2026-08-14 01:12:34 | INFO | Trading days: 2023-08-04 -> 2023-08-04
2026-08-14 01:12:34 | INFO | Request: 2023-08-04T09:00:00.000Z -> 2023-08-04T15:45:00.000Z
2026-08-14 01:12:34 | INFO | ======================================================================
2026-08-14 01:12:34 | INFO | API request: 2023-08-04T09:00:00.000Z -> 2023-08-04T15:45:00.000Z (attempt 1/3)
2026-08-14 01:12:35 | INFO | Breeze returned 379 candles.
2026-08-14 01:12:35 | INFO | First candle : 2023-08-04 09:07:00
2026-08-14 01:12:35 | INFO | Last candle  : 2023-08-04 15:38:00
2026-08-14 01:12:35 | INFO | Saved 2023-08-04: 379 candles -> data/raw/breeze\RELIND\1m\2023\08\2023-08-04.json
2026-08-14 01:12:35 | INFO | Next trading day: 2023-08-07
2026-08-14 01:12:35 | INFO | Waiting 1.0 seconds...
2026-08-14 01:12:36 | INFO | 
2026-08-14 01:12:36 | INFO | ======================================================================
2026-08-14 01:12:36 | INFO | CHUNK #212
2026-08-14 01:12:36 | INFO | Trading days: 2023-08-07 -> 2023-08-08
2026-08-14 01:12:36 | INFO | Request: 2023-08-07T09:00:00.000Z -> 2023-08-08T15:45:00.000Z
2026-08-14 01:12:36 | INFO | ======================================================================
2026-08-14 01:12:36 | INFO | API request: 2023-08-07T09:00:00.000Z -> 2023-08-08T15:45:00.000Z (attempt 1/3)
2026-08-14 01:12:36 | INFO | Breeze returned 756 candles.
2026-08-14 01:12:36 | INFO | First candle : 2023-08-07 09:07:00
2026-08-14 01:12:36 | INFO | Last candle  : 2023-08-08 15:31:00
2026-08-14 01:12:36 | INFO | Saved 2023-08-07: 378 candles -> data/raw/breeze\RELIND\1m\2023\08\2023-08-07.json
2026-08-14 01:12:36 | INFO | Saved 2023-08-08: 378 candles -> data/raw/breeze\RELIND\1m\2023\08\2023-08-08.json
2026-08-14 01:12:36 | INFO | Next trading day: 2023-08-09
2026-08-14 01:12:36 | INFO | Waiting 1.0 seconds...
2026-08-14 01:12:37 | INFO | 
2026-08-14 01:12:37 | INFO | ======================================================================
2026-08-14 01:12:37 | INFO | CHUNK #213
2026-08-14 01:12:37 | INFO | Trading days: 2023-08-09 -> 2023-08-10
2026-08-14 01:12:37 | INFO | Request: 2023-08-09T09:00:00.000Z -> 2023-08-10T15:45:00.000Z
2026-08-14 01:12:37 | INFO | ======================================================================
2026-08-14 01:12:37 | INFO | API request: 2023-08-09T09:00:00.000Z -> 2023-08-10T15:45:00.000Z (attempt 1/3)
2026-08-14 01:12:37 | INFO | Breeze returned 756 candles.
2026-08-14 01:12:37 | INFO | First candle : 2023-08-09 09:07:00
2026-08-14 01:12:37 | INFO | Last candle  : 2023-08-10 15:31:00
2026-08-14 01:12:37 | INFO | Saved 2023-08-09: 378 candles -> data/raw/breeze\RELIND\1m\2023\08\2023-08-09.json
2026-08-14 01:12:37 | INFO | Saved 2023-08-10: 378 candles -> data/raw/breeze\RELIND\1m\2023\08\2023-08-10.json
2026-08-14 01:12:37 | INFO | Next trading day: 2023-08-11
2026-08-14 01:12:37 | INFO | Waiting 1.0 seconds...
2026-08-14 01:12:38 | INFO | 
2026-08-14 01:12:38 | INFO | ======================================================================
2026-08-14 01:12:38 | INFO | CHUNK #214
2026-08-14 01:12:38 | INFO | Trading days: 2023-08-11 -> 2023-08-11
2026-08-14 01:12:38 | INFO | Request: 2023-08-11T09:00:00.000Z -> 2023-08-11T15:45:00.000Z
2026-08-14 01:12:38 | INFO | ======================================================================
2026-08-14 01:12:38 | INFO | API request: 2023-08-11T09:00:00.000Z -> 2023-08-11T15:45:00.000Z (attempt 1/3)
2026-08-14 01:12:39 | INFO | Breeze returned 378 candles.
2026-08-14 01:12:39 | INFO | First candle : 2023-08-11 09:07:00
2026-08-14 01:12:39 | INFO | Last candle  : 2023-08-11 15:31:00
2026-08-14 01:12:39 | INFO | Saved 2023-08-11: 378 candles -> data/raw/breeze\RELIND\1m\2023\08\2023-08-11.json
2026-08-14 01:12:39 | INFO | Next trading day: 2023-08-14
2026-08-14 01:12:39 | INFO | Waiting 1.0 seconds...
2026-08-14 01:12:40 | INFO | 
2026-08-14 01:12:40 | INFO | ======================================================================
2026-08-14 01:12:40 | INFO | CHUNK #215
2026-08-14 01:12:40 | INFO | Trading days: 2023-08-14 -> 2023-08-15
2026-08-14 01:12:40 | INFO | Request: 2023-08-14T09:00:00.000Z -> 2023-08-15T15:45:00.000Z
2026-08-14 01:12:40 | INFO | ======================================================================
2026-08-14 01:12:40 | INFO | API request: 2023-08-14T09:00:00.000Z -> 2023-08-15T15:45:00.000Z (attempt 1/3)
2026-08-14 01:12:40 | INFO | Breeze returned 378 candles.
2026-08-14 01:12:40 | INFO | First candle : 2023-08-14 09:07:00
2026-08-14 01:12:40 | INFO | Last candle  : 2023-08-14 15:31:00
2026-08-14 01:12:40 | INFO | Saved 2023-08-14: 378 candles -> data/raw/breeze\RELIND\1m\2023\08\2023-08-14.json
2026-08-14 01:12:40 | INFO | Saved 2023-08-15: 0 candles -> data/raw/breeze\RELIND\1m\2023\08\2023-08-15.json
2026-08-14 01:12:40 | INFO | Next trading day: 2023-08-16
2026-08-14 01:12:40 | INFO | Waiting 1.0 seconds...
2026-08-14 01:12:41 | INFO | 
2026-08-14 01:12:41 | INFO | ======================================================================
2026-08-14 01:12:41 | INFO | CHUNK #216
2026-08-14 01:12:41 | INFO | Trading days: 2023-08-16 -> 2023-08-17
2026-08-14 01:12:41 | INFO | Request: 2023-08-16T09:00:00.000Z -> 2023-08-17T15:45:00.000Z
2026-08-14 01:12:41 | INFO | ======================================================================
2026-08-14 01:12:41 | INFO | API request: 2023-08-16T09:00:00.000Z -> 2023-08-17T15:45:00.000Z (attempt 1/3)
2026-08-14 01:12:41 | INFO | Breeze returned 756 candles.
2026-08-14 01:12:41 | INFO | First candle : 2023-08-16 09:07:00
2026-08-14 01:12:41 | INFO | Last candle  : 2023-08-17 15:31:00
2026-08-14 01:12:41 | INFO | Saved 2023-08-16: 378 candles -> data/raw/breeze\RELIND\1m\2023\08\2023-08-16.json
2026-08-14 01:12:41 | INFO | Saved 2023-08-17: 378 candles -> data/raw/breeze\RELIND\1m\2023\08\2023-08-17.json
2026-08-14 01:12:41 | INFO | Next trading day: 2023-08-18
2026-08-14 01:12:41 | INFO | Waiting 1.0 seconds...
2026-08-14 01:12:42 | INFO | 
2026-08-14 01:12:42 | INFO | ======================================================================
2026-08-14 01:12:42 | INFO | CHUNK #217
2026-08-14 01:12:42 | INFO | Trading days: 2023-08-18 -> 2023-08-18
2026-08-14 01:12:42 | INFO | Request: 2023-08-18T09:00:00.000Z -> 2023-08-18T15:45:00.000Z
2026-08-14 01:12:42 | INFO | ======================================================================
2026-08-14 01:12:42 | INFO | API request: 2023-08-18T09:00:00.000Z -> 2023-08-18T15:45:00.000Z (attempt 1/3)
2026-08-14 01:12:42 | INFO | Breeze returned 379 candles.
2026-08-14 01:12:42 | INFO | First candle : 2023-08-18 09:07:00
2026-08-14 01:12:42 | INFO | Last candle  : 2023-08-18 15:36:00
2026-08-14 01:12:42 | INFO | Saved 2023-08-18: 379 candles -> data/raw/breeze\RELIND\1m\2023\08\2023-08-18.json
2026-08-14 01:12:42 | INFO | Next trading day: 2023-08-21
2026-08-14 01:12:42 | INFO | Waiting 1.0 seconds...
2026-08-14 01:12:43 | INFO | 
2026-08-14 01:12:43 | INFO | ======================================================================
2026-08-14 01:12:43 | INFO | CHUNK #218
2026-08-14 01:12:43 | INFO | Trading days: 2023-08-21 -> 2023-08-22
2026-08-14 01:12:43 | INFO | Request: 2023-08-21T09:00:00.000Z -> 2023-08-22T15:45:00.000Z
2026-08-14 01:12:43 | INFO | ======================================================================
2026-08-14 01:12:43 | INFO | API request: 2023-08-21T09:00:00.000Z -> 2023-08-22T15:45:00.000Z (attempt 1/3)
2026-08-14 01:12:44 | INFO | Breeze returned 757 candles.
2026-08-14 01:12:44 | INFO | First candle : 2023-08-21 09:07:00
2026-08-14 01:12:44 | INFO | Last candle  : 2023-08-22 15:31:00
2026-08-14 01:12:44 | INFO | Saved 2023-08-21: 379 candles -> data/raw/breeze\RELIND\1m\2023\08\2023-08-21.json
2026-08-14 01:12:44 | INFO | Saved 2023-08-22: 378 candles -> data/raw/breeze\RELIND\1m\2023\08\2023-08-22.json
2026-08-14 01:12:44 | INFO | Next trading day: 2023-08-23
2026-08-14 01:12:44 | INFO | Waiting 1.0 seconds...
2026-08-14 01:12:45 | INFO | 
2026-08-14 01:12:45 | INFO | ======================================================================
2026-08-14 01:12:45 | INFO | CHUNK #219
2026-08-14 01:12:45 | INFO | Trading days: 2023-08-23 -> 2023-08-24
2026-08-14 01:12:45 | INFO | Request: 2023-08-23T09:00:00.000Z -> 2023-08-24T15:45:00.000Z
2026-08-14 01:12:45 | INFO | ======================================================================
2026-08-14 01:12:45 | INFO | API request: 2023-08-23T09:00:00.000Z -> 2023-08-24T15:45:00.000Z (attempt 1/3)
2026-08-14 01:12:45 | INFO | Breeze returned 758 candles.
2026-08-14 01:12:45 | INFO | First candle : 2023-08-23 09:07:00
2026-08-14 01:12:45 | INFO | Last candle  : 2023-08-24 15:35:00
2026-08-14 01:12:45 | INFO | Saved 2023-08-23: 379 candles -> data/raw/breeze\RELIND\1m\2023\08\2023-08-23.json
2026-08-14 01:12:45 | INFO | Saved 2023-08-24: 379 candles -> data/raw/breeze\RELIND\1m\2023\08\2023-08-24.json
2026-08-14 01:12:45 | INFO | Next trading day: 2023-08-25
2026-08-14 01:12:45 | INFO | Waiting 1.0 seconds...
2026-08-14 01:12:46 | INFO | 
2026-08-14 01:12:46 | INFO | ======================================================================
2026-08-14 01:12:46 | INFO | CHUNK #220
2026-08-14 01:12:46 | INFO | Trading days: 2023-08-25 -> 2023-08-25
2026-08-14 01:12:46 | INFO | Request: 2023-08-25T09:00:00.000Z -> 2023-08-25T15:45:00.000Z
2026-08-14 01:12:46 | INFO | ======================================================================
2026-08-14 01:12:46 | INFO | API request: 2023-08-25T09:00:00.000Z -> 2023-08-25T15:45:00.000Z (attempt 1/3)
2026-08-14 01:12:46 | INFO | Breeze returned 378 candles.
2026-08-14 01:12:46 | INFO | First candle : 2023-08-25 09:07:00
2026-08-14 01:12:46 | INFO | Last candle  : 2023-08-25 15:31:00
2026-08-14 01:12:46 | INFO | Saved 2023-08-25: 378 candles -> data/raw/breeze\RELIND\1m\2023\08\2023-08-25.json
2026-08-14 01:12:46 | INFO | Next trading day: 2023-08-28
2026-08-14 01:12:46 | INFO | Waiting 1.0 seconds...
2026-08-14 01:12:47 | INFO | 
2026-08-14 01:12:47 | INFO | ======================================================================
2026-08-14 01:12:47 | INFO | CHUNK #221
2026-08-14 01:12:47 | INFO | Trading days: 2023-08-28 -> 2023-08-29
2026-08-14 01:12:47 | INFO | Request: 2023-08-28T09:00:00.000Z -> 2023-08-29T15:45:00.000Z
2026-08-14 01:12:47 | INFO | ======================================================================
2026-08-14 01:12:47 | INFO | API request: 2023-08-28T09:00:00.000Z -> 2023-08-29T15:45:00.000Z (attempt 1/3)
2026-08-14 01:12:48 | INFO | Breeze returned 757 candles.
2026-08-14 01:12:48 | INFO | First candle : 2023-08-28 09:07:00
2026-08-14 01:12:48 | INFO | Last candle  : 2023-08-29 15:31:00
2026-08-14 01:12:48 | INFO | Saved 2023-08-28: 379 candles -> data/raw/breeze\RELIND\1m\2023\08\2023-08-28.json
2026-08-14 01:12:48 | INFO | Saved 2023-08-29: 378 candles -> data/raw/breeze\RELIND\1m\2023\08\2023-08-29.json
2026-08-14 01:12:48 | INFO | Next trading day: 2023-08-30
2026-08-14 01:12:48 | INFO | Waiting 1.0 seconds...
2026-08-14 01:12:49 | INFO | 
2026-08-14 01:12:49 | INFO | ======================================================================
2026-08-14 01:12:49 | INFO | CHUNK #222
2026-08-14 01:12:49 | INFO | Trading days: 2023-08-30 -> 2023-08-31
2026-08-14 01:12:49 | INFO | Request: 2023-08-30T09:00:00.000Z -> 2023-08-31T15:45:00.000Z
2026-08-14 01:12:49 | INFO | ======================================================================
2026-08-14 01:12:49 | INFO | API request: 2023-08-30T09:00:00.000Z -> 2023-08-31T15:45:00.000Z (attempt 1/3)
2026-08-14 01:12:49 | INFO | Breeze returned 758 candles.
2026-08-14 01:12:49 | INFO | First candle : 2023-08-30 09:07:00
2026-08-14 01:12:49 | INFO | Last candle  : 2023-08-31 15:38:00
2026-08-14 01:12:49 | INFO | Saved 2023-08-30: 379 candles -> data/raw/breeze\RELIND\1m\2023\08\2023-08-30.json
2026-08-14 01:12:49 | INFO | Saved 2023-08-31: 379 candles -> data/raw/breeze\RELIND\1m\2023\08\2023-08-31.json
2026-08-14 01:12:49 | INFO | Next trading day: 2023-09-01
2026-08-14 01:12:49 | INFO | Waiting 1.0 seconds...
2026-08-14 01:12:50 | INFO | 
2026-08-14 01:12:50 | INFO | ======================================================================
2026-08-14 01:12:50 | INFO | CHUNK #223
2026-08-14 01:12:50 | INFO | Trading days: 2023-09-01 -> 2023-09-01
2026-08-14 01:12:50 | INFO | Request: 2023-09-01T09:00:00.000Z -> 2023-09-01T15:45:00.000Z
2026-08-14 01:12:50 | INFO | ======================================================================
2026-08-14 01:12:50 | INFO | API request: 2023-09-01T09:00:00.000Z -> 2023-09-01T15:45:00.000Z (attempt 1/3)
2026-08-14 01:12:50 | INFO | Breeze returned 378 candles.
2026-08-14 01:12:50 | INFO | First candle : 2023-09-01 09:07:00
2026-08-14 01:12:50 | INFO | Last candle  : 2023-09-01 15:31:00
2026-08-14 01:12:50 | INFO | Saved 2023-09-01: 378 candles -> data/raw/breeze\RELIND\1m\2023\09\2023-09-01.json
2026-08-14 01:12:50 | INFO | Next trading day: 2023-09-04
2026-08-14 01:12:50 | INFO | Waiting 1.0 seconds...
2026-08-14 01:12:51 | INFO | 
2026-08-14 01:12:51 | INFO | ======================================================================
2026-08-14 01:12:51 | INFO | CHUNK #224
2026-08-14 01:12:51 | INFO | Trading days: 2023-09-04 -> 2023-09-05
2026-08-14 01:12:51 | INFO | Request: 2023-09-04T09:00:00.000Z -> 2023-09-05T15:45:00.000Z
2026-08-14 01:12:51 | INFO | ======================================================================
2026-08-14 01:12:51 | INFO | API request: 2023-09-04T09:00:00.000Z -> 2023-09-05T15:45:00.000Z (attempt 1/3)
2026-08-14 01:12:52 | INFO | Breeze returned 757 candles.
2026-08-14 01:12:52 | INFO | First candle : 2023-09-04 09:07:00
2026-08-14 01:12:52 | INFO | Last candle  : 2023-09-05 15:31:00
2026-08-14 01:12:52 | INFO | Saved 2023-09-04: 379 candles -> data/raw/breeze\RELIND\1m\2023\09\2023-09-04.json
2026-08-14 01:12:52 | INFO | Saved 2023-09-05: 378 candles -> data/raw/breeze\RELIND\1m\2023\09\2023-09-05.json
2026-08-14 01:12:52 | INFO | Next trading day: 2023-09-06
2026-08-14 01:12:52 | INFO | Waiting 1.0 seconds...
2026-08-14 01:12:53 | INFO | 
2026-08-14 01:12:53 | INFO | ======================================================================
2026-08-14 01:12:53 | INFO | CHUNK #225
2026-08-14 01:12:53 | INFO | Trading days: 2023-09-06 -> 2023-09-07
2026-08-14 01:12:53 | INFO | Request: 2023-09-06T09:00:00.000Z -> 2023-09-07T15:45:00.000Z
2026-08-14 01:12:53 | INFO | ======================================================================
2026-08-14 01:12:53 | INFO | API request: 2023-09-06T09:00:00.000Z -> 2023-09-07T15:45:00.000Z (attempt 1/3)
2026-08-14 01:12:53 | INFO | Breeze returned 757 candles.
2026-08-14 01:12:53 | INFO | First candle : 2023-09-06 09:07:00
2026-08-14 01:12:53 | INFO | Last candle  : 2023-09-07 15:33:00
2026-08-14 01:12:53 | INFO | Saved 2023-09-06: 378 candles -> data/raw/breeze\RELIND\1m\2023\09\2023-09-06.json
2026-08-14 01:12:53 | INFO | Saved 2023-09-07: 379 candles -> data/raw/breeze\RELIND\1m\2023\09\2023-09-07.json
2026-08-14 01:12:53 | INFO | Next trading day: 2023-09-08
2026-08-14 01:12:53 | INFO | Waiting 1.0 seconds...
2026-08-14 01:12:54 | INFO | 
2026-08-14 01:12:54 | INFO | ======================================================================
2026-08-14 01:12:54 | INFO | CHUNK #226
2026-08-14 01:12:54 | INFO | Trading days: 2023-09-08 -> 2023-09-08
2026-08-14 01:12:54 | INFO | Request: 2023-09-08T09:00:00.000Z -> 2023-09-08T15:45:00.000Z
2026-08-14 01:12:54 | INFO | ======================================================================
2026-08-14 01:12:54 | INFO | API request: 2023-09-08T09:00:00.000Z -> 2023-09-08T15:45:00.000Z (attempt 1/3)
2026-08-14 01:12:55 | INFO | Breeze returned 378 candles.
2026-08-14 01:12:55 | INFO | First candle : 2023-09-08 09:07:00
2026-08-14 01:12:55 | INFO | Last candle  : 2023-09-08 15:37:00
2026-08-14 01:12:55 | INFO | Saved 2023-09-08: 378 candles -> data/raw/breeze\RELIND\1m\2023\09\2023-09-08.json
2026-08-14 01:12:55 | INFO | Next trading day: 2023-09-11
2026-08-14 01:12:55 | INFO | Waiting 1.0 seconds...
2026-08-14 01:12:56 | INFO | 
2026-08-14 01:12:56 | INFO | ======================================================================
2026-08-14 01:12:56 | INFO | CHUNK #227
2026-08-14 01:12:56 | INFO | Trading days: 2023-09-11 -> 2023-09-12
2026-08-14 01:12:56 | INFO | Request: 2023-09-11T09:00:00.000Z -> 2023-09-12T15:45:00.000Z
2026-08-14 01:12:56 | INFO | ======================================================================
2026-08-14 01:12:56 | INFO | API request: 2023-09-11T09:00:00.000Z -> 2023-09-12T15:45:00.000Z (attempt 1/3)
2026-08-14 01:12:56 | INFO | Breeze returned 759 candles.
2026-08-14 01:12:56 | INFO | First candle : 2023-09-11 09:07:00
2026-08-14 01:12:56 | INFO | Last candle  : 2023-09-12 15:39:00
2026-08-14 01:12:56 | INFO | Saved 2023-09-11: 379 candles -> data/raw/breeze\RELIND\1m\2023\09\2023-09-11.json
2026-08-14 01:12:56 | INFO | Saved 2023-09-12: 380 candles -> data/raw/breeze\RELIND\1m\2023\09\2023-09-12.json
2026-08-14 01:12:56 | INFO | Next trading day: 2023-09-13
2026-08-14 01:12:56 | INFO | Waiting 1.0 seconds...
2026-08-14 01:12:57 | INFO | 
2026-08-14 01:12:57 | INFO | ======================================================================
2026-08-14 01:12:57 | INFO | CHUNK #228
2026-08-14 01:12:57 | INFO | Trading days: 2023-09-13 -> 2023-09-14
2026-08-14 01:12:57 | INFO | Request: 2023-09-13T09:00:00.000Z -> 2023-09-14T15:45:00.000Z
2026-08-14 01:12:57 | INFO | ======================================================================
2026-08-14 01:12:57 | INFO | API request: 2023-09-13T09:00:00.000Z -> 2023-09-14T15:45:00.000Z (attempt 1/3)
2026-08-14 01:12:58 | INFO | Breeze returned 757 candles.
2026-08-14 01:12:58 | INFO | First candle : 2023-09-13 09:07:00
2026-08-14 01:12:58 | INFO | Last candle  : 2023-09-14 15:33:00
2026-08-14 01:12:58 | INFO | Saved 2023-09-13: 378 candles -> data/raw/breeze\RELIND\1m\2023\09\2023-09-13.json
2026-08-14 01:12:58 | INFO | Saved 2023-09-14: 379 candles -> data/raw/breeze\RELIND\1m\2023\09\2023-09-14.json
2026-08-14 01:12:58 | INFO | Next trading day: 2023-09-15
2026-08-14 01:12:58 | INFO | Waiting 1.0 seconds...
2026-08-14 01:12:59 | INFO | 
2026-08-14 01:12:59 | INFO | ======================================================================
2026-08-14 01:12:59 | INFO | CHUNK #229
2026-08-14 01:12:59 | INFO | Trading days: 2023-09-15 -> 2023-09-15
2026-08-14 01:12:59 | INFO | Request: 2023-09-15T09:00:00.000Z -> 2023-09-15T15:45:00.000Z
2026-08-14 01:12:59 | INFO | ======================================================================
2026-08-14 01:12:59 | INFO | API request: 2023-09-15T09:00:00.000Z -> 2023-09-15T15:45:00.000Z (attempt 1/3)
2026-08-14 01:12:59 | INFO | Breeze returned 379 candles.
2026-08-14 01:12:59 | INFO | First candle : 2023-09-15 09:07:00
2026-08-14 01:12:59 | INFO | Last candle  : 2023-09-15 15:34:00
2026-08-14 01:12:59 | INFO | Saved 2023-09-15: 379 candles -> data/raw/breeze\RELIND\1m\2023\09\2023-09-15.json
2026-08-14 01:12:59 | INFO | Next trading day: 2023-09-18
2026-08-14 01:12:59 | INFO | Waiting 1.0 seconds...
2026-08-14 01:13:00 | INFO | 
2026-08-14 01:13:00 | INFO | ======================================================================
2026-08-14 01:13:00 | INFO | CHUNK #230
2026-08-14 01:13:00 | INFO | Trading days: 2023-09-18 -> 2023-09-19
2026-08-14 01:13:00 | INFO | Request: 2023-09-18T09:00:00.000Z -> 2023-09-19T15:45:00.000Z
2026-08-14 01:13:00 | INFO | ======================================================================
2026-08-14 01:13:00 | INFO | API request: 2023-09-18T09:00:00.000Z -> 2023-09-19T15:45:00.000Z (attempt 1/3)
2026-08-14 01:13:00 | INFO | Breeze returned 377 candles.
2026-08-14 01:13:00 | INFO | First candle : 2023-09-18 09:15:00
2026-08-14 01:13:00 | INFO | Last candle  : 2023-09-18 15:32:00
2026-08-14 01:13:00 | INFO | Saved 2023-09-18: 377 candles -> data/raw/breeze\RELIND\1m\2023\09\2023-09-18.json
2026-08-14 01:13:00 | INFO | Saved 2023-09-19: 0 candles -> data/raw/breeze\RELIND\1m\2023\09\2023-09-19.json
2026-08-14 01:13:00 | INFO | Next trading day: 2023-09-20
2026-08-14 01:13:00 | INFO | Waiting 1.0 seconds...
2026-08-14 01:13:01 | INFO | 
2026-08-14 01:13:01 | INFO | ======================================================================
2026-08-14 01:13:01 | INFO | CHUNK #231
2026-08-14 01:13:01 | INFO | Trading days: 2023-09-20 -> 2023-09-21
2026-08-14 01:13:01 | INFO | Request: 2023-09-20T09:00:00.000Z -> 2023-09-21T15:45:00.000Z
2026-08-14 01:13:01 | INFO | ======================================================================
2026-08-14 01:13:01 | INFO | API request: 2023-09-20T09:00:00.000Z -> 2023-09-21T15:45:00.000Z (attempt 1/3)
2026-08-14 01:13:01 | INFO | Breeze returned 758 candles.
2026-08-14 01:13:01 | INFO | First candle : 2023-09-20 09:07:00
2026-08-14 01:13:01 | INFO | Last candle  : 2023-09-21 15:36:00
2026-08-14 01:13:01 | INFO | Saved 2023-09-20: 379 candles -> data/raw/breeze\RELIND\1m\2023\09\2023-09-20.json
2026-08-14 01:13:01 | INFO | Saved 2023-09-21: 379 candles -> data/raw/breeze\RELIND\1m\2023\09\2023-09-21.json
2026-08-14 01:13:01 | INFO | Next trading day: 2023-09-22
2026-08-14 01:13:01 | INFO | Waiting 1.0 seconds...
2026-08-14 01:13:02 | INFO | 
2026-08-14 01:13:02 | INFO | ======================================================================
2026-08-14 01:13:02 | INFO | CHUNK #232
2026-08-14 01:13:02 | INFO | Trading days: 2023-09-22 -> 2023-09-22
2026-08-14 01:13:02 | INFO | Request: 2023-09-22T09:00:00.000Z -> 2023-09-22T15:45:00.000Z
2026-08-14 01:13:02 | INFO | ======================================================================
2026-08-14 01:13:02 | INFO | API request: 2023-09-22T09:00:00.000Z -> 2023-09-22T15:45:00.000Z (attempt 1/3)
2026-08-14 01:13:03 | INFO | Breeze returned 379 candles.
2026-08-14 01:13:03 | INFO | First candle : 2023-09-22 09:07:00
2026-08-14 01:13:03 | INFO | Last candle  : 2023-09-22 15:35:00
2026-08-14 01:13:03 | INFO | Saved 2023-09-22: 379 candles -> data/raw/breeze\RELIND\1m\2023\09\2023-09-22.json
2026-08-14 01:13:03 | INFO | Next trading day: 2023-09-25
2026-08-14 01:13:03 | INFO | Waiting 1.0 seconds...
2026-08-14 01:13:04 | INFO | 
2026-08-14 01:13:04 | INFO | ======================================================================
2026-08-14 01:13:04 | INFO | CHUNK #233
2026-08-14 01:13:04 | INFO | Trading days: 2023-09-25 -> 2023-09-26
2026-08-14 01:13:04 | INFO | Request: 2023-09-25T09:00:00.000Z -> 2023-09-26T15:45:00.000Z
2026-08-14 01:13:04 | INFO | ======================================================================
2026-08-14 01:13:04 | INFO | API request: 2023-09-25T09:00:00.000Z -> 2023-09-26T15:45:00.000Z (attempt 1/3)
2026-08-14 01:13:04 | INFO | Breeze returned 756 candles.
2026-08-14 01:13:04 | INFO | First candle : 2023-09-25 09:07:00
2026-08-14 01:13:04 | INFO | Last candle  : 2023-09-26 15:31:00
2026-08-14 01:13:04 | INFO | Saved 2023-09-25: 378 candles -> data/raw/breeze\RELIND\1m\2023\09\2023-09-25.json
2026-08-14 01:13:04 | INFO | Saved 2023-09-26: 378 candles -> data/raw/breeze\RELIND\1m\2023\09\2023-09-26.json
2026-08-14 01:13:04 | INFO | Next trading day: 2023-09-27
2026-08-14 01:13:04 | INFO | Waiting 1.0 seconds...
2026-08-14 01:13:05 | INFO | 
2026-08-14 01:13:05 | INFO | ======================================================================
2026-08-14 01:13:05 | INFO | CHUNK #234
2026-08-14 01:13:05 | INFO | Trading days: 2023-09-27 -> 2023-09-28
2026-08-14 01:13:05 | INFO | Request: 2023-09-27T09:00:00.000Z -> 2023-09-28T15:45:00.000Z
2026-08-14 01:13:05 | INFO | ======================================================================
2026-08-14 01:13:05 | INFO | API request: 2023-09-27T09:00:00.000Z -> 2023-09-28T15:45:00.000Z (attempt 1/3)
2026-08-14 01:13:05 | INFO | Breeze returned 756 candles.
2026-08-14 01:13:05 | INFO | First candle : 2023-09-27 09:07:00
2026-08-14 01:13:05 | INFO | Last candle  : 2023-09-28 15:31:00
2026-08-14 01:13:05 | INFO | Saved 2023-09-27: 378 candles -> data/raw/breeze\RELIND\1m\2023\09\2023-09-27.json
2026-08-14 01:13:05 | INFO | Saved 2023-09-28: 378 candles -> data/raw/breeze\RELIND\1m\2023\09\2023-09-28.json
2026-08-14 01:13:05 | INFO | Next trading day: 2023-09-29
2026-08-14 01:13:05 | INFO | Waiting 1.0 seconds...
2026-08-14 01:13:06 | INFO | 
2026-08-14 01:13:06 | INFO | ======================================================================
2026-08-14 01:13:06 | INFO | CHUNK #235
2026-08-14 01:13:06 | INFO | Trading days: 2023-09-29 -> 2023-09-29
2026-08-14 01:13:06 | INFO | Request: 2023-09-29T09:00:00.000Z -> 2023-09-29T15:45:00.000Z
2026-08-14 01:13:06 | INFO | ======================================================================
2026-08-14 01:13:06 | INFO | API request: 2023-09-29T09:00:00.000Z -> 2023-09-29T15:45:00.000Z (attempt 1/3)
2026-08-14 01:13:07 | INFO | Breeze returned 378 candles.
2026-08-14 01:13:07 | INFO | First candle : 2023-09-29 09:07:00
2026-08-14 01:13:07 | INFO | Last candle  : 2023-09-29 15:31:00
2026-08-14 01:13:07 | INFO | Saved 2023-09-29: 378 candles -> data/raw/breeze\RELIND\1m\2023\09\2023-09-29.json
2026-08-14 01:13:07 | INFO | Next trading day: 2023-10-02
2026-08-14 01:13:07 | INFO | Waiting 1.0 seconds...
2026-08-14 01:13:08 | INFO | 
2026-08-14 01:13:08 | INFO | ======================================================================
2026-08-14 01:13:08 | INFO | CHUNK #236
2026-08-14 01:13:08 | INFO | Trading days: 2023-10-02 -> 2023-10-03
2026-08-14 01:13:08 | INFO | Request: 2023-10-02T09:00:00.000Z -> 2023-10-03T15:45:00.000Z
2026-08-14 01:13:08 | INFO | ======================================================================
2026-08-14 01:13:08 | INFO | API request: 2023-10-02T09:00:00.000Z -> 2023-10-03T15:45:00.000Z (attempt 1/3)
2026-08-14 01:13:08 | INFO | Breeze returned 378 candles.
2026-08-14 01:13:08 | INFO | First candle : 2023-10-03 09:07:00
2026-08-14 01:13:08 | INFO | Last candle  : 2023-10-03 15:33:00
2026-08-14 01:13:08 | INFO | Saved 2023-10-02: 0 candles -> data/raw/breeze\RELIND\1m\2023\10\2023-10-02.json
2026-08-14 01:13:08 | INFO | Saved 2023-10-03: 378 candles -> data/raw/breeze\RELIND\1m\2023\10\2023-10-03.json
2026-08-14 01:13:08 | INFO | Next trading day: 2023-10-04
2026-08-14 01:13:08 | INFO | Waiting 1.0 seconds...
2026-08-14 01:13:09 | INFO | 
2026-08-14 01:13:09 | INFO | ======================================================================
2026-08-14 01:13:09 | INFO | CHUNK #237
2026-08-14 01:13:09 | INFO | Trading days: 2023-10-04 -> 2023-10-05
2026-08-14 01:13:09 | INFO | Request: 2023-10-04T09:00:00.000Z -> 2023-10-05T15:45:00.000Z
2026-08-14 01:13:09 | INFO | ======================================================================
2026-08-14 01:13:09 | INFO | API request: 2023-10-04T09:00:00.000Z -> 2023-10-05T15:45:00.000Z (attempt 1/3)
2026-08-14 01:13:10 | INFO | Breeze returned 756 candles.
2026-08-14 01:13:10 | INFO | First candle : 2023-10-04 09:07:00
2026-08-14 01:13:10 | INFO | Last candle  : 2023-10-05 15:33:00
2026-08-14 01:13:10 | INFO | Saved 2023-10-04: 378 candles -> data/raw/breeze\RELIND\1m\2023\10\2023-10-04.json
2026-08-14 01:13:10 | INFO | Saved 2023-10-05: 378 candles -> data/raw/breeze\RELIND\1m\2023\10\2023-10-05.json
2026-08-14 01:13:10 | INFO | Next trading day: 2023-10-06
2026-08-14 01:13:10 | INFO | Waiting 1.0 seconds...
2026-08-14 01:13:11 | INFO | 
2026-08-14 01:13:11 | INFO | ======================================================================
2026-08-14 01:13:11 | INFO | CHUNK #238
2026-08-14 01:13:11 | INFO | Trading days: 2023-10-06 -> 2023-10-06
2026-08-14 01:13:11 | INFO | Request: 2023-10-06T09:00:00.000Z -> 2023-10-06T15:45:00.000Z
2026-08-14 01:13:11 | INFO | ======================================================================
2026-08-14 01:13:11 | INFO | API request: 2023-10-06T09:00:00.000Z -> 2023-10-06T15:45:00.000Z (attempt 1/3)
2026-08-14 01:13:11 | INFO | Breeze returned 378 candles.
2026-08-14 01:13:11 | INFO | First candle : 2023-10-06 09:07:00
2026-08-14 01:13:11 | INFO | Last candle  : 2023-10-06 15:32:00
2026-08-14 01:13:11 | INFO | Saved 2023-10-06: 378 candles -> data/raw/breeze\RELIND\1m\2023\10\2023-10-06.json
2026-08-14 01:13:11 | INFO | Next trading day: 2023-10-09
2026-08-14 01:13:11 | INFO | Waiting 1.0 seconds...
2026-08-14 01:13:12 | INFO | 
2026-08-14 01:13:12 | INFO | ======================================================================
2026-08-14 01:13:12 | INFO | CHUNK #239
2026-08-14 01:13:12 | INFO | Trading days: 2023-10-09 -> 2023-10-10
2026-08-14 01:13:12 | INFO | Request: 2023-10-09T09:00:00.000Z -> 2023-10-10T15:45:00.000Z
2026-08-14 01:13:12 | INFO | ======================================================================
2026-08-14 01:13:12 | INFO | API request: 2023-10-09T09:00:00.000Z -> 2023-10-10T15:45:00.000Z (attempt 1/3)
2026-08-14 01:13:12 | INFO | Breeze returned 756 candles.
2026-08-14 01:13:12 | INFO | First candle : 2023-10-09 09:07:00
2026-08-14 01:13:12 | INFO | Last candle  : 2023-10-10 15:32:00
2026-08-14 01:13:13 | INFO | Saved 2023-10-09: 378 candles -> data/raw/breeze\RELIND\1m\2023\10\2023-10-09.json
2026-08-14 01:13:13 | INFO | Saved 2023-10-10: 378 candles -> data/raw/breeze\RELIND\1m\2023\10\2023-10-10.json
2026-08-14 01:13:13 | INFO | Next trading day: 2023-10-11
2026-08-14 01:13:13 | INFO | Waiting 1.0 seconds...
2026-08-14 01:13:14 | INFO | 
2026-08-14 01:13:14 | INFO | ======================================================================
2026-08-14 01:13:14 | INFO | CHUNK #240
2026-08-14 01:13:14 | INFO | Trading days: 2023-10-11 -> 2023-10-12
2026-08-14 01:13:14 | INFO | Request: 2023-10-11T09:00:00.000Z -> 2023-10-12T15:45:00.000Z
2026-08-14 01:13:14 | INFO | ======================================================================
2026-08-14 01:13:14 | INFO | API request: 2023-10-11T09:00:00.000Z -> 2023-10-12T15:45:00.000Z (attempt 1/3)
2026-08-14 01:13:14 | INFO | Breeze returned 757 candles.
2026-08-14 01:13:14 | INFO | First candle : 2023-10-11 09:07:00
2026-08-14 01:13:14 | INFO | Last candle  : 2023-10-12 15:32:00
2026-08-14 01:13:14 | INFO | Saved 2023-10-11: 379 candles -> data/raw/breeze\RELIND\1m\2023\10\2023-10-11.json
2026-08-14 01:13:14 | INFO | Saved 2023-10-12: 378 candles -> data/raw/breeze\RELIND\1m\2023\10\2023-10-12.json
2026-08-14 01:13:14 | INFO | Next trading day: 2023-10-13
2026-08-14 01:13:14 | INFO | Waiting 1.0 seconds...
2026-08-14 01:13:15 | INFO | 
2026-08-14 01:13:15 | INFO | ======================================================================
2026-08-14 01:13:15 | INFO | CHUNK #241
2026-08-14 01:13:15 | INFO | Trading days: 2023-10-13 -> 2023-10-13
2026-08-14 01:13:15 | INFO | Request: 2023-10-13T09:00:00.000Z -> 2023-10-13T15:45:00.000Z
2026-08-14 01:13:15 | INFO | ======================================================================
2026-08-14 01:13:15 | INFO | API request: 2023-10-13T09:00:00.000Z -> 2023-10-13T15:45:00.000Z (attempt 1/3)
2026-08-14 01:13:15 | INFO | Breeze returned 378 candles.
2026-08-14 01:13:15 | INFO | First candle : 2023-10-13 09:07:00
2026-08-14 01:13:15 | INFO | Last candle  : 2023-10-13 15:32:00
2026-08-14 01:13:15 | INFO | Saved 2023-10-13: 378 candles -> data/raw/breeze\RELIND\1m\2023\10\2023-10-13.json
2026-08-14 01:13:15 | INFO | Next trading day: 2023-10-16
2026-08-14 01:13:15 | INFO | Waiting 1.0 seconds...
2026-08-14 01:13:16 | INFO | 
2026-08-14 01:13:16 | INFO | ======================================================================
2026-08-14 01:13:16 | INFO | CHUNK #242
2026-08-14 01:13:16 | INFO | Trading days: 2023-10-16 -> 2023-10-17
2026-08-14 01:13:16 | INFO | Request: 2023-10-16T09:00:00.000Z -> 2023-10-17T15:45:00.000Z
2026-08-14 01:13:16 | INFO | ======================================================================
2026-08-14 01:13:16 | INFO | API request: 2023-10-16T09:00:00.000Z -> 2023-10-17T15:45:00.000Z (attempt 1/3)
2026-08-14 01:13:16 | INFO | Breeze returned 756 candles.
2026-08-14 01:13:16 | INFO | First candle : 2023-10-16 09:07:00
2026-08-14 01:13:16 | INFO | Last candle  : 2023-10-17 15:32:00
2026-08-14 01:13:16 | INFO | Saved 2023-10-16: 378 candles -> data/raw/breeze\RELIND\1m\2023\10\2023-10-16.json
2026-08-14 01:13:16 | INFO | Saved 2023-10-17: 378 candles -> data/raw/breeze\RELIND\1m\2023\10\2023-10-17.json
2026-08-14 01:13:16 | INFO | Next trading day: 2023-10-18
2026-08-14 01:13:16 | INFO | Waiting 1.0 seconds...
2026-08-14 01:13:17 | INFO | 
2026-08-14 01:13:17 | INFO | ======================================================================
2026-08-14 01:13:17 | INFO | CHUNK #243
2026-08-14 01:13:17 | INFO | Trading days: 2023-10-18 -> 2023-10-19
2026-08-14 01:13:17 | INFO | Request: 2023-10-18T09:00:00.000Z -> 2023-10-19T15:45:00.000Z
2026-08-14 01:13:17 | INFO | ======================================================================
2026-08-14 01:13:17 | INFO | API request: 2023-10-18T09:00:00.000Z -> 2023-10-19T15:45:00.000Z (attempt 1/3)
2026-08-14 01:13:18 | INFO | Breeze returned 757 candles.
2026-08-14 01:13:18 | INFO | First candle : 2023-10-18 09:07:00
2026-08-14 01:13:18 | INFO | Last candle  : 2023-10-19 15:32:00
2026-08-14 01:13:18 | INFO | Saved 2023-10-18: 379 candles -> data/raw/breeze\RELIND\1m\2023\10\2023-10-18.json
2026-08-14 01:13:18 | INFO | Saved 2023-10-19: 378 candles -> data/raw/breeze\RELIND\1m\2023\10\2023-10-19.json
2026-08-14 01:13:18 | INFO | Next trading day: 2023-10-20
2026-08-14 01:13:18 | INFO | Waiting 1.0 seconds...
2026-08-14 01:13:19 | INFO | 
2026-08-14 01:13:19 | INFO | ======================================================================
2026-08-14 01:13:19 | INFO | CHUNK #244
2026-08-14 01:13:19 | INFO | Trading days: 2023-10-20 -> 2023-10-20
2026-08-14 01:13:19 | INFO | Request: 2023-10-20T09:00:00.000Z -> 2023-10-20T15:45:00.000Z
2026-08-14 01:13:19 | INFO | ======================================================================
2026-08-14 01:13:19 | INFO | API request: 2023-10-20T09:00:00.000Z -> 2023-10-20T15:45:00.000Z (attempt 1/3)
2026-08-14 01:13:19 | INFO | Breeze returned 378 candles.
2026-08-14 01:13:19 | INFO | First candle : 2023-10-20 09:07:00
2026-08-14 01:13:19 | INFO | Last candle  : 2023-10-20 15:32:00
2026-08-14 01:13:19 | INFO | Saved 2023-10-20: 378 candles -> data/raw/breeze\RELIND\1m\2023\10\2023-10-20.json
2026-08-14 01:13:19 | INFO | Next trading day: 2023-10-23
2026-08-14 01:13:19 | INFO | Waiting 1.0 seconds...
2026-08-14 01:13:20 | INFO | 
2026-08-14 01:13:20 | INFO | ======================================================================
2026-08-14 01:13:20 | INFO | CHUNK #245
2026-08-14 01:13:20 | INFO | Trading days: 2023-10-23 -> 2023-10-24
2026-08-14 01:13:20 | INFO | Request: 2023-10-23T09:00:00.000Z -> 2023-10-24T15:45:00.000Z
2026-08-14 01:13:20 | INFO | ======================================================================
2026-08-14 01:13:20 | INFO | API request: 2023-10-23T09:00:00.000Z -> 2023-10-24T15:45:00.000Z (attempt 1/3)
2026-08-14 01:13:21 | INFO | Breeze returned 379 candles.
2026-08-14 01:13:21 | INFO | First candle : 2023-10-23 09:07:00
2026-08-14 01:13:21 | INFO | Last candle  : 2023-10-23 15:37:00
2026-08-14 01:13:21 | INFO | Saved 2023-10-23: 379 candles -> data/raw/breeze\RELIND\1m\2023\10\2023-10-23.json
2026-08-14 01:13:21 | INFO | Saved 2023-10-24: 0 candles -> data/raw/breeze\RELIND\1m\2023\10\2023-10-24.json
2026-08-14 01:13:21 | INFO | Next trading day: 2023-10-25
2026-08-14 01:13:21 | INFO | Waiting 1.0 seconds...
2026-08-14 01:13:22 | INFO | 
2026-08-14 01:13:22 | INFO | ======================================================================
2026-08-14 01:13:22 | INFO | CHUNK #246
2026-08-14 01:13:22 | INFO | Trading days: 2023-10-25 -> 2023-10-26
2026-08-14 01:13:22 | INFO | Request: 2023-10-25T09:00:00.000Z -> 2023-10-26T15:45:00.000Z
2026-08-14 01:13:22 | INFO | ======================================================================
2026-08-14 01:13:22 | INFO | API request: 2023-10-25T09:00:00.000Z -> 2023-10-26T15:45:00.000Z (attempt 1/3)
2026-08-14 01:13:22 | INFO | Breeze returned 756 candles.
2026-08-14 01:13:22 | INFO | First candle : 2023-10-25 09:07:00
2026-08-14 01:13:22 | INFO | Last candle  : 2023-10-26 15:32:00
2026-08-14 01:13:22 | INFO | Saved 2023-10-25: 378 candles -> data/raw/breeze\RELIND\1m\2023\10\2023-10-25.json
2026-08-14 01:13:22 | INFO | Saved 2023-10-26: 378 candles -> data/raw/breeze\RELIND\1m\2023\10\2023-10-26.json
2026-08-14 01:13:22 | INFO | Next trading day: 2023-10-27
2026-08-14 01:13:22 | INFO | Waiting 1.0 seconds...
2026-08-14 01:13:23 | INFO | 
2026-08-14 01:13:23 | INFO | ======================================================================
2026-08-14 01:13:23 | INFO | CHUNK #247
2026-08-14 01:13:23 | INFO | Trading days: 2023-10-27 -> 2023-10-27
2026-08-14 01:13:23 | INFO | Request: 2023-10-27T09:00:00.000Z -> 2023-10-27T15:45:00.000Z
2026-08-14 01:13:23 | INFO | ======================================================================
2026-08-14 01:13:23 | INFO | API request: 2023-10-27T09:00:00.000Z -> 2023-10-27T15:45:00.000Z (attempt 1/3)
2026-08-14 01:13:24 | INFO | Breeze returned 378 candles.
2026-08-14 01:13:24 | INFO | First candle : 2023-10-27 09:07:00
2026-08-14 01:13:24 | INFO | Last candle  : 2023-10-27 15:32:00
2026-08-14 01:13:24 | INFO | Saved 2023-10-27: 378 candles -> data/raw/breeze\RELIND\1m\2023\10\2023-10-27.json
2026-08-14 01:13:24 | INFO | Next trading day: 2023-10-30
2026-08-14 01:13:24 | INFO | Waiting 1.0 seconds...
2026-08-14 01:13:25 | INFO | 
2026-08-14 01:13:25 | INFO | ======================================================================
2026-08-14 01:13:25 | INFO | CHUNK #248
2026-08-14 01:13:25 | INFO | Trading days: 2023-10-30 -> 2023-10-31
2026-08-14 01:13:25 | INFO | Request: 2023-10-30T09:00:00.000Z -> 2023-10-31T15:45:00.000Z
2026-08-14 01:13:25 | INFO | ======================================================================
2026-08-14 01:13:25 | INFO | API request: 2023-10-30T09:00:00.000Z -> 2023-10-31T15:45:00.000Z (attempt 1/3)
2026-08-14 01:13:25 | INFO | Breeze returned 757 candles.
2026-08-14 01:13:25 | INFO | First candle : 2023-10-30 09:07:00
2026-08-14 01:13:25 | INFO | Last candle  : 2023-10-31 15:32:00
2026-08-14 01:13:25 | INFO | Saved 2023-10-30: 379 candles -> data/raw/breeze\RELIND\1m\2023\10\2023-10-30.json
2026-08-14 01:13:25 | INFO | Saved 2023-10-31: 378 candles -> data/raw/breeze\RELIND\1m\2023\10\2023-10-31.json
2026-08-14 01:13:25 | INFO | Next trading day: 2023-11-01
2026-08-14 01:13:25 | INFO | Waiting 1.0 seconds...
2026-08-14 01:13:26 | INFO | 
2026-08-14 01:13:26 | INFO | ======================================================================
2026-08-14 01:13:26 | INFO | CHUNK #249
2026-08-14 01:13:26 | INFO | Trading days: 2023-11-01 -> 2023-11-02
2026-08-14 01:13:26 | INFO | Request: 2023-11-01T09:00:00.000Z -> 2023-11-02T15:45:00.000Z
2026-08-14 01:13:26 | INFO | ======================================================================
2026-08-14 01:13:26 | INFO | API request: 2023-11-01T09:00:00.000Z -> 2023-11-02T15:45:00.000Z (attempt 1/3)
2026-08-14 01:13:27 | INFO | Breeze returned 756 candles.
2026-08-14 01:13:27 | INFO | First candle : 2023-11-01 09:07:00
2026-08-14 01:13:27 | INFO | Last candle  : 2023-11-02 15:32:00
2026-08-14 01:13:27 | INFO | Saved 2023-11-01: 378 candles -> data/raw/breeze\RELIND\1m\2023\11\2023-11-01.json
2026-08-14 01:13:27 | INFO | Saved 2023-11-02: 378 candles -> data/raw/breeze\RELIND\1m\2023\11\2023-11-02.json
2026-08-14 01:13:27 | INFO | Next trading day: 2023-11-03
2026-08-14 01:13:27 | INFO | Waiting 1.0 seconds...
2026-08-14 01:13:28 | INFO | 
2026-08-14 01:13:28 | INFO | ======================================================================
2026-08-14 01:13:28 | INFO | CHUNK #250
2026-08-14 01:13:28 | INFO | Trading days: 2023-11-03 -> 2023-11-03
2026-08-14 01:13:28 | INFO | Request: 2023-11-03T09:00:00.000Z -> 2023-11-03T15:45:00.000Z
2026-08-14 01:13:28 | INFO | ======================================================================
2026-08-14 01:13:28 | INFO | API request: 2023-11-03T09:00:00.000Z -> 2023-11-03T15:45:00.000Z (attempt 1/3)
2026-08-14 01:13:28 | INFO | Breeze returned 377 candles.
2026-08-14 01:13:28 | INFO | First candle : 2023-11-03 09:07:00
2026-08-14 01:13:28 | INFO | Last candle  : 2023-11-03 15:32:00
2026-08-14 01:13:28 | INFO | Saved 2023-11-03: 377 candles -> data/raw/breeze\RELIND\1m\2023\11\2023-11-03.json
2026-08-14 01:13:28 | INFO | Next trading day: 2023-11-06
2026-08-14 01:13:28 | INFO | Waiting 1.0 seconds...
2026-08-14 01:13:29 | INFO | 
2026-08-14 01:13:29 | INFO | ======================================================================
2026-08-14 01:13:29 | INFO | CHUNK #251
2026-08-14 01:13:29 | INFO | Trading days: 2023-11-06 -> 2023-11-07
2026-08-14 01:13:29 | INFO | Request: 2023-11-06T09:00:00.000Z -> 2023-11-07T15:45:00.000Z
2026-08-14 01:13:29 | INFO | ======================================================================
2026-08-14 01:13:29 | INFO | API request: 2023-11-06T09:00:00.000Z -> 2023-11-07T15:45:00.000Z (attempt 1/3)
2026-08-14 01:13:30 | INFO | Breeze returned 756 candles.
2026-08-14 01:13:30 | INFO | First candle : 2023-11-06 09:07:00
2026-08-14 01:13:30 | INFO | Last candle  : 2023-11-07 15:32:00
2026-08-14 01:13:30 | INFO | Saved 2023-11-06: 378 candles -> data/raw/breeze\RELIND\1m\2023\11\2023-11-06.json
2026-08-14 01:13:30 | INFO | Saved 2023-11-07: 378 candles -> data/raw/breeze\RELIND\1m\2023\11\2023-11-07.json
2026-08-14 01:13:30 | INFO | Next trading day: 2023-11-08
2026-08-14 01:13:30 | INFO | Waiting 1.0 seconds...
2026-08-14 01:13:31 | INFO | 
2026-08-14 01:13:31 | INFO | ======================================================================
2026-08-14 01:13:31 | INFO | CHUNK #252
2026-08-14 01:13:31 | INFO | Trading days: 2023-11-08 -> 2023-11-09
2026-08-14 01:13:31 | INFO | Request: 2023-11-08T09:00:00.000Z -> 2023-11-09T15:45:00.000Z
2026-08-14 01:13:31 | INFO | ======================================================================
2026-08-14 01:13:31 | INFO | API request: 2023-11-08T09:00:00.000Z -> 2023-11-09T15:45:00.000Z (attempt 1/3)
2026-08-14 01:13:31 | INFO | Breeze returned 756 candles.
2026-08-14 01:13:31 | INFO | First candle : 2023-11-08 09:07:00
2026-08-14 01:13:31 | INFO | Last candle  : 2023-11-09 15:32:00
2026-08-14 01:13:31 | INFO | Saved 2023-11-08: 378 candles -> data/raw/breeze\RELIND\1m\2023\11\2023-11-08.json
2026-08-14 01:13:31 | INFO | Saved 2023-11-09: 378 candles -> data/raw/breeze\RELIND\1m\2023\11\2023-11-09.json
2026-08-14 01:13:31 | INFO | Next trading day: 2023-11-10
2026-08-14 01:13:31 | INFO | Waiting 1.0 seconds...
2026-08-14 01:13:32 | INFO | 
2026-08-14 01:13:32 | INFO | ======================================================================
2026-08-14 01:13:32 | INFO | CHUNK #253
2026-08-14 01:13:32 | INFO | Trading days: 2023-11-10 -> 2023-11-10
2026-08-14 01:13:32 | INFO | Request: 2023-11-10T09:00:00.000Z -> 2023-11-10T15:45:00.000Z
2026-08-14 01:13:32 | INFO | ======================================================================
2026-08-14 01:13:32 | INFO | API request: 2023-11-10T09:00:00.000Z -> 2023-11-10T15:45:00.000Z (attempt 1/3)
2026-08-14 01:13:32 | INFO | Breeze returned 379 candles.
2026-08-14 01:13:32 | INFO | First candle : 2023-11-10 09:07:00
2026-08-14 01:13:32 | INFO | Last candle  : 2023-11-10 15:39:00
2026-08-14 01:13:32 | INFO | Saved 2023-11-10: 379 candles -> data/raw/breeze\RELIND\1m\2023\11\2023-11-10.json
2026-08-14 01:13:32 | INFO | Next trading day: 2023-11-13
2026-08-14 01:13:32 | INFO | Waiting 1.0 seconds...
2026-08-14 01:13:33 | INFO | 
2026-08-14 01:13:33 | INFO | ======================================================================
2026-08-14 01:13:33 | INFO | CHUNK #254
2026-08-14 01:13:33 | INFO | Trading days: 2023-11-13 -> 2023-11-14
2026-08-14 01:13:33 | INFO | Request: 2023-11-13T09:00:00.000Z -> 2023-11-14T15:45:00.000Z
2026-08-14 01:13:33 | INFO | ======================================================================
2026-08-14 01:13:33 | INFO | API request: 2023-11-13T09:00:00.000Z -> 2023-11-14T15:45:00.000Z (attempt 1/3)
2026-08-14 01:13:33 | INFO | Breeze returned 378 candles.
2026-08-14 01:13:33 | INFO | First candle : 2023-11-13 09:07:00
2026-08-14 01:13:33 | INFO | Last candle  : 2023-11-13 15:31:00
2026-08-14 01:13:33 | INFO | Saved 2023-11-13: 378 candles -> data/raw/breeze\RELIND\1m\2023\11\2023-11-13.json
2026-08-14 01:13:33 | INFO | Saved 2023-11-14: 0 candles -> data/raw/breeze\RELIND\1m\2023\11\2023-11-14.json
2026-08-14 01:13:33 | INFO | Next trading day: 2023-11-15
2026-08-14 01:13:33 | INFO | Waiting 1.0 seconds...
2026-08-14 01:13:34 | INFO | 
2026-08-14 01:13:34 | INFO | ======================================================================
2026-08-14 01:13:34 | INFO | CHUNK #255
2026-08-14 01:13:34 | INFO | Trading days: 2023-11-15 -> 2023-11-16
2026-08-14 01:13:34 | INFO | Request: 2023-11-15T09:00:00.000Z -> 2023-11-16T15:45:00.000Z
2026-08-14 01:13:34 | INFO | ======================================================================
2026-08-14 01:13:34 | INFO | API request: 2023-11-15T09:00:00.000Z -> 2023-11-16T15:45:00.000Z (attempt 1/3)
2026-08-14 01:13:35 | INFO | Breeze returned 756 candles.
2026-08-14 01:13:35 | INFO | First candle : 2023-11-15 09:07:00
2026-08-14 01:13:35 | INFO | Last candle  : 2023-11-16 15:31:00
2026-08-14 01:13:35 | INFO | Saved 2023-11-15: 378 candles -> data/raw/breeze\RELIND\1m\2023\11\2023-11-15.json
2026-08-14 01:13:35 | INFO | Saved 2023-11-16: 378 candles -> data/raw/breeze\RELIND\1m\2023\11\2023-11-16.json
2026-08-14 01:13:35 | INFO | Next trading day: 2023-11-17
2026-08-14 01:13:35 | INFO | Waiting 1.0 seconds...
2026-08-14 01:13:36 | INFO | 
2026-08-14 01:13:36 | INFO | ======================================================================
2026-08-14 01:13:36 | INFO | CHUNK #256
2026-08-14 01:13:36 | INFO | Trading days: 2023-11-17 -> 2023-11-17
2026-08-14 01:13:36 | INFO | Request: 2023-11-17T09:00:00.000Z -> 2023-11-17T15:45:00.000Z
2026-08-14 01:13:36 | INFO | ======================================================================
2026-08-14 01:13:36 | INFO | API request: 2023-11-17T09:00:00.000Z -> 2023-11-17T15:45:00.000Z (attempt 1/3)
2026-08-14 01:13:36 | INFO | Breeze returned 378 candles.
2026-08-14 01:13:36 | INFO | First candle : 2023-11-17 09:07:00
2026-08-14 01:13:36 | INFO | Last candle  : 2023-11-17 15:31:00
2026-08-14 01:13:36 | INFO | Saved 2023-11-17: 378 candles -> data/raw/breeze\RELIND\1m\2023\11\2023-11-17.json
2026-08-14 01:13:36 | INFO | Next trading day: 2023-11-20
2026-08-14 01:13:36 | INFO | Waiting 1.0 seconds...
2026-08-14 01:13:37 | INFO | 
2026-08-14 01:13:37 | INFO | ======================================================================
2026-08-14 01:13:37 | INFO | CHUNK #257
2026-08-14 01:13:37 | INFO | Trading days: 2023-11-20 -> 2023-11-21
2026-08-14 01:13:37 | INFO | Request: 2023-11-20T09:00:00.000Z -> 2023-11-21T15:45:00.000Z
2026-08-14 01:13:37 | INFO | ======================================================================
2026-08-14 01:13:37 | INFO | API request: 2023-11-20T09:00:00.000Z -> 2023-11-21T15:45:00.000Z (attempt 1/3)
2026-08-14 01:13:38 | INFO | Breeze returned 755 candles.
2026-08-14 01:13:38 | INFO | First candle : 2023-11-20 09:07:00
2026-08-14 01:13:38 | INFO | Last candle  : 2023-11-21 15:32:00
2026-08-14 01:13:38 | INFO | Saved 2023-11-20: 378 candles -> data/raw/breeze\RELIND\1m\2023\11\2023-11-20.json
2026-08-14 01:13:38 | INFO | Saved 2023-11-21: 377 candles -> data/raw/breeze\RELIND\1m\2023\11\2023-11-21.json
2026-08-14 01:13:38 | INFO | Next trading day: 2023-11-22
2026-08-14 01:13:38 | INFO | Waiting 1.0 seconds...
2026-08-14 01:13:39 | INFO | 
2026-08-14 01:13:39 | INFO | ======================================================================
2026-08-14 01:13:39 | INFO | CHUNK #258
2026-08-14 01:13:39 | INFO | Trading days: 2023-11-22 -> 2023-11-23
2026-08-14 01:13:39 | INFO | Request: 2023-11-22T09:00:00.000Z -> 2023-11-23T15:45:00.000Z
2026-08-14 01:13:39 | INFO | ======================================================================
2026-08-14 01:13:39 | INFO | API request: 2023-11-22T09:00:00.000Z -> 2023-11-23T15:45:00.000Z (attempt 1/3)
2026-08-14 01:13:39 | INFO | Breeze returned 756 candles.
2026-08-14 01:13:39 | INFO | First candle : 2023-11-22 09:07:00
2026-08-14 01:13:39 | INFO | Last candle  : 2023-11-23 15:32:00
2026-08-14 01:13:39 | INFO | Saved 2023-11-22: 378 candles -> data/raw/breeze\RELIND\1m\2023\11\2023-11-22.json
2026-08-14 01:13:39 | INFO | Saved 2023-11-23: 378 candles -> data/raw/breeze\RELIND\1m\2023\11\2023-11-23.json
2026-08-14 01:13:39 | INFO | Next trading day: 2023-11-24
2026-08-14 01:13:39 | INFO | Waiting 1.0 seconds...
2026-08-14 01:13:40 | INFO | 
2026-08-14 01:13:40 | INFO | ======================================================================
2026-08-14 01:13:40 | INFO | CHUNK #259
2026-08-14 01:13:40 | INFO | Trading days: 2023-11-24 -> 2023-11-24
2026-08-14 01:13:40 | INFO | Request: 2023-11-24T09:00:00.000Z -> 2023-11-24T15:45:00.000Z
2026-08-14 01:13:40 | INFO | ======================================================================
2026-08-14 01:13:40 | INFO | API request: 2023-11-24T09:00:00.000Z -> 2023-11-24T15:45:00.000Z (attempt 1/3)
2026-08-14 01:13:40 | INFO | Breeze returned 377 candles.
2026-08-14 01:13:40 | INFO | First candle : 2023-11-24 09:07:00
2026-08-14 01:13:40 | INFO | Last candle  : 2023-11-24 15:31:00
2026-08-14 01:13:40 | INFO | Saved 2023-11-24: 377 candles -> data/raw/breeze\RELIND\1m\2023\11\2023-11-24.json
2026-08-14 01:13:40 | INFO | Next trading day: 2023-11-27
2026-08-14 01:13:40 | INFO | Waiting 1.0 seconds...
2026-08-14 01:13:41 | INFO | 
2026-08-14 01:13:41 | INFO | ======================================================================
2026-08-14 01:13:41 | INFO | CHUNK #260
2026-08-14 01:13:41 | INFO | Trading days: 2023-11-27 -> 2023-11-28
2026-08-14 01:13:41 | INFO | Request: 2023-11-27T09:00:00.000Z -> 2023-11-28T15:45:00.000Z
2026-08-14 01:13:41 | INFO | ======================================================================
2026-08-14 01:13:41 | INFO | API request: 2023-11-27T09:00:00.000Z -> 2023-11-28T15:45:00.000Z (attempt 1/3)
2026-08-14 01:13:42 | INFO | Breeze returned 378 candles.
2026-08-14 01:13:42 | INFO | First candle : 2023-11-28 09:07:00
2026-08-14 01:13:42 | INFO | Last candle  : 2023-11-28 15:31:00
2026-08-14 01:13:42 | INFO | Saved 2023-11-27: 0 candles -> data/raw/breeze\RELIND\1m\2023\11\2023-11-27.json
2026-08-14 01:13:42 | INFO | Saved 2023-11-28: 378 candles -> data/raw/breeze\RELIND\1m\2023\11\2023-11-28.json
2026-08-14 01:13:42 | INFO | Next trading day: 2023-11-29
2026-08-14 01:13:42 | INFO | Waiting 1.0 seconds...
2026-08-14 01:13:43 | INFO | 
2026-08-14 01:13:43 | INFO | ======================================================================
2026-08-14 01:13:43 | INFO | CHUNK #261
2026-08-14 01:13:43 | INFO | Trading days: 2023-11-29 -> 2023-11-30
2026-08-14 01:13:43 | INFO | Request: 2023-11-29T09:00:00.000Z -> 2023-11-30T15:45:00.000Z
2026-08-14 01:13:43 | INFO | ======================================================================
2026-08-14 01:13:43 | INFO | API request: 2023-11-29T09:00:00.000Z -> 2023-11-30T15:45:00.000Z (attempt 1/3)
2026-08-14 01:13:43 | INFO | Breeze returned 756 candles.
2026-08-14 01:13:43 | INFO | First candle : 2023-11-29 09:07:00
2026-08-14 01:13:43 | INFO | Last candle  : 2023-11-30 15:31:00
2026-08-14 01:13:43 | INFO | Saved 2023-11-29: 378 candles -> data/raw/breeze\RELIND\1m\2023\11\2023-11-29.json
2026-08-14 01:13:43 | INFO | Saved 2023-11-30: 378 candles -> data/raw/breeze\RELIND\1m\2023\11\2023-11-30.json
2026-08-14 01:13:43 | INFO | Next trading day: 2023-12-01
2026-08-14 01:13:43 | INFO | Waiting 1.0 seconds...
2026-08-14 01:13:44 | INFO | 
2026-08-14 01:13:44 | INFO | ======================================================================
2026-08-14 01:13:44 | INFO | CHUNK #262
2026-08-14 01:13:44 | INFO | Trading days: 2023-12-01 -> 2023-12-01
2026-08-14 01:13:44 | INFO | Request: 2023-12-01T09:00:00.000Z -> 2023-12-01T15:45:00.000Z
2026-08-14 01:13:44 | INFO | ======================================================================
2026-08-14 01:13:44 | INFO | API request: 2023-12-01T09:00:00.000Z -> 2023-12-01T15:45:00.000Z (attempt 1/3)
2026-08-14 01:13:45 | INFO | Breeze returned 378 candles.
2026-08-14 01:13:45 | INFO | First candle : 2023-12-01 09:07:00
2026-08-14 01:13:45 | INFO | Last candle  : 2023-12-01 15:31:00
2026-08-14 01:13:45 | INFO | Saved 2023-12-01: 378 candles -> data/raw/breeze\RELIND\1m\2023\12\2023-12-01.json
2026-08-14 01:13:45 | INFO | Next trading day: 2023-12-04
2026-08-14 01:13:45 | INFO | Waiting 1.0 seconds...
2026-08-14 01:13:46 | INFO | 
2026-08-14 01:13:46 | INFO | ======================================================================
2026-08-14 01:13:46 | INFO | CHUNK #263
2026-08-14 01:13:46 | INFO | Trading days: 2023-12-04 -> 2023-12-05
2026-08-14 01:13:46 | INFO | Request: 2023-12-04T09:00:00.000Z -> 2023-12-05T15:45:00.000Z
2026-08-14 01:13:46 | INFO | ======================================================================
2026-08-14 01:13:46 | INFO | API request: 2023-12-04T09:00:00.000Z -> 2023-12-05T15:45:00.000Z (attempt 1/3)
2026-08-14 01:13:49 | INFO | Breeze returned 756 candles.
2026-08-14 01:13:49 | INFO | First candle : 2023-12-04 09:07:00
2026-08-14 01:13:49 | INFO | Last candle  : 2023-12-05 15:31:00
2026-08-14 01:13:49 | INFO | Saved 2023-12-04: 378 candles -> data/raw/breeze\RELIND\1m\2023\12\2023-12-04.json
2026-08-14 01:13:49 | INFO | Saved 2023-12-05: 378 candles -> data/raw/breeze\RELIND\1m\2023\12\2023-12-05.json
2026-08-14 01:13:49 | INFO | Next trading day: 2023-12-06
2026-08-14 01:13:49 | INFO | Waiting 1.0 seconds...
2026-08-14 01:13:50 | INFO | 
2026-08-14 01:13:50 | INFO | ======================================================================
2026-08-14 01:13:50 | INFO | CHUNK #264
2026-08-14 01:13:50 | INFO | Trading days: 2023-12-06 -> 2023-12-07
2026-08-14 01:13:50 | INFO | Request: 2023-12-06T09:00:00.000Z -> 2023-12-07T15:45:00.000Z
2026-08-14 01:13:50 | INFO | ======================================================================
2026-08-14 01:13:50 | INFO | API request: 2023-12-06T09:00:00.000Z -> 2023-12-07T15:45:00.000Z (attempt 1/3)
2026-08-14 01:13:51 | INFO | Breeze returned 756 candles.
2026-08-14 01:13:51 | INFO | First candle : 2023-12-06 09:07:00
2026-08-14 01:13:51 | INFO | Last candle  : 2023-12-07 15:31:00
2026-08-14 01:13:51 | INFO | Saved 2023-12-06: 378 candles -> data/raw/breeze\RELIND\1m\2023\12\2023-12-06.json
2026-08-14 01:13:51 | INFO | Saved 2023-12-07: 378 candles -> data/raw/breeze\RELIND\1m\2023\12\2023-12-07.json
2026-08-14 01:13:51 | INFO | Next trading day: 2023-12-08
2026-08-14 01:13:51 | INFO | Waiting 1.0 seconds...
2026-08-14 01:13:52 | INFO | 
2026-08-14 01:13:52 | INFO | ======================================================================
2026-08-14 01:13:52 | INFO | CHUNK #265
2026-08-14 01:13:52 | INFO | Trading days: 2023-12-08 -> 2023-12-08
2026-08-14 01:13:52 | INFO | Request: 2023-12-08T09:00:00.000Z -> 2023-12-08T15:45:00.000Z
2026-08-14 01:13:52 | INFO | ======================================================================
2026-08-14 01:13:52 | INFO | API request: 2023-12-08T09:00:00.000Z -> 2023-12-08T15:45:00.000Z (attempt 1/3)
2026-08-14 01:13:52 | INFO | Breeze returned 378 candles.
2026-08-14 01:13:52 | INFO | First candle : 2023-12-08 09:07:00
2026-08-14 01:13:52 | INFO | Last candle  : 2023-12-08 15:31:00
2026-08-14 01:13:52 | INFO | Saved 2023-12-08: 378 candles -> data/raw/breeze\RELIND\1m\2023\12\2023-12-08.json
2026-08-14 01:13:52 | INFO | Next trading day: 2023-12-11
2026-08-14 01:13:52 | INFO | Waiting 1.0 seconds...
2026-08-14 01:13:53 | INFO | 
2026-08-14 01:13:53 | INFO | ======================================================================
2026-08-14 01:13:53 | INFO | CHUNK #266
2026-08-14 01:13:53 | INFO | Trading days: 2023-12-11 -> 2023-12-12
2026-08-14 01:13:53 | INFO | Request: 2023-12-11T09:00:00.000Z -> 2023-12-12T15:45:00.000Z
2026-08-14 01:13:53 | INFO | ======================================================================
2026-08-14 01:13:53 | INFO | API request: 2023-12-11T09:00:00.000Z -> 2023-12-12T15:45:00.000Z (attempt 1/3)
2026-08-14 01:13:54 | INFO | Breeze returned 756 candles.
2026-08-14 01:13:54 | INFO | First candle : 2023-12-11 09:07:00
2026-08-14 01:13:54 | INFO | Last candle  : 2023-12-12 15:31:00
2026-08-14 01:13:54 | INFO | Saved 2023-12-11: 378 candles -> data/raw/breeze\RELIND\1m\2023\12\2023-12-11.json
2026-08-14 01:13:54 | INFO | Saved 2023-12-12: 378 candles -> data/raw/breeze\RELIND\1m\2023\12\2023-12-12.json
2026-08-14 01:13:54 | INFO | Next trading day: 2023-12-13
2026-08-14 01:13:54 | INFO | Waiting 1.0 seconds...
2026-08-14 01:13:55 | INFO | 
2026-08-14 01:13:55 | INFO | ======================================================================
2026-08-14 01:13:55 | INFO | CHUNK #267
2026-08-14 01:13:55 | INFO | Trading days: 2023-12-13 -> 2023-12-14
2026-08-14 01:13:55 | INFO | Request: 2023-12-13T09:00:00.000Z -> 2023-12-14T15:45:00.000Z
2026-08-14 01:13:55 | INFO | ======================================================================
2026-08-14 01:13:55 | INFO | API request: 2023-12-13T09:00:00.000Z -> 2023-12-14T15:45:00.000Z (attempt 1/3)
2026-08-14 01:13:55 | INFO | Breeze returned 757 candles.
2026-08-14 01:13:55 | INFO | First candle : 2023-12-13 09:07:00
2026-08-14 01:13:55 | INFO | Last candle  : 2023-12-14 15:37:00
2026-08-14 01:13:55 | INFO | Saved 2023-12-13: 378 candles -> data/raw/breeze\RELIND\1m\2023\12\2023-12-13.json
2026-08-14 01:13:55 | INFO | Saved 2023-12-14: 379 candles -> data/raw/breeze\RELIND\1m\2023\12\2023-12-14.json
2026-08-14 01:13:55 | INFO | Next trading day: 2023-12-15
2026-08-14 01:13:55 | INFO | Waiting 1.0 seconds...
2026-08-14 01:13:56 | INFO | 
2026-08-14 01:13:56 | INFO | ======================================================================
2026-08-14 01:13:56 | INFO | CHUNK #268
2026-08-14 01:13:56 | INFO | Trading days: 2023-12-15 -> 2023-12-15
2026-08-14 01:13:56 | INFO | Request: 2023-12-15T09:00:00.000Z -> 2023-12-15T15:45:00.000Z
2026-08-14 01:13:56 | INFO | ======================================================================
2026-08-14 01:13:56 | INFO | API request: 2023-12-15T09:00:00.000Z -> 2023-12-15T15:45:00.000Z (attempt 1/3)
2026-08-14 01:13:56 | INFO | Breeze returned 378 candles.
2026-08-14 01:13:56 | INFO | First candle : 2023-12-15 09:07:00
2026-08-14 01:13:56 | INFO | Last candle  : 2023-12-15 15:31:00
2026-08-14 01:13:56 | INFO | Saved 2023-12-15: 378 candles -> data/raw/breeze\RELIND\1m\2023\12\2023-12-15.json
2026-08-14 01:13:56 | INFO | Next trading day: 2023-12-18
2026-08-14 01:13:56 | INFO | Waiting 1.0 seconds...
2026-08-14 01:13:57 | INFO | 
2026-08-14 01:13:57 | INFO | ======================================================================
2026-08-14 01:13:57 | INFO | CHUNK #269
2026-08-14 01:13:57 | INFO | Trading days: 2023-12-18 -> 2023-12-19
2026-08-14 01:13:57 | INFO | Request: 2023-12-18T09:00:00.000Z -> 2023-12-19T15:45:00.000Z
2026-08-14 01:13:57 | INFO | ======================================================================
2026-08-14 01:13:57 | INFO | API request: 2023-12-18T09:00:00.000Z -> 2023-12-19T15:45:00.000Z (attempt 1/3)
2026-08-14 01:13:58 | INFO | Breeze returned 756 candles.
2026-08-14 01:13:58 | INFO | First candle : 2023-12-18 09:07:00
2026-08-14 01:13:58 | INFO | Last candle  : 2023-12-19 15:31:00
2026-08-14 01:13:58 | INFO | Saved 2023-12-18: 378 candles -> data/raw/breeze\RELIND\1m\2023\12\2023-12-18.json
2026-08-14 01:13:58 | INFO | Saved 2023-12-19: 378 candles -> data/raw/breeze\RELIND\1m\2023\12\2023-12-19.json
2026-08-14 01:13:58 | INFO | Next trading day: 2023-12-20
2026-08-14 01:13:58 | INFO | Waiting 1.0 seconds...
2026-08-14 01:13:59 | INFO | 
2026-08-14 01:13:59 | INFO | ======================================================================
2026-08-14 01:13:59 | INFO | CHUNK #270
2026-08-14 01:13:59 | INFO | Trading days: 2023-12-20 -> 2023-12-21
2026-08-14 01:13:59 | INFO | Request: 2023-12-20T09:00:00.000Z -> 2023-12-21T15:45:00.000Z
2026-08-14 01:13:59 | INFO | ======================================================================
2026-08-14 01:13:59 | INFO | API request: 2023-12-20T09:00:00.000Z -> 2023-12-21T15:45:00.000Z (attempt 1/3)
2026-08-14 01:13:59 | INFO | Breeze returned 757 candles.
2026-08-14 01:13:59 | INFO | First candle : 2023-12-20 09:07:00
2026-08-14 01:13:59 | INFO | Last candle  : 2023-12-21 15:31:00
2026-08-14 01:13:59 | INFO | Saved 2023-12-20: 379 candles -> data/raw/breeze\RELIND\1m\2023\12\2023-12-20.json
2026-08-14 01:13:59 | INFO | Saved 2023-12-21: 378 candles -> data/raw/breeze\RELIND\1m\2023\12\2023-12-21.json
2026-08-14 01:13:59 | INFO | Next trading day: 2023-12-22
2026-08-14 01:13:59 | INFO | Waiting 1.0 seconds...
2026-08-14 01:14:00 | INFO | 
2026-08-14 01:14:00 | INFO | ======================================================================
2026-08-14 01:14:00 | INFO | CHUNK #271
2026-08-14 01:14:00 | INFO | Trading days: 2023-12-22 -> 2023-12-22
2026-08-14 01:14:00 | INFO | Request: 2023-12-22T09:00:00.000Z -> 2023-12-22T15:45:00.000Z
2026-08-14 01:14:00 | INFO | ======================================================================
2026-08-14 01:14:00 | INFO | API request: 2023-12-22T09:00:00.000Z -> 2023-12-22T15:45:00.000Z (attempt 1/3)
2026-08-14 01:14:00 | INFO | Breeze returned 377 candles.
2026-08-14 01:14:00 | INFO | First candle : 2023-12-22 09:07:00
2026-08-14 01:14:00 | INFO | Last candle  : 2023-12-22 15:32:00
2026-08-14 01:14:00 | INFO | Saved 2023-12-22: 377 candles -> data/raw/breeze\RELIND\1m\2023\12\2023-12-22.json
2026-08-14 01:14:00 | INFO | Next trading day: 2023-12-25
2026-08-14 01:14:00 | INFO | Waiting 1.0 seconds...
2026-08-14 01:14:01 | INFO | 
2026-08-14 01:14:01 | INFO | ======================================================================
2026-08-14 01:14:01 | INFO | CHUNK #272
2026-08-14 01:14:01 | INFO | Trading days: 2023-12-25 -> 2023-12-26
2026-08-14 01:14:01 | INFO | Request: 2023-12-25T09:00:00.000Z -> 2023-12-26T15:45:00.000Z
2026-08-14 01:14:01 | INFO | ======================================================================
2026-08-14 01:14:01 | INFO | API request: 2023-12-25T09:00:00.000Z -> 2023-12-26T15:45:00.000Z (attempt 1/3)
2026-08-14 01:14:01 | INFO | Breeze returned 378 candles.
2026-08-14 01:14:01 | INFO | First candle : 2023-12-26 09:07:00
2026-08-14 01:14:01 | INFO | Last candle  : 2023-12-26 15:31:00
2026-08-14 01:14:01 | INFO | Saved 2023-12-25: 0 candles -> data/raw/breeze\RELIND\1m\2023\12\2023-12-25.json
2026-08-14 01:14:01 | INFO | Saved 2023-12-26: 378 candles -> data/raw/breeze\RELIND\1m\2023\12\2023-12-26.json
2026-08-14 01:14:01 | INFO | Next trading day: 2023-12-27
2026-08-14 01:14:01 | INFO | Waiting 1.0 seconds...
2026-08-14 01:14:02 | INFO | 
2026-08-14 01:14:02 | INFO | ======================================================================
2026-08-14 01:14:02 | INFO | CHUNK #273
2026-08-14 01:14:02 | INFO | Trading days: 2023-12-27 -> 2023-12-28
2026-08-14 01:14:02 | INFO | Request: 2023-12-27T09:00:00.000Z -> 2023-12-28T15:45:00.000Z
2026-08-14 01:14:02 | INFO | ======================================================================
2026-08-14 01:14:02 | INFO | API request: 2023-12-27T09:00:00.000Z -> 2023-12-28T15:45:00.000Z (attempt 1/3)
2026-08-14 01:14:03 | INFO | Breeze returned 756 candles.
2026-08-14 01:14:03 | INFO | First candle : 2023-12-27 09:08:00
2026-08-14 01:14:03 | INFO | Last candle  : 2023-12-28 15:31:00
2026-08-14 01:14:03 | INFO | Saved 2023-12-27: 378 candles -> data/raw/breeze\RELIND\1m\2023\12\2023-12-27.json
2026-08-14 01:14:03 | INFO | Saved 2023-12-28: 378 candles -> data/raw/breeze\RELIND\1m\2023\12\2023-12-28.json
2026-08-14 01:14:03 | INFO | Next trading day: 2023-12-29
2026-08-14 01:14:03 | INFO | Waiting 1.0 seconds...
2026-08-14 01:14:04 | INFO | 
2026-08-14 01:14:04 | INFO | ======================================================================
2026-08-14 01:14:04 | INFO | CHUNK #274
2026-08-14 01:14:04 | INFO | Trading days: 2023-12-29 -> 2023-12-29
2026-08-14 01:14:04 | INFO | Request: 2023-12-29T09:00:00.000Z -> 2023-12-29T15:45:00.000Z
2026-08-14 01:14:04 | INFO | ======================================================================
2026-08-14 01:14:04 | INFO | API request: 2023-12-29T09:00:00.000Z -> 2023-12-29T15:45:00.000Z (attempt 1/3)
2026-08-14 01:14:04 | INFO | Breeze returned 378 candles.
2026-08-14 01:14:04 | INFO | First candle : 2023-12-29 09:07:00
2026-08-14 01:14:04 | INFO | Last candle  : 2023-12-29 15:31:00
2026-08-14 01:14:04 | INFO | Saved 2023-12-29: 378 candles -> data/raw/breeze\RELIND\1m\2023\12\2023-12-29.json
2026-08-14 01:14:04 | INFO | Next trading day: 2024-01-01
2026-08-14 01:14:04 | INFO | Waiting 1.0 seconds...
2026-08-14 01:14:05 | INFO | 
2026-08-14 01:14:05 | INFO | ======================================================================
2026-08-14 01:14:05 | INFO | CHUNK #275
2026-08-14 01:14:05 | INFO | Trading days: 2024-01-01 -> 2024-01-02
2026-08-14 01:14:05 | INFO | Request: 2024-01-01T09:00:00.000Z -> 2024-01-02T15:45:00.000Z
2026-08-14 01:14:05 | INFO | ======================================================================
2026-08-14 01:14:05 | INFO | API request: 2024-01-01T09:00:00.000Z -> 2024-01-02T15:45:00.000Z (attempt 1/3)
2026-08-14 01:14:06 | INFO | Breeze returned 756 candles.
2026-08-14 01:14:06 | INFO | First candle : 2024-01-01 09:07:00
2026-08-14 01:14:06 | INFO | Last candle  : 2024-01-02 15:32:00
2026-08-14 01:14:06 | INFO | Saved 2024-01-01: 378 candles -> data/raw/breeze\RELIND\1m\2024\01\2024-01-01.json
2026-08-14 01:14:06 | INFO | Saved 2024-01-02: 378 candles -> data/raw/breeze\RELIND\1m\2024\01\2024-01-02.json
2026-08-14 01:14:06 | INFO | Next trading day: 2024-01-03
2026-08-14 01:14:06 | INFO | Waiting 1.0 seconds...
2026-08-14 01:14:07 | INFO | 
2026-08-14 01:14:07 | INFO | ======================================================================
2026-08-14 01:14:07 | INFO | CHUNK #276
2026-08-14 01:14:07 | INFO | Trading days: 2024-01-03 -> 2024-01-04
2026-08-14 01:14:07 | INFO | Request: 2024-01-03T09:00:00.000Z -> 2024-01-04T15:45:00.000Z
2026-08-14 01:14:07 | INFO | ======================================================================
2026-08-14 01:14:07 | INFO | API request: 2024-01-03T09:00:00.000Z -> 2024-01-04T15:45:00.000Z (attempt 1/3)
2026-08-14 01:14:07 | INFO | Breeze returned 756 candles.
2026-08-14 01:14:07 | INFO | First candle : 2024-01-03 09:07:00
2026-08-14 01:14:07 | INFO | Last candle  : 2024-01-04 15:32:00
2026-08-14 01:14:07 | INFO | Saved 2024-01-03: 378 candles -> data/raw/breeze\RELIND\1m\2024\01\2024-01-03.json
2026-08-14 01:14:07 | INFO | Saved 2024-01-04: 378 candles -> data/raw/breeze\RELIND\1m\2024\01\2024-01-04.json
2026-08-14 01:14:07 | INFO | Next trading day: 2024-01-05
2026-08-14 01:14:07 | INFO | Waiting 1.0 seconds...
2026-08-14 01:14:08 | INFO | 
2026-08-14 01:14:08 | INFO | ======================================================================
2026-08-14 01:14:08 | INFO | CHUNK #277
2026-08-14 01:14:08 | INFO | Trading days: 2024-01-05 -> 2024-01-05
2026-08-14 01:14:08 | INFO | Request: 2024-01-05T09:00:00.000Z -> 2024-01-05T15:45:00.000Z
2026-08-14 01:14:08 | INFO | ======================================================================
2026-08-14 01:14:08 | INFO | API request: 2024-01-05T09:00:00.000Z -> 2024-01-05T15:45:00.000Z (attempt 1/3)
2026-08-14 01:14:08 | INFO | Breeze returned 379 candles.
2026-08-14 01:14:08 | INFO | First candle : 2024-01-05 09:07:00
2026-08-14 01:14:08 | INFO | Last candle  : 2024-01-05 15:38:00
2026-08-14 01:14:08 | INFO | Saved 2024-01-05: 379 candles -> data/raw/breeze\RELIND\1m\2024\01\2024-01-05.json
2026-08-14 01:14:08 | INFO | Next trading day: 2024-01-08
2026-08-14 01:14:08 | INFO | Waiting 1.0 seconds...
2026-08-14 01:14:09 | INFO | 
2026-08-14 01:14:09 | INFO | ======================================================================
2026-08-14 01:14:09 | INFO | CHUNK #278
2026-08-14 01:14:09 | INFO | Trading days: 2024-01-08 -> 2024-01-09
2026-08-14 01:14:09 | INFO | Request: 2024-01-08T09:00:00.000Z -> 2024-01-09T15:45:00.000Z
2026-08-14 01:14:09 | INFO | ======================================================================
2026-08-14 01:14:09 | INFO | API request: 2024-01-08T09:00:00.000Z -> 2024-01-09T15:45:00.000Z (attempt 1/3)
2026-08-14 01:14:10 | INFO | Breeze returned 758 candles.
2026-08-14 01:14:10 | INFO | First candle : 2024-01-08 09:07:00
2026-08-14 01:14:10 | INFO | Last candle  : 2024-01-09 15:39:00
2026-08-14 01:14:10 | INFO | Saved 2024-01-08: 379 candles -> data/raw/breeze\RELIND\1m\2024\01\2024-01-08.json
2026-08-14 01:14:10 | INFO | Saved 2024-01-09: 379 candles -> data/raw/breeze\RELIND\1m\2024\01\2024-01-09.json
2026-08-14 01:14:10 | INFO | Next trading day: 2024-01-10
2026-08-14 01:14:10 | INFO | Waiting 1.0 seconds...
2026-08-14 01:14:11 | INFO | 
2026-08-14 01:14:11 | INFO | ======================================================================
2026-08-14 01:14:11 | INFO | CHUNK #279
2026-08-14 01:14:11 | INFO | Trading days: 2024-01-10 -> 2024-01-11
2026-08-14 01:14:11 | INFO | Request: 2024-01-10T09:00:00.000Z -> 2024-01-11T15:45:00.000Z
2026-08-14 01:14:11 | INFO | ======================================================================
2026-08-14 01:14:11 | INFO | API request: 2024-01-10T09:00:00.000Z -> 2024-01-11T15:45:00.000Z (attempt 1/3)
2026-08-14 01:14:11 | INFO | Breeze returned 756 candles.
2026-08-14 01:14:11 | INFO | First candle : 2024-01-10 09:07:00
2026-08-14 01:14:11 | INFO | Last candle  : 2024-01-11 15:32:00
2026-08-14 01:14:11 | INFO | Saved 2024-01-10: 379 candles -> data/raw/breeze\RELIND\1m\2024\01\2024-01-10.json
2026-08-14 01:14:11 | INFO | Saved 2024-01-11: 377 candles -> data/raw/breeze\RELIND\1m\2024\01\2024-01-11.json
2026-08-14 01:14:11 | INFO | Next trading day: 2024-01-12
2026-08-14 01:14:11 | INFO | Waiting 1.0 seconds...
2026-08-14 01:14:12 | INFO | 
2026-08-14 01:14:12 | INFO | ======================================================================
2026-08-14 01:14:12 | INFO | CHUNK #280
2026-08-14 01:14:12 | INFO | Trading days: 2024-01-12 -> 2024-01-12
2026-08-14 01:14:12 | INFO | Request: 2024-01-12T09:00:00.000Z -> 2024-01-12T15:45:00.000Z
2026-08-14 01:14:12 | INFO | ======================================================================
2026-08-14 01:14:12 | INFO | API request: 2024-01-12T09:00:00.000Z -> 2024-01-12T15:45:00.000Z (attempt 1/3)
2026-08-14 01:14:13 | INFO | Breeze returned 378 candles.
2026-08-14 01:14:13 | INFO | First candle : 2024-01-12 09:07:00
2026-08-14 01:14:13 | INFO | Last candle  : 2024-01-12 15:32:00
2026-08-14 01:14:13 | INFO | Saved 2024-01-12: 378 candles -> data/raw/breeze\RELIND\1m\2024\01\2024-01-12.json
2026-08-14 01:14:13 | INFO | Next trading day: 2024-01-15
2026-08-14 01:14:13 | INFO | Waiting 1.0 seconds...
2026-08-14 01:14:14 | INFO | 
2026-08-14 01:14:14 | INFO | ======================================================================
2026-08-14 01:14:14 | INFO | CHUNK #281
2026-08-14 01:14:14 | INFO | Trading days: 2024-01-15 -> 2024-01-16
2026-08-14 01:14:14 | INFO | Request: 2024-01-15T09:00:00.000Z -> 2024-01-16T15:45:00.000Z
2026-08-14 01:14:14 | INFO | ======================================================================
2026-08-14 01:14:14 | INFO | API request: 2024-01-15T09:00:00.000Z -> 2024-01-16T15:45:00.000Z (attempt 1/3)
2026-08-14 01:14:14 | INFO | Breeze returned 756 candles.
2026-08-14 01:14:14 | INFO | First candle : 2024-01-15 09:07:00
2026-08-14 01:14:14 | INFO | Last candle  : 2024-01-16 15:32:00
2026-08-14 01:14:14 | INFO | Saved 2024-01-15: 378 candles -> data/raw/breeze\RELIND\1m\2024\01\2024-01-15.json
2026-08-14 01:14:14 | INFO | Saved 2024-01-16: 378 candles -> data/raw/breeze\RELIND\1m\2024\01\2024-01-16.json
2026-08-14 01:14:14 | INFO | Next trading day: 2024-01-17
2026-08-14 01:14:14 | INFO | Waiting 1.0 seconds...
2026-08-14 01:14:15 | INFO | 
2026-08-14 01:14:15 | INFO | ======================================================================
2026-08-14 01:14:15 | INFO | CHUNK #282
2026-08-14 01:14:15 | INFO | Trading days: 2024-01-17 -> 2024-01-18
2026-08-14 01:14:15 | INFO | Request: 2024-01-17T09:00:00.000Z -> 2024-01-18T15:45:00.000Z
2026-08-14 01:14:15 | INFO | ======================================================================
2026-08-14 01:14:15 | INFO | API request: 2024-01-17T09:00:00.000Z -> 2024-01-18T15:45:00.000Z (attempt 1/3)
2026-08-14 01:14:16 | INFO | Breeze returned 756 candles.
2026-08-14 01:14:16 | INFO | First candle : 2024-01-17 09:07:00
2026-08-14 01:14:16 | INFO | Last candle  : 2024-01-18 15:32:00
2026-08-14 01:14:16 | INFO | Saved 2024-01-17: 378 candles -> data/raw/breeze\RELIND\1m\2024\01\2024-01-17.json
2026-08-14 01:14:16 | INFO | Saved 2024-01-18: 378 candles -> data/raw/breeze\RELIND\1m\2024\01\2024-01-18.json
2026-08-14 01:14:16 | INFO | Next trading day: 2024-01-19
2026-08-14 01:14:16 | INFO | Waiting 1.0 seconds...
2026-08-14 01:14:17 | INFO | 
2026-08-14 01:14:17 | INFO | ======================================================================
2026-08-14 01:14:17 | INFO | CHUNK #283
2026-08-14 01:14:17 | INFO | Trading days: 2024-01-19 -> 2024-01-19
2026-08-14 01:14:17 | INFO | Request: 2024-01-19T09:00:00.000Z -> 2024-01-19T15:45:00.000Z
2026-08-14 01:14:17 | INFO | ======================================================================
2026-08-14 01:14:17 | INFO | API request: 2024-01-19T09:00:00.000Z -> 2024-01-19T15:45:00.000Z (attempt 1/3)
2026-08-14 01:14:17 | INFO | Breeze returned 378 candles.
2026-08-14 01:14:17 | INFO | First candle : 2024-01-19 09:07:00
2026-08-14 01:14:17 | INFO | Last candle  : 2024-01-19 15:32:00
2026-08-14 01:14:17 | INFO | Saved 2024-01-19: 378 candles -> data/raw/breeze\RELIND\1m\2024\01\2024-01-19.json
2026-08-14 01:14:17 | INFO | Next trading day: 2024-01-22
2026-08-14 01:14:17 | INFO | Waiting 1.0 seconds...
2026-08-14 01:14:18 | INFO | 
2026-08-14 01:14:18 | INFO | ======================================================================
2026-08-14 01:14:18 | INFO | CHUNK #284
2026-08-14 01:14:18 | INFO | Trading days: 2024-01-22 -> 2024-01-23
2026-08-14 01:14:18 | INFO | Request: 2024-01-22T09:00:00.000Z -> 2024-01-23T15:45:00.000Z
2026-08-14 01:14:18 | INFO | ======================================================================
2026-08-14 01:14:18 | INFO | API request: 2024-01-22T09:00:00.000Z -> 2024-01-23T15:45:00.000Z (attempt 1/3)
2026-08-14 01:14:18 | INFO | Breeze returned 380 candles.
2026-08-14 01:14:18 | INFO | First candle : 2024-01-23 09:07:00
2026-08-14 01:14:18 | INFO | Last candle  : 2024-01-23 15:36:00
2026-08-14 01:14:18 | INFO | Saved 2024-01-22: 0 candles -> data/raw/breeze\RELIND\1m\2024\01\2024-01-22.json
2026-08-14 01:14:18 | INFO | Saved 2024-01-23: 380 candles -> data/raw/breeze\RELIND\1m\2024\01\2024-01-23.json
2026-08-14 01:14:18 | INFO | Next trading day: 2024-01-24
2026-08-14 01:14:18 | INFO | Waiting 1.0 seconds...
2026-08-14 01:14:19 | INFO | 
2026-08-14 01:14:19 | INFO | ======================================================================
2026-08-14 01:14:19 | INFO | CHUNK #285
2026-08-14 01:14:19 | INFO | Trading days: 2024-01-24 -> 2024-01-25
2026-08-14 01:14:19 | INFO | Request: 2024-01-24T09:00:00.000Z -> 2024-01-25T15:45:00.000Z
2026-08-14 01:14:19 | INFO | ======================================================================
2026-08-14 01:14:19 | INFO | API request: 2024-01-24T09:00:00.000Z -> 2024-01-25T15:45:00.000Z (attempt 1/3)
2026-08-14 01:14:20 | INFO | Breeze returned 757 candles.
2026-08-14 01:14:20 | INFO | First candle : 2024-01-24 09:07:00
2026-08-14 01:14:20 | INFO | Last candle  : 2024-01-25 15:36:00
2026-08-14 01:14:20 | INFO | Saved 2024-01-24: 378 candles -> data/raw/breeze\RELIND\1m\2024\01\2024-01-24.json
2026-08-14 01:14:20 | INFO | Saved 2024-01-25: 379 candles -> data/raw/breeze\RELIND\1m\2024\01\2024-01-25.json
2026-08-14 01:14:20 | INFO | Next trading day: 2024-01-26
2026-08-14 01:14:20 | INFO | Waiting 1.0 seconds...
2026-08-14 01:14:21 | INFO | 
2026-08-14 01:14:21 | INFO | ======================================================================
2026-08-14 01:14:21 | INFO | CHUNK #286
2026-08-14 01:14:21 | INFO | Trading days: 2024-01-26 -> 2024-01-26
2026-08-14 01:14:21 | INFO | Request: 2024-01-26T09:00:00.000Z -> 2024-01-26T15:45:00.000Z
2026-08-14 01:14:21 | INFO | ======================================================================
2026-08-14 01:14:21 | INFO | API request: 2024-01-26T09:00:00.000Z -> 2024-01-26T15:45:00.000Z (attempt 1/3)
2026-08-14 01:14:21 | INFO | Breeze returned 0 candles.
2026-08-14 01:14:21 | INFO | Saved 2024-01-26: 0 candles -> data/raw/breeze\RELIND\1m\2024\01\2024-01-26.json
2026-08-14 01:14:21 | INFO | Next trading day: 2024-01-29
2026-08-14 01:14:21 | INFO | Waiting 1.0 seconds...
2026-08-14 01:14:22 | INFO | 
2026-08-14 01:14:22 | INFO | ======================================================================
2026-08-14 01:14:22 | INFO | CHUNK #287
2026-08-14 01:14:22 | INFO | Trading days: 2024-01-29 -> 2024-01-30
2026-08-14 01:14:22 | INFO | Request: 2024-01-29T09:00:00.000Z -> 2024-01-30T15:45:00.000Z
2026-08-14 01:14:22 | INFO | ======================================================================
2026-08-14 01:14:22 | INFO | API request: 2024-01-29T09:00:00.000Z -> 2024-01-30T15:45:00.000Z (attempt 1/3)
2026-08-14 01:14:22 | INFO | Breeze returned 758 candles.
2026-08-14 01:14:22 | INFO | First candle : 2024-01-29 09:07:00
2026-08-14 01:14:22 | INFO | Last candle  : 2024-01-30 15:33:00
2026-08-14 01:14:22 | INFO | Saved 2024-01-29: 379 candles -> data/raw/breeze\RELIND\1m\2024\01\2024-01-29.json
2026-08-14 01:14:22 | INFO | Saved 2024-01-30: 379 candles -> data/raw/breeze\RELIND\1m\2024\01\2024-01-30.json
2026-08-14 01:14:22 | INFO | Next trading day: 2024-01-31
2026-08-14 01:14:22 | INFO | Waiting 1.0 seconds...
2026-08-14 01:14:23 | INFO | 
2026-08-14 01:14:23 | INFO | ======================================================================
2026-08-14 01:14:23 | INFO | CHUNK #288
2026-08-14 01:14:23 | INFO | Trading days: 2024-01-31 -> 2024-02-01
2026-08-14 01:14:23 | INFO | Request: 2024-01-31T09:00:00.000Z -> 2024-02-01T15:45:00.000Z
2026-08-14 01:14:23 | INFO | ======================================================================
2026-08-14 01:14:23 | INFO | API request: 2024-01-31T09:00:00.000Z -> 2024-02-01T15:45:00.000Z (attempt 1/3)
2026-08-14 01:14:24 | INFO | Breeze returned 755 candles.
2026-08-14 01:14:24 | INFO | First candle : 2024-01-31 09:07:00
2026-08-14 01:14:24 | INFO | Last candle  : 2024-02-01 15:32:00
2026-08-14 01:14:24 | INFO | Saved 2024-01-31: 378 candles -> data/raw/breeze\RELIND\1m\2024\01\2024-01-31.json
2026-08-14 01:14:24 | INFO | Saved 2024-02-01: 377 candles -> data/raw/breeze\RELIND\1m\2024\02\2024-02-01.json
2026-08-14 01:14:24 | INFO | Next trading day: 2024-02-02
2026-08-14 01:14:24 | INFO | Waiting 1.0 seconds...
2026-08-14 01:14:25 | INFO | 
2026-08-14 01:14:25 | INFO | ======================================================================
2026-08-14 01:14:25 | INFO | CHUNK #289
2026-08-14 01:14:25 | INFO | Trading days: 2024-02-02 -> 2024-02-02
2026-08-14 01:14:25 | INFO | Request: 2024-02-02T09:00:00.000Z -> 2024-02-02T15:45:00.000Z
2026-08-14 01:14:25 | INFO | ======================================================================
2026-08-14 01:14:25 | INFO | API request: 2024-02-02T09:00:00.000Z -> 2024-02-02T15:45:00.000Z (attempt 1/3)
2026-08-14 01:14:25 | INFO | Breeze returned 379 candles.
2026-08-14 01:14:25 | INFO | First candle : 2024-02-02 09:08:00
2026-08-14 01:14:25 | INFO | Last candle  : 2024-02-02 15:31:00
2026-08-14 01:14:25 | INFO | Saved 2024-02-02: 379 candles -> data/raw/breeze\RELIND\1m\2024\02\2024-02-02.json
2026-08-14 01:14:25 | INFO | Next trading day: 2024-02-05
2026-08-14 01:14:25 | INFO | Waiting 1.0 seconds...
2026-08-14 01:14:26 | INFO | 
2026-08-14 01:14:26 | INFO | ======================================================================
2026-08-14 01:14:26 | INFO | CHUNK #290
2026-08-14 01:14:26 | INFO | Trading days: 2024-02-05 -> 2024-02-06
2026-08-14 01:14:26 | INFO | Request: 2024-02-05T09:00:00.000Z -> 2024-02-06T15:45:00.000Z
2026-08-14 01:14:26 | INFO | ======================================================================
2026-08-14 01:14:26 | INFO | API request: 2024-02-05T09:00:00.000Z -> 2024-02-06T15:45:00.000Z (attempt 1/3)
2026-08-14 01:14:26 | INFO | Breeze returned 756 candles.
2026-08-14 01:14:26 | INFO | First candle : 2024-02-05 09:07:00
2026-08-14 01:14:26 | INFO | Last candle  : 2024-02-06 15:32:00
2026-08-14 01:14:26 | INFO | Saved 2024-02-05: 378 candles -> data/raw/breeze\RELIND\1m\2024\02\2024-02-05.json
2026-08-14 01:14:26 | INFO | Saved 2024-02-06: 378 candles -> data/raw/breeze\RELIND\1m\2024\02\2024-02-06.json
2026-08-14 01:14:26 | INFO | Next trading day: 2024-02-07
2026-08-14 01:14:26 | INFO | Waiting 1.0 seconds...
2026-08-14 01:14:27 | INFO | 
2026-08-14 01:14:27 | INFO | ======================================================================
2026-08-14 01:14:27 | INFO | CHUNK #291
2026-08-14 01:14:27 | INFO | Trading days: 2024-02-07 -> 2024-02-08
2026-08-14 01:14:27 | INFO | Request: 2024-02-07T09:00:00.000Z -> 2024-02-08T15:45:00.000Z
2026-08-14 01:14:27 | INFO | ======================================================================
2026-08-14 01:14:27 | INFO | API request: 2024-02-07T09:00:00.000Z -> 2024-02-08T15:45:00.000Z (attempt 1/3)
2026-08-14 01:14:27 | INFO | Breeze returned 757 candles.
2026-08-14 01:14:27 | INFO | First candle : 2024-02-07 09:07:00
2026-08-14 01:14:27 | INFO | Last candle  : 2024-02-08 15:31:00
2026-08-14 01:14:27 | INFO | Saved 2024-02-07: 379 candles -> data/raw/breeze\RELIND\1m\2024\02\2024-02-07.json
2026-08-14 01:14:27 | INFO | Saved 2024-02-08: 378 candles -> data/raw/breeze\RELIND\1m\2024\02\2024-02-08.json
2026-08-14 01:14:27 | INFO | Next trading day: 2024-02-09
2026-08-14 01:14:27 | INFO | Waiting 1.0 seconds...
2026-08-14 01:14:28 | INFO | 
2026-08-14 01:14:28 | INFO | ======================================================================
2026-08-14 01:14:28 | INFO | CHUNK #292
2026-08-14 01:14:28 | INFO | Trading days: 2024-02-09 -> 2024-02-09
2026-08-14 01:14:28 | INFO | Request: 2024-02-09T09:00:00.000Z -> 2024-02-09T15:45:00.000Z
2026-08-14 01:14:28 | INFO | ======================================================================
2026-08-14 01:14:28 | INFO | API request: 2024-02-09T09:00:00.000Z -> 2024-02-09T15:45:00.000Z (attempt 1/3)
2026-08-14 01:14:29 | INFO | Breeze returned 378 candles.
2026-08-14 01:14:29 | INFO | First candle : 2024-02-09 09:07:00
2026-08-14 01:14:29 | INFO | Last candle  : 2024-02-09 15:31:00
2026-08-14 01:14:29 | INFO | Saved 2024-02-09: 378 candles -> data/raw/breeze\RELIND\1m\2024\02\2024-02-09.json
2026-08-14 01:14:29 | INFO | Next trading day: 2024-02-12
2026-08-14 01:14:29 | INFO | Waiting 1.0 seconds...
2026-08-14 01:14:30 | INFO | 
2026-08-14 01:14:30 | INFO | ======================================================================
2026-08-14 01:14:30 | INFO | CHUNK #293
2026-08-14 01:14:30 | INFO | Trading days: 2024-02-12 -> 2024-02-13
2026-08-14 01:14:30 | INFO | Request: 2024-02-12T09:00:00.000Z -> 2024-02-13T15:45:00.000Z
2026-08-14 01:14:30 | INFO | ======================================================================
2026-08-14 01:14:30 | INFO | API request: 2024-02-12T09:00:00.000Z -> 2024-02-13T15:45:00.000Z (attempt 1/3)
2026-08-14 01:14:30 | INFO | Breeze returned 756 candles.
2026-08-14 01:14:30 | INFO | First candle : 2024-02-12 09:07:00
2026-08-14 01:14:30 | INFO | Last candle  : 2024-02-13 15:31:00
2026-08-14 01:14:30 | INFO | Saved 2024-02-12: 378 candles -> data/raw/breeze\RELIND\1m\2024\02\2024-02-12.json
2026-08-14 01:14:30 | INFO | Saved 2024-02-13: 378 candles -> data/raw/breeze\RELIND\1m\2024\02\2024-02-13.json
2026-08-14 01:14:30 | INFO | Next trading day: 2024-02-14
2026-08-14 01:14:30 | INFO | Waiting 1.0 seconds...
2026-08-14 01:14:31 | INFO | 
2026-08-14 01:14:31 | INFO | ======================================================================
2026-08-14 01:14:31 | INFO | CHUNK #294
2026-08-14 01:14:31 | INFO | Trading days: 2024-02-14 -> 2024-02-15
2026-08-14 01:14:31 | INFO | Request: 2024-02-14T09:00:00.000Z -> 2024-02-15T15:45:00.000Z
2026-08-14 01:14:31 | INFO | ======================================================================
2026-08-14 01:14:31 | INFO | API request: 2024-02-14T09:00:00.000Z -> 2024-02-15T15:45:00.000Z (attempt 1/3)
2026-08-14 01:14:32 | INFO | Breeze returned 755 candles.
2026-08-14 01:14:32 | INFO | First candle : 2024-02-14 09:07:00
2026-08-14 01:14:32 | INFO | Last candle  : 2024-02-15 15:31:00
2026-08-14 01:14:32 | INFO | Saved 2024-02-14: 378 candles -> data/raw/breeze\RELIND\1m\2024\02\2024-02-14.json
2026-08-14 01:14:32 | INFO | Saved 2024-02-15: 377 candles -> data/raw/breeze\RELIND\1m\2024\02\2024-02-15.json
2026-08-14 01:14:32 | INFO | Next trading day: 2024-02-16
2026-08-14 01:14:32 | INFO | Waiting 1.0 seconds...
2026-08-14 01:14:33 | INFO | 
2026-08-14 01:14:33 | INFO | ======================================================================
2026-08-14 01:14:33 | INFO | CHUNK #295
2026-08-14 01:14:33 | INFO | Trading days: 2024-02-16 -> 2024-02-16
2026-08-14 01:14:33 | INFO | Request: 2024-02-16T09:00:00.000Z -> 2024-02-16T15:45:00.000Z
2026-08-14 01:14:33 | INFO | ======================================================================
2026-08-14 01:14:33 | INFO | API request: 2024-02-16T09:00:00.000Z -> 2024-02-16T15:45:00.000Z (attempt 1/3)
2026-08-14 01:14:33 | INFO | Breeze returned 379 candles.
2026-08-14 01:14:33 | INFO | First candle : 2024-02-16 09:07:00
2026-08-14 01:14:33 | INFO | Last candle  : 2024-02-16 15:31:00
2026-08-14 01:14:33 | INFO | Saved 2024-02-16: 379 candles -> data/raw/breeze\RELIND\1m\2024\02\2024-02-16.json
2026-08-14 01:14:33 | INFO | Next trading day: 2024-02-19
2026-08-14 01:14:33 | INFO | Waiting 1.0 seconds...
2026-08-14 01:14:34 | INFO | 
2026-08-14 01:14:34 | INFO | ======================================================================
2026-08-14 01:14:34 | INFO | CHUNK #296
2026-08-14 01:14:34 | INFO | Trading days: 2024-02-19 -> 2024-02-20
2026-08-14 01:14:34 | INFO | Request: 2024-02-19T09:00:00.000Z -> 2024-02-20T15:45:00.000Z
2026-08-14 01:14:34 | INFO | ======================================================================
2026-08-14 01:14:34 | INFO | API request: 2024-02-19T09:00:00.000Z -> 2024-02-20T15:45:00.000Z (attempt 1/3)
2026-08-14 01:14:34 | INFO | Breeze returned 758 candles.
2026-08-14 01:14:34 | INFO | First candle : 2024-02-19 09:07:00
2026-08-14 01:14:34 | INFO | Last candle  : 2024-02-20 15:35:00
2026-08-14 01:14:34 | INFO | Saved 2024-02-19: 379 candles -> data/raw/breeze\RELIND\1m\2024\02\2024-02-19.json
2026-08-14 01:14:34 | INFO | Saved 2024-02-20: 379 candles -> data/raw/breeze\RELIND\1m\2024\02\2024-02-20.json
2026-08-14 01:14:34 | INFO | Next trading day: 2024-02-21
2026-08-14 01:14:34 | INFO | Waiting 1.0 seconds...
2026-08-14 01:14:35 | INFO | 
2026-08-14 01:14:35 | INFO | ======================================================================
2026-08-14 01:14:35 | INFO | CHUNK #297
2026-08-14 01:14:35 | INFO | Trading days: 2024-02-21 -> 2024-02-22
2026-08-14 01:14:35 | INFO | Request: 2024-02-21T09:00:00.000Z -> 2024-02-22T15:45:00.000Z
2026-08-14 01:14:35 | INFO | ======================================================================
2026-08-14 01:14:35 | INFO | API request: 2024-02-21T09:00:00.000Z -> 2024-02-22T15:45:00.000Z (attempt 1/3)
2026-08-14 01:14:36 | INFO | Breeze returned 756 candles.
2026-08-14 01:14:36 | INFO | First candle : 2024-02-21 09:07:00
2026-08-14 01:14:36 | INFO | Last candle  : 2024-02-22 15:31:00
2026-08-14 01:14:36 | INFO | Saved 2024-02-21: 378 candles -> data/raw/breeze\RELIND\1m\2024\02\2024-02-21.json
2026-08-14 01:14:36 | INFO | Saved 2024-02-22: 378 candles -> data/raw/breeze\RELIND\1m\2024\02\2024-02-22.json
2026-08-14 01:14:36 | INFO | Next trading day: 2024-02-23
2026-08-14 01:14:36 | INFO | Waiting 1.0 seconds...
2026-08-14 01:14:37 | INFO | 
2026-08-14 01:14:37 | INFO | ======================================================================
2026-08-14 01:14:37 | INFO | CHUNK #298
2026-08-14 01:14:37 | INFO | Trading days: 2024-02-23 -> 2024-02-23
2026-08-14 01:14:37 | INFO | Request: 2024-02-23T09:00:00.000Z -> 2024-02-23T15:45:00.000Z
2026-08-14 01:14:37 | INFO | ======================================================================
2026-08-14 01:14:37 | INFO | API request: 2024-02-23T09:00:00.000Z -> 2024-02-23T15:45:00.000Z (attempt 1/3)
2026-08-14 01:14:37 | INFO | Breeze returned 378 candles.
2026-08-14 01:14:37 | INFO | First candle : 2024-02-23 09:07:00
2026-08-14 01:14:37 | INFO | Last candle  : 2024-02-23 15:31:00
2026-08-14 01:14:37 | INFO | Saved 2024-02-23: 378 candles -> data/raw/breeze\RELIND\1m\2024\02\2024-02-23.json
2026-08-14 01:14:37 | INFO | Next trading day: 2024-02-26
2026-08-14 01:14:37 | INFO | Waiting 1.0 seconds...
2026-08-14 01:14:38 | INFO | 
2026-08-14 01:14:38 | INFO | ======================================================================
2026-08-14 01:14:38 | INFO | CHUNK #299
2026-08-14 01:14:38 | INFO | Trading days: 2024-02-26 -> 2024-02-27
2026-08-14 01:14:38 | INFO | Request: 2024-02-26T09:00:00.000Z -> 2024-02-27T15:45:00.000Z
2026-08-14 01:14:38 | INFO | ======================================================================
2026-08-14 01:14:38 | INFO | API request: 2024-02-26T09:00:00.000Z -> 2024-02-27T15:45:00.000Z (attempt 1/3)
2026-08-14 01:14:38 | INFO | Breeze returned 756 candles.
2026-08-14 01:14:38 | INFO | First candle : 2024-02-26 09:08:00
2026-08-14 01:14:38 | INFO | Last candle  : 2024-02-27 15:32:00
2026-08-14 01:14:38 | INFO | Saved 2024-02-26: 378 candles -> data/raw/breeze\RELIND\1m\2024\02\2024-02-26.json
2026-08-14 01:14:38 | INFO | Saved 2024-02-27: 378 candles -> data/raw/breeze\RELIND\1m\2024\02\2024-02-27.json
2026-08-14 01:14:38 | INFO | Next trading day: 2024-02-28
2026-08-14 01:14:38 | INFO | Waiting 1.0 seconds...
2026-08-14 01:14:39 | INFO | 
2026-08-14 01:14:39 | INFO | ======================================================================
2026-08-14 01:14:39 | INFO | CHUNK #300
2026-08-14 01:14:39 | INFO | Trading days: 2024-02-28 -> 2024-02-29
2026-08-14 01:14:39 | INFO | Request: 2024-02-28T09:00:00.000Z -> 2024-02-29T15:45:00.000Z
2026-08-14 01:14:39 | INFO | ======================================================================
2026-08-14 01:14:39 | INFO | API request: 2024-02-28T09:00:00.000Z -> 2024-02-29T15:45:00.000Z (attempt 1/3)
2026-08-14 01:14:40 | INFO | Breeze returned 756 candles.
2026-08-14 01:14:40 | INFO | First candle : 2024-02-28 09:07:00
2026-08-14 01:14:40 | INFO | Last candle  : 2024-02-29 15:32:00
2026-08-14 01:14:40 | INFO | Saved 2024-02-28: 378 candles -> data/raw/breeze\RELIND\1m\2024\02\2024-02-28.json
2026-08-14 01:14:40 | INFO | Saved 2024-02-29: 378 candles -> data/raw/breeze\RELIND\1m\2024\02\2024-02-29.json
2026-08-14 01:14:40 | INFO | Next trading day: 2024-03-01
2026-08-14 01:14:40 | INFO | Waiting 1.0 seconds...
2026-08-14 01:14:41 | INFO | 
2026-08-14 01:14:41 | INFO | ======================================================================
2026-08-14 01:14:41 | INFO | CHUNK #301
2026-08-14 01:14:41 | INFO | Trading days: 2024-03-01 -> 2024-03-01
2026-08-14 01:14:41 | INFO | Request: 2024-03-01T09:00:00.000Z -> 2024-03-01T15:45:00.000Z
2026-08-14 01:14:41 | INFO | ======================================================================
2026-08-14 01:14:41 | INFO | API request: 2024-03-01T09:00:00.000Z -> 2024-03-01T15:45:00.000Z (attempt 1/3)
2026-08-14 01:14:41 | INFO | Breeze returned 378 candles.
2026-08-14 01:14:41 | INFO | First candle : 2024-03-01 09:07:00
2026-08-14 01:14:41 | INFO | Last candle  : 2024-03-01 15:31:00
2026-08-14 01:14:41 | INFO | Saved 2024-03-01: 378 candles -> data/raw/breeze\RELIND\1m\2024\03\2024-03-01.json
2026-08-14 01:14:41 | INFO | Next trading day: 2024-03-04
2026-08-14 01:14:41 | INFO | Waiting 1.0 seconds...
2026-08-14 01:14:42 | INFO | 
2026-08-14 01:14:42 | INFO | ======================================================================
2026-08-14 01:14:42 | INFO | CHUNK #302
2026-08-14 01:14:42 | INFO | Trading days: 2024-03-04 -> 2024-03-05
2026-08-14 01:14:42 | INFO | Request: 2024-03-04T09:00:00.000Z -> 2024-03-05T15:45:00.000Z
2026-08-14 01:14:42 | INFO | ======================================================================
2026-08-14 01:14:42 | INFO | API request: 2024-03-04T09:00:00.000Z -> 2024-03-05T15:45:00.000Z (attempt 1/3)
2026-08-14 01:14:43 | INFO | Breeze returned 756 candles.
2026-08-14 01:14:43 | INFO | First candle : 2024-03-04 09:07:00
2026-08-14 01:14:43 | INFO | Last candle  : 2024-03-05 15:31:00
2026-08-14 01:14:43 | INFO | Saved 2024-03-04: 378 candles -> data/raw/breeze\RELIND\1m\2024\03\2024-03-04.json
2026-08-14 01:14:43 | INFO | Saved 2024-03-05: 378 candles -> data/raw/breeze\RELIND\1m\2024\03\2024-03-05.json
2026-08-14 01:14:43 | INFO | Next trading day: 2024-03-06
2026-08-14 01:14:43 | INFO | Waiting 1.0 seconds...
2026-08-14 01:14:44 | INFO | 
2026-08-14 01:14:44 | INFO | ======================================================================
2026-08-14 01:14:44 | INFO | CHUNK #303
2026-08-14 01:14:44 | INFO | Trading days: 2024-03-06 -> 2024-03-07
2026-08-14 01:14:44 | INFO | Request: 2024-03-06T09:00:00.000Z -> 2024-03-07T15:45:00.000Z
2026-08-14 01:14:44 | INFO | ======================================================================
2026-08-14 01:14:44 | INFO | API request: 2024-03-06T09:00:00.000Z -> 2024-03-07T15:45:00.000Z (attempt 1/3)
2026-08-14 01:14:44 | INFO | Breeze returned 756 candles.
2026-08-14 01:14:44 | INFO | First candle : 2024-03-06 09:07:00
2026-08-14 01:14:44 | INFO | Last candle  : 2024-03-07 15:32:00
2026-08-14 01:14:44 | INFO | Saved 2024-03-06: 378 candles -> data/raw/breeze\RELIND\1m\2024\03\2024-03-06.json
2026-08-14 01:14:44 | INFO | Saved 2024-03-07: 378 candles -> data/raw/breeze\RELIND\1m\2024\03\2024-03-07.json
2026-08-14 01:14:44 | INFO | Next trading day: 2024-03-08
2026-08-14 01:14:44 | INFO | Waiting 1.0 seconds...
2026-08-14 01:14:45 | INFO | 
2026-08-14 01:14:45 | INFO | ======================================================================
2026-08-14 01:14:45 | INFO | CHUNK #304
2026-08-14 01:14:45 | INFO | Trading days: 2024-03-08 -> 2024-03-08
2026-08-14 01:14:45 | INFO | Request: 2024-03-08T09:00:00.000Z -> 2024-03-08T15:45:00.000Z
2026-08-14 01:14:45 | INFO | ======================================================================
2026-08-14 01:14:45 | INFO | API request: 2024-03-08T09:00:00.000Z -> 2024-03-08T15:45:00.000Z (attempt 1/3)
2026-08-14 01:14:45 | INFO | Breeze returned 0 candles.
2026-08-14 01:14:45 | INFO | Saved 2024-03-08: 0 candles -> data/raw/breeze\RELIND\1m\2024\03\2024-03-08.json
2026-08-14 01:14:45 | INFO | Next trading day: 2024-03-11
2026-08-14 01:14:45 | INFO | Waiting 1.0 seconds...
2026-08-14 01:14:46 | INFO | 
2026-08-14 01:14:46 | INFO | ======================================================================
2026-08-14 01:14:46 | INFO | CHUNK #305
2026-08-14 01:14:46 | INFO | Trading days: 2024-03-11 -> 2024-03-12
2026-08-14 01:14:46 | INFO | Request: 2024-03-11T09:00:00.000Z -> 2024-03-12T15:45:00.000Z
2026-08-14 01:14:46 | INFO | ======================================================================
2026-08-14 01:14:46 | INFO | API request: 2024-03-11T09:00:00.000Z -> 2024-03-12T15:45:00.000Z (attempt 1/3)
2026-08-14 01:14:46 | INFO | Breeze returned 756 candles.
2026-08-14 01:14:46 | INFO | First candle : 2024-03-11 09:07:00
2026-08-14 01:14:46 | INFO | Last candle  : 2024-03-12 15:31:00
2026-08-14 01:14:46 | INFO | Saved 2024-03-11: 378 candles -> data/raw/breeze\RELIND\1m\2024\03\2024-03-11.json
2026-08-14 01:14:46 | INFO | Saved 2024-03-12: 378 candles -> data/raw/breeze\RELIND\1m\2024\03\2024-03-12.json
2026-08-14 01:14:46 | INFO | Next trading day: 2024-03-13
2026-08-14 01:14:46 | INFO | Waiting 1.0 seconds...
2026-08-14 01:14:47 | INFO | 
2026-08-14 01:14:47 | INFO | ======================================================================
2026-08-14 01:14:47 | INFO | CHUNK #306
2026-08-14 01:14:47 | INFO | Trading days: 2024-03-13 -> 2024-03-14
2026-08-14 01:14:47 | INFO | Request: 2024-03-13T09:00:00.000Z -> 2024-03-14T15:45:00.000Z
2026-08-14 01:14:47 | INFO | ======================================================================
2026-08-14 01:14:47 | INFO | API request: 2024-03-13T09:00:00.000Z -> 2024-03-14T15:45:00.000Z (attempt 1/3)
2026-08-14 01:14:48 | INFO | Breeze returned 756 candles.
2026-08-14 01:14:48 | INFO | First candle : 2024-03-13 09:07:00
2026-08-14 01:14:48 | INFO | Last candle  : 2024-03-14 15:31:00
2026-08-14 01:14:48 | INFO | Saved 2024-03-13: 378 candles -> data/raw/breeze\RELIND\1m\2024\03\2024-03-13.json
2026-08-14 01:14:48 | INFO | Saved 2024-03-14: 378 candles -> data/raw/breeze\RELIND\1m\2024\03\2024-03-14.json
2026-08-14 01:14:48 | INFO | Next trading day: 2024-03-15
2026-08-14 01:14:48 | INFO | Waiting 1.0 seconds...
2026-08-14 01:14:49 | INFO | 
2026-08-14 01:14:49 | INFO | ======================================================================
2026-08-14 01:14:49 | INFO | CHUNK #307
2026-08-14 01:14:49 | INFO | Trading days: 2024-03-15 -> 2024-03-15
2026-08-14 01:14:49 | INFO | Request: 2024-03-15T09:00:00.000Z -> 2024-03-15T15:45:00.000Z
2026-08-14 01:14:49 | INFO | ======================================================================
2026-08-14 01:14:49 | INFO | API request: 2024-03-15T09:00:00.000Z -> 2024-03-15T15:45:00.000Z (attempt 1/3)
2026-08-14 01:14:49 | INFO | Breeze returned 378 candles.
2026-08-14 01:14:49 | INFO | First candle : 2024-03-15 09:07:00
2026-08-14 01:14:49 | INFO | Last candle  : 2024-03-15 15:31:00
2026-08-14 01:14:49 | INFO | Saved 2024-03-15: 378 candles -> data/raw/breeze\RELIND\1m\2024\03\2024-03-15.json
2026-08-14 01:14:49 | INFO | Next trading day: 2024-03-18
2026-08-14 01:14:49 | INFO | Waiting 1.0 seconds...
2026-08-14 01:14:50 | INFO | 
2026-08-14 01:14:50 | INFO | ======================================================================
2026-08-14 01:14:50 | INFO | CHUNK #308
2026-08-14 01:14:50 | INFO | Trading days: 2024-03-18 -> 2024-03-19
2026-08-14 01:14:50 | INFO | Request: 2024-03-18T09:00:00.000Z -> 2024-03-19T15:45:00.000Z
2026-08-14 01:14:50 | INFO | ======================================================================
2026-08-14 01:14:50 | INFO | API request: 2024-03-18T09:00:00.000Z -> 2024-03-19T15:45:00.000Z (attempt 1/3)
2026-08-14 01:14:51 | INFO | Breeze returned 756 candles.
2026-08-14 01:14:51 | INFO | First candle : 2024-03-18 09:07:00
2026-08-14 01:14:51 | INFO | Last candle  : 2024-03-19 15:31:00
2026-08-14 01:14:51 | INFO | Saved 2024-03-18: 378 candles -> data/raw/breeze\RELIND\1m\2024\03\2024-03-18.json
2026-08-14 01:14:51 | INFO | Saved 2024-03-19: 378 candles -> data/raw/breeze\RELIND\1m\2024\03\2024-03-19.json
2026-08-14 01:14:51 | INFO | Next trading day: 2024-03-20
2026-08-14 01:14:51 | INFO | Waiting 1.0 seconds...
2026-08-14 01:14:52 | INFO | 
2026-08-14 01:14:52 | INFO | ======================================================================
2026-08-14 01:14:52 | INFO | CHUNK #309
2026-08-14 01:14:52 | INFO | Trading days: 2024-03-20 -> 2024-03-21
2026-08-14 01:14:52 | INFO | Request: 2024-03-20T09:00:00.000Z -> 2024-03-21T15:45:00.000Z
2026-08-14 01:14:52 | INFO | ======================================================================
2026-08-14 01:14:52 | INFO | API request: 2024-03-20T09:00:00.000Z -> 2024-03-21T15:45:00.000Z (attempt 1/3)
2026-08-14 01:14:52 | INFO | Breeze returned 756 candles.
2026-08-14 01:14:52 | INFO | First candle : 2024-03-20 09:07:00
2026-08-14 01:14:52 | INFO | Last candle  : 2024-03-21 15:31:00
2026-08-14 01:14:52 | INFO | Saved 2024-03-20: 378 candles -> data/raw/breeze\RELIND\1m\2024\03\2024-03-20.json
2026-08-14 01:14:52 | INFO | Saved 2024-03-21: 378 candles -> data/raw/breeze\RELIND\1m\2024\03\2024-03-21.json
2026-08-14 01:14:52 | INFO | Next trading day: 2024-03-22
2026-08-14 01:14:52 | INFO | Waiting 1.0 seconds...
2026-08-14 01:14:53 | INFO | 
2026-08-14 01:14:53 | INFO | ======================================================================
2026-08-14 01:14:53 | INFO | CHUNK #310
2026-08-14 01:14:53 | INFO | Trading days: 2024-03-22 -> 2024-03-22
2026-08-14 01:14:53 | INFO | Request: 2024-03-22T09:00:00.000Z -> 2024-03-22T15:45:00.000Z
2026-08-14 01:14:53 | INFO | ======================================================================
2026-08-14 01:14:53 | INFO | API request: 2024-03-22T09:00:00.000Z -> 2024-03-22T15:45:00.000Z (attempt 1/3)
2026-08-14 01:14:53 | INFO | Breeze returned 378 candles.
2026-08-14 01:14:53 | INFO | First candle : 2024-03-22 09:07:00
2026-08-14 01:14:53 | INFO | Last candle  : 2024-03-22 15:31:00
2026-08-14 01:14:53 | INFO | Saved 2024-03-22: 378 candles -> data/raw/breeze\RELIND\1m\2024\03\2024-03-22.json
2026-08-14 01:14:53 | INFO | Next trading day: 2024-03-25
2026-08-14 01:14:53 | INFO | Waiting 1.0 seconds...
2026-08-14 01:14:54 | INFO | 
2026-08-14 01:14:54 | INFO | ======================================================================
2026-08-14 01:14:54 | INFO | CHUNK #311
2026-08-14 01:14:54 | INFO | Trading days: 2024-03-25 -> 2024-03-26
2026-08-14 01:14:54 | INFO | Request: 2024-03-25T09:00:00.000Z -> 2024-03-26T15:45:00.000Z
2026-08-14 01:14:54 | INFO | ======================================================================
2026-08-14 01:14:54 | INFO | API request: 2024-03-25T09:00:00.000Z -> 2024-03-26T15:45:00.000Z (attempt 1/3)
2026-08-14 01:14:54 | INFO | Breeze returned 378 candles.
2026-08-14 01:14:54 | INFO | First candle : 2024-03-26 09:07:00
2026-08-14 01:14:54 | INFO | Last candle  : 2024-03-26 15:31:00
2026-08-14 01:14:54 | INFO | Saved 2024-03-25: 0 candles -> data/raw/breeze\RELIND\1m\2024\03\2024-03-25.json
2026-08-14 01:14:54 | INFO | Saved 2024-03-26: 378 candles -> data/raw/breeze\RELIND\1m\2024\03\2024-03-26.json
2026-08-14 01:14:54 | INFO | Next trading day: 2024-03-27
2026-08-14 01:14:54 | INFO | Waiting 1.0 seconds...
2026-08-14 01:14:55 | INFO | 
2026-08-14 01:14:55 | INFO | ======================================================================
2026-08-14 01:14:55 | INFO | CHUNK #312
2026-08-14 01:14:56 | INFO | Trading days: 2024-03-27 -> 2024-03-28
2026-08-14 01:14:56 | INFO | Request: 2024-03-27T09:00:00.000Z -> 2024-03-28T15:45:00.000Z
2026-08-14 01:14:56 | INFO | ======================================================================
2026-08-14 01:14:56 | INFO | API request: 2024-03-27T09:00:00.000Z -> 2024-03-28T15:45:00.000Z (attempt 1/3)
2026-08-14 01:14:56 | INFO | Breeze returned 756 candles.
2026-08-14 01:14:56 | INFO | First candle : 2024-03-27 09:07:00
2026-08-14 01:14:56 | INFO | Last candle  : 2024-03-28 15:31:00
2026-08-14 01:14:56 | INFO | Saved 2024-03-27: 378 candles -> data/raw/breeze\RELIND\1m\2024\03\2024-03-27.json
2026-08-14 01:14:56 | INFO | Saved 2024-03-28: 378 candles -> data/raw/breeze\RELIND\1m\2024\03\2024-03-28.json
2026-08-14 01:14:56 | INFO | Next trading day: 2024-03-29
2026-08-14 01:14:56 | INFO | Waiting 1.0 seconds...
2026-08-14 01:14:57 | INFO | 
2026-08-14 01:14:57 | INFO | ======================================================================
2026-08-14 01:14:57 | INFO | CHUNK #313
2026-08-14 01:14:57 | INFO | Trading days: 2024-03-29 -> 2024-03-29
2026-08-14 01:14:57 | INFO | Request: 2024-03-29T09:00:00.000Z -> 2024-03-29T15:45:00.000Z
2026-08-14 01:14:57 | INFO | ======================================================================
2026-08-14 01:14:57 | INFO | API request: 2024-03-29T09:00:00.000Z -> 2024-03-29T15:45:00.000Z (attempt 1/3)
2026-08-14 01:14:57 | INFO | Breeze returned 0 candles.
2026-08-14 01:14:57 | INFO | Saved 2024-03-29: 0 candles -> data/raw/breeze\RELIND\1m\2024\03\2024-03-29.json
2026-08-14 01:14:57 | INFO | Next trading day: 2024-04-01
2026-08-14 01:14:57 | INFO | Waiting 1.0 seconds...
2026-08-14 01:14:58 | INFO | 
2026-08-14 01:14:58 | INFO | ======================================================================
2026-08-14 01:14:58 | INFO | CHUNK #314
2026-08-14 01:14:58 | INFO | Trading days: 2024-04-01 -> 2024-04-02
2026-08-14 01:14:58 | INFO | Request: 2024-04-01T09:00:00.000Z -> 2024-04-02T15:45:00.000Z
2026-08-14 01:14:58 | INFO | ======================================================================
2026-08-14 01:14:58 | INFO | API request: 2024-04-01T09:00:00.000Z -> 2024-04-02T15:45:00.000Z (attempt 1/3)
2026-08-14 01:14:59 | INFO | Breeze returned 757 candles.
2026-08-14 01:14:59 | INFO | First candle : 2024-04-01 09:07:00
2026-08-14 01:14:59 | INFO | Last candle  : 2024-04-02 15:32:00
2026-08-14 01:14:59 | INFO | Saved 2024-04-01: 379 candles -> data/raw/breeze\RELIND\1m\2024\04\2024-04-01.json
2026-08-14 01:14:59 | INFO | Saved 2024-04-02: 378 candles -> data/raw/breeze\RELIND\1m\2024\04\2024-04-02.json
2026-08-14 01:14:59 | INFO | Next trading day: 2024-04-03
2026-08-14 01:14:59 | INFO | Waiting 1.0 seconds...
2026-08-14 01:15:00 | INFO | 
2026-08-14 01:15:00 | INFO | ======================================================================
2026-08-14 01:15:00 | INFO | CHUNK #315
2026-08-14 01:15:00 | INFO | Trading days: 2024-04-03 -> 2024-04-04
2026-08-14 01:15:00 | INFO | Request: 2024-04-03T09:00:00.000Z -> 2024-04-04T15:45:00.000Z
2026-08-14 01:15:00 | INFO | ======================================================================
2026-08-14 01:15:00 | INFO | API request: 2024-04-03T09:00:00.000Z -> 2024-04-04T15:45:00.000Z (attempt 1/3)
2026-08-14 01:15:00 | INFO | Breeze returned 756 candles.
2026-08-14 01:15:00 | INFO | First candle : 2024-04-03 09:07:00
2026-08-14 01:15:00 | INFO | Last candle  : 2024-04-04 15:32:00
2026-08-14 01:15:00 | INFO | Saved 2024-04-03: 378 candles -> data/raw/breeze\RELIND\1m\2024\04\2024-04-03.json
2026-08-14 01:15:00 | INFO | Saved 2024-04-04: 378 candles -> data/raw/breeze\RELIND\1m\2024\04\2024-04-04.json
2026-08-14 01:15:00 | INFO | Next trading day: 2024-04-05
2026-08-14 01:15:00 | INFO | Waiting 1.0 seconds...
2026-08-14 01:15:01 | INFO | 
2026-08-14 01:15:01 | INFO | ======================================================================
2026-08-14 01:15:01 | INFO | CHUNK #316
2026-08-14 01:15:01 | INFO | Trading days: 2024-04-05 -> 2024-04-05
2026-08-14 01:15:01 | INFO | Request: 2024-04-05T09:00:00.000Z -> 2024-04-05T15:45:00.000Z
2026-08-14 01:15:01 | INFO | ======================================================================
2026-08-14 01:15:01 | INFO | API request: 2024-04-05T09:00:00.000Z -> 2024-04-05T15:45:00.000Z (attempt 1/3)
2026-08-14 01:15:01 | INFO | Breeze returned 378 candles.
2026-08-14 01:15:01 | INFO | First candle : 2024-04-05 09:07:00
2026-08-14 01:15:01 | INFO | Last candle  : 2024-04-05 15:32:00
2026-08-14 01:15:01 | INFO | Saved 2024-04-05: 378 candles -> data/raw/breeze\RELIND\1m\2024\04\2024-04-05.json
2026-08-14 01:15:01 | INFO | Next trading day: 2024-04-08
2026-08-14 01:15:01 | INFO | Waiting 1.0 seconds...
2026-08-14 01:15:02 | INFO | 
2026-08-14 01:15:02 | INFO | ======================================================================
2026-08-14 01:15:02 | INFO | CHUNK #317
2026-08-14 01:15:02 | INFO | Trading days: 2024-04-08 -> 2024-04-09
2026-08-14 01:15:02 | INFO | Request: 2024-04-08T09:00:00.000Z -> 2024-04-09T15:45:00.000Z
2026-08-14 01:15:02 | INFO | ======================================================================
2026-08-14 01:15:02 | INFO | API request: 2024-04-08T09:00:00.000Z -> 2024-04-09T15:45:00.000Z (attempt 1/3)
2026-08-14 01:15:03 | INFO | Breeze returned 755 candles.
2026-08-14 01:15:03 | INFO | First candle : 2024-04-08 09:07:00
2026-08-14 01:15:03 | INFO | Last candle  : 2024-04-09 15:33:00
2026-08-14 01:15:03 | INFO | Saved 2024-04-08: 378 candles -> data/raw/breeze\RELIND\1m\2024\04\2024-04-08.json
2026-08-14 01:15:03 | INFO | Saved 2024-04-09: 377 candles -> data/raw/breeze\RELIND\1m\2024\04\2024-04-09.json
2026-08-14 01:15:03 | INFO | Next trading day: 2024-04-10
2026-08-14 01:15:03 | INFO | Waiting 1.0 seconds...
2026-08-14 01:15:04 | INFO | 
2026-08-14 01:15:04 | INFO | ======================================================================
2026-08-14 01:15:04 | INFO | CHUNK #318
2026-08-14 01:15:04 | INFO | Trading days: 2024-04-10 -> 2024-04-11
2026-08-14 01:15:04 | INFO | Request: 2024-04-10T09:00:00.000Z -> 2024-04-11T15:45:00.000Z
2026-08-14 01:15:04 | INFO | ======================================================================
2026-08-14 01:15:04 | INFO | API request: 2024-04-10T09:00:00.000Z -> 2024-04-11T15:45:00.000Z (attempt 1/3)
2026-08-14 01:15:04 | INFO | Breeze returned 379 candles.
2026-08-14 01:15:04 | INFO | First candle : 2024-04-10 09:07:00
2026-08-14 01:15:04 | INFO | Last candle  : 2024-04-10 15:39:00
2026-08-14 01:15:04 | INFO | Saved 2024-04-10: 379 candles -> data/raw/breeze\RELIND\1m\2024\04\2024-04-10.json
2026-08-14 01:15:04 | INFO | Saved 2024-04-11: 0 candles -> data/raw/breeze\RELIND\1m\2024\04\2024-04-11.json
2026-08-14 01:15:04 | INFO | Next trading day: 2024-04-12
2026-08-14 01:15:04 | INFO | Waiting 1.0 seconds...
2026-08-14 01:15:05 | INFO | 
2026-08-14 01:15:05 | INFO | ======================================================================
2026-08-14 01:15:05 | INFO | CHUNK #319
2026-08-14 01:15:05 | INFO | Trading days: 2024-04-12 -> 2024-04-12
2026-08-14 01:15:05 | INFO | Request: 2024-04-12T09:00:00.000Z -> 2024-04-12T15:45:00.000Z
2026-08-14 01:15:05 | INFO | ======================================================================
2026-08-14 01:15:05 | INFO | API request: 2024-04-12T09:00:00.000Z -> 2024-04-12T15:45:00.000Z (attempt 1/3)
2026-08-14 01:15:05 | INFO | Breeze returned 378 candles.
2026-08-14 01:15:05 | INFO | First candle : 2024-04-12 09:08:00
2026-08-14 01:15:05 | INFO | Last candle  : 2024-04-12 15:32:00
2026-08-14 01:15:05 | INFO | Saved 2024-04-12: 378 candles -> data/raw/breeze\RELIND\1m\2024\04\2024-04-12.json
2026-08-14 01:15:05 | INFO | Next trading day: 2024-04-15
2026-08-14 01:15:05 | INFO | Waiting 1.0 seconds...
2026-08-14 01:15:06 | INFO | 
2026-08-14 01:15:06 | INFO | ======================================================================
2026-08-14 01:15:06 | INFO | CHUNK #320
2026-08-14 01:15:06 | INFO | Trading days: 2024-04-15 -> 2024-04-16
2026-08-14 01:15:06 | INFO | Request: 2024-04-15T09:00:00.000Z -> 2024-04-16T15:45:00.000Z
2026-08-14 01:15:06 | INFO | ======================================================================
2026-08-14 01:15:06 | INFO | API request: 2024-04-15T09:00:00.000Z -> 2024-04-16T15:45:00.000Z (attempt 1/3)
2026-08-14 01:15:06 | INFO | Breeze returned 756 candles.
2026-08-14 01:15:06 | INFO | First candle : 2024-04-15 09:07:00
2026-08-14 01:15:06 | INFO | Last candle  : 2024-04-16 15:32:00
2026-08-14 01:15:06 | INFO | Saved 2024-04-15: 378 candles -> data/raw/breeze\RELIND\1m\2024\04\2024-04-15.json
2026-08-14 01:15:06 | INFO | Saved 2024-04-16: 378 candles -> data/raw/breeze\RELIND\1m\2024\04\2024-04-16.json
2026-08-14 01:15:06 | INFO | Next trading day: 2024-04-17
2026-08-14 01:15:06 | INFO | Waiting 1.0 seconds...
2026-08-14 01:15:08 | INFO | 
2026-08-14 01:15:08 | INFO | ======================================================================
2026-08-14 01:15:08 | INFO | CHUNK #321
2026-08-14 01:15:08 | INFO | Trading days: 2024-04-17 -> 2024-04-18
2026-08-14 01:15:08 | INFO | Request: 2024-04-17T09:00:00.000Z -> 2024-04-18T15:45:00.000Z
2026-08-14 01:15:08 | INFO | ======================================================================
2026-08-14 01:15:08 | INFO | API request: 2024-04-17T09:00:00.000Z -> 2024-04-18T15:45:00.000Z (attempt 1/3)
2026-08-14 01:15:08 | INFO | Breeze returned 378 candles.
2026-08-14 01:15:08 | INFO | First candle : 2024-04-18 09:07:00
2026-08-14 01:15:08 | INFO | Last candle  : 2024-04-18 15:32:00
2026-08-14 01:15:08 | INFO | Saved 2024-04-17: 0 candles -> data/raw/breeze\RELIND\1m\2024\04\2024-04-17.json
2026-08-14 01:15:08 | INFO | Saved 2024-04-18: 378 candles -> data/raw/breeze\RELIND\1m\2024\04\2024-04-18.json
2026-08-14 01:15:08 | INFO | Next trading day: 2024-04-19
2026-08-14 01:15:08 | INFO | Waiting 1.0 seconds...
2026-08-14 01:15:09 | INFO | 
2026-08-14 01:15:09 | INFO | ======================================================================
2026-08-14 01:15:09 | INFO | CHUNK #322
2026-08-14 01:15:09 | INFO | Trading days: 2024-04-19 -> 2024-04-19
2026-08-14 01:15:09 | INFO | Request: 2024-04-19T09:00:00.000Z -> 2024-04-19T15:45:00.000Z
2026-08-14 01:15:09 | INFO | ======================================================================
2026-08-14 01:15:09 | INFO | API request: 2024-04-19T09:00:00.000Z -> 2024-04-19T15:45:00.000Z (attempt 1/3)
2026-08-14 01:15:09 | INFO | Breeze returned 378 candles.
2026-08-14 01:15:09 | INFO | First candle : 2024-04-19 09:07:00
2026-08-14 01:15:09 | INFO | Last candle  : 2024-04-19 15:32:00
2026-08-14 01:15:09 | INFO | Saved 2024-04-19: 378 candles -> data/raw/breeze\RELIND\1m\2024\04\2024-04-19.json
2026-08-14 01:15:09 | INFO | Next trading day: 2024-04-22
2026-08-14 01:15:09 | INFO | Waiting 1.0 seconds...
2026-08-14 01:15:10 | INFO | 
2026-08-14 01:15:10 | INFO | ======================================================================
2026-08-14 01:15:10 | INFO | CHUNK #323
2026-08-14 01:15:10 | INFO | Trading days: 2024-04-22 -> 2024-04-23
2026-08-14 01:15:10 | INFO | Request: 2024-04-22T09:00:00.000Z -> 2024-04-23T15:45:00.000Z
2026-08-14 01:15:10 | INFO | ======================================================================
2026-08-14 01:15:10 | INFO | API request: 2024-04-22T09:00:00.000Z -> 2024-04-23T15:45:00.000Z (attempt 1/3)
2026-08-14 01:15:11 | INFO | Breeze returned 756 candles.
2026-08-14 01:15:11 | INFO | First candle : 2024-04-22 09:07:00
2026-08-14 01:15:11 | INFO | Last candle  : 2024-04-23 15:32:00
2026-08-14 01:15:11 | INFO | Saved 2024-04-22: 378 candles -> data/raw/breeze\RELIND\1m\2024\04\2024-04-22.json
2026-08-14 01:15:11 | INFO | Saved 2024-04-23: 378 candles -> data/raw/breeze\RELIND\1m\2024\04\2024-04-23.json
2026-08-14 01:15:11 | INFO | Next trading day: 2024-04-24
2026-08-14 01:15:11 | INFO | Waiting 1.0 seconds...
2026-08-14 01:15:12 | INFO | 
2026-08-14 01:15:12 | INFO | ======================================================================
2026-08-14 01:15:12 | INFO | CHUNK #324
2026-08-14 01:15:12 | INFO | Trading days: 2024-04-24 -> 2024-04-25
2026-08-14 01:15:12 | INFO | Request: 2024-04-24T09:00:00.000Z -> 2024-04-25T15:45:00.000Z
2026-08-14 01:15:12 | INFO | ======================================================================
2026-08-14 01:15:12 | INFO | API request: 2024-04-24T09:00:00.000Z -> 2024-04-25T15:45:00.000Z (attempt 1/3)
2026-08-14 01:15:12 | INFO | Breeze returned 755 candles.
2026-08-14 01:15:12 | INFO | First candle : 2024-04-24 09:07:00
2026-08-14 01:15:12 | INFO | Last candle  : 2024-04-25 15:32:00
2026-08-14 01:15:12 | INFO | Saved 2024-04-24: 378 candles -> data/raw/breeze\RELIND\1m\2024\04\2024-04-24.json
2026-08-14 01:15:12 | INFO | Saved 2024-04-25: 377 candles -> data/raw/breeze\RELIND\1m\2024\04\2024-04-25.json
2026-08-14 01:15:12 | INFO | Next trading day: 2024-04-26
2026-08-14 01:15:12 | INFO | Waiting 1.0 seconds...
2026-08-14 01:15:13 | INFO | 
2026-08-14 01:15:13 | INFO | ======================================================================
2026-08-14 01:15:13 | INFO | CHUNK #325
2026-08-14 01:15:13 | INFO | Trading days: 2024-04-26 -> 2024-04-26
2026-08-14 01:15:13 | INFO | Request: 2024-04-26T09:00:00.000Z -> 2024-04-26T15:45:00.000Z
2026-08-14 01:15:13 | INFO | ======================================================================
2026-08-14 01:15:13 | INFO | API request: 2024-04-26T09:00:00.000Z -> 2024-04-26T15:45:00.000Z (attempt 1/3)
2026-08-14 01:15:13 | INFO | Breeze returned 378 candles.
2026-08-14 01:15:13 | INFO | First candle : 2024-04-26 09:07:00
2026-08-14 01:15:13 | INFO | Last candle  : 2024-04-26 15:32:00
2026-08-14 01:15:13 | INFO | Saved 2024-04-26: 378 candles -> data/raw/breeze\RELIND\1m\2024\04\2024-04-26.json
2026-08-14 01:15:13 | INFO | Next trading day: 2024-04-29
2026-08-14 01:15:13 | INFO | Waiting 1.0 seconds...
2026-08-14 01:15:14 | INFO | 
2026-08-14 01:15:14 | INFO | ======================================================================
2026-08-14 01:15:14 | INFO | CHUNK #326
2026-08-14 01:15:14 | INFO | Trading days: 2024-04-29 -> 2024-04-30
2026-08-14 01:15:14 | INFO | Request: 2024-04-29T09:00:00.000Z -> 2024-04-30T15:45:00.000Z
2026-08-14 01:15:14 | INFO | ======================================================================
2026-08-14 01:15:14 | INFO | API request: 2024-04-29T09:00:00.000Z -> 2024-04-30T15:45:00.000Z (attempt 1/3)
2026-08-14 01:15:15 | INFO | Breeze returned 756 candles.
2026-08-14 01:15:15 | INFO | First candle : 2024-04-29 09:07:00
2026-08-14 01:15:15 | INFO | Last candle  : 2024-04-30 15:32:00
2026-08-14 01:15:15 | INFO | Saved 2024-04-29: 378 candles -> data/raw/breeze\RELIND\1m\2024\04\2024-04-29.json
2026-08-14 01:15:15 | INFO | Saved 2024-04-30: 378 candles -> data/raw/breeze\RELIND\1m\2024\04\2024-04-30.json
2026-08-14 01:15:15 | INFO | Next trading day: 2024-05-01
2026-08-14 01:15:15 | INFO | Waiting 1.0 seconds...
2026-08-14 01:15:16 | INFO | 
2026-08-14 01:15:16 | INFO | ======================================================================
2026-08-14 01:15:16 | INFO | CHUNK #327
2026-08-14 01:15:16 | INFO | Trading days: 2024-05-01 -> 2024-05-02
2026-08-14 01:15:16 | INFO | Request: 2024-05-01T09:00:00.000Z -> 2024-05-02T15:45:00.000Z
2026-08-14 01:15:16 | INFO | ======================================================================
2026-08-14 01:15:16 | INFO | API request: 2024-05-01T09:00:00.000Z -> 2024-05-02T15:45:00.000Z (attempt 1/3)
2026-08-14 01:15:16 | INFO | Breeze returned 378 candles.
2026-08-14 01:15:16 | INFO | First candle : 2024-05-02 09:07:00
2026-08-14 01:15:16 | INFO | Last candle  : 2024-05-02 15:32:00
2026-08-14 01:15:16 | INFO | Saved 2024-05-01: 0 candles -> data/raw/breeze\RELIND\1m\2024\05\2024-05-01.json
2026-08-14 01:15:16 | INFO | Saved 2024-05-02: 378 candles -> data/raw/breeze\RELIND\1m\2024\05\2024-05-02.json
2026-08-14 01:15:16 | INFO | Next trading day: 2024-05-03
2026-08-14 01:15:16 | INFO | Waiting 1.0 seconds...
2026-08-14 01:15:17 | INFO | 
2026-08-14 01:15:17 | INFO | ======================================================================
2026-08-14 01:15:17 | INFO | CHUNK #328
2026-08-14 01:15:17 | INFO | Trading days: 2024-05-03 -> 2024-05-03
2026-08-14 01:15:17 | INFO | Request: 2024-05-03T09:00:00.000Z -> 2024-05-03T15:45:00.000Z
2026-08-14 01:15:17 | INFO | ======================================================================
2026-08-14 01:15:17 | INFO | API request: 2024-05-03T09:00:00.000Z -> 2024-05-03T15:45:00.000Z (attempt 1/3)
2026-08-14 01:15:17 | INFO | Breeze returned 378 candles.
2026-08-14 01:15:17 | INFO | First candle : 2024-05-03 09:07:00
2026-08-14 01:15:17 | INFO | Last candle  : 2024-05-03 15:32:00
2026-08-14 01:15:17 | INFO | Saved 2024-05-03: 378 candles -> data/raw/breeze\RELIND\1m\2024\05\2024-05-03.json
2026-08-14 01:15:17 | INFO | Next trading day: 2024-05-06
2026-08-14 01:15:17 | INFO | Waiting 1.0 seconds...
2026-08-14 01:15:18 | INFO | 
2026-08-14 01:15:18 | INFO | ======================================================================
2026-08-14 01:15:18 | INFO | CHUNK #329
2026-08-14 01:15:18 | INFO | Trading days: 2024-05-06 -> 2024-05-07
2026-08-14 01:15:18 | INFO | Request: 2024-05-06T09:00:00.000Z -> 2024-05-07T15:45:00.000Z
2026-08-14 01:15:18 | INFO | ======================================================================
2026-08-14 01:15:18 | INFO | API request: 2024-05-06T09:00:00.000Z -> 2024-05-07T15:45:00.000Z (attempt 1/3)
2026-08-14 01:15:19 | INFO | Breeze returned 756 candles.
2026-08-14 01:15:19 | INFO | First candle : 2024-05-06 09:07:00
2026-08-14 01:15:19 | INFO | Last candle  : 2024-05-07 15:32:00
2026-08-14 01:15:19 | INFO | Saved 2024-05-06: 378 candles -> data/raw/breeze\RELIND\1m\2024\05\2024-05-06.json
2026-08-14 01:15:19 | INFO | Saved 2024-05-07: 378 candles -> data/raw/breeze\RELIND\1m\2024\05\2024-05-07.json
2026-08-14 01:15:19 | INFO | Next trading day: 2024-05-08
2026-08-14 01:15:19 | INFO | Waiting 1.0 seconds...
2026-08-14 01:15:20 | INFO | 
2026-08-14 01:15:20 | INFO | ======================================================================
2026-08-14 01:15:20 | INFO | CHUNK #330
2026-08-14 01:15:20 | INFO | Trading days: 2024-05-08 -> 2024-05-09
2026-08-14 01:15:20 | INFO | Request: 2024-05-08T09:00:00.000Z -> 2024-05-09T15:45:00.000Z
2026-08-14 01:15:20 | INFO | ======================================================================
2026-08-14 01:15:20 | INFO | API request: 2024-05-08T09:00:00.000Z -> 2024-05-09T15:45:00.000Z (attempt 1/3)
2026-08-14 01:15:20 | INFO | Breeze returned 756 candles.
2026-08-14 01:15:20 | INFO | First candle : 2024-05-08 09:07:00
2026-08-14 01:15:20 | INFO | Last candle  : 2024-05-09 15:32:00
2026-08-14 01:15:20 | INFO | Saved 2024-05-08: 378 candles -> data/raw/breeze\RELIND\1m\2024\05\2024-05-08.json
2026-08-14 01:15:20 | INFO | Saved 2024-05-09: 378 candles -> data/raw/breeze\RELIND\1m\2024\05\2024-05-09.json
2026-08-14 01:15:20 | INFO | Next trading day: 2024-05-10
2026-08-14 01:15:20 | INFO | Waiting 1.0 seconds...
2026-08-14 01:15:21 | INFO | 
2026-08-14 01:15:21 | INFO | ======================================================================
2026-08-14 01:15:21 | INFO | CHUNK #331
2026-08-14 01:15:21 | INFO | Trading days: 2024-05-10 -> 2024-05-10
2026-08-14 01:15:21 | INFO | Request: 2024-05-10T09:00:00.000Z -> 2024-05-10T15:45:00.000Z
2026-08-14 01:15:21 | INFO | ======================================================================
2026-08-14 01:15:21 | INFO | API request: 2024-05-10T09:00:00.000Z -> 2024-05-10T15:45:00.000Z (attempt 1/3)
2026-08-14 01:15:21 | INFO | Breeze returned 378 candles.
2026-08-14 01:15:21 | INFO | First candle : 2024-05-10 09:07:00
2026-08-14 01:15:21 | INFO | Last candle  : 2024-05-10 15:32:00
2026-08-14 01:15:21 | INFO | Saved 2024-05-10: 378 candles -> data/raw/breeze\RELIND\1m\2024\05\2024-05-10.json
2026-08-14 01:15:21 | INFO | Next trading day: 2024-05-13
2026-08-14 01:15:21 | INFO | Waiting 1.0 seconds...
2026-08-14 01:15:22 | INFO | 
2026-08-14 01:15:22 | INFO | ======================================================================
2026-08-14 01:15:22 | INFO | CHUNK #332
2026-08-14 01:15:22 | INFO | Trading days: 2024-05-13 -> 2024-05-14
2026-08-14 01:15:22 | INFO | Request: 2024-05-13T09:00:00.000Z -> 2024-05-14T15:45:00.000Z
2026-08-14 01:15:22 | INFO | ======================================================================
2026-08-14 01:15:22 | INFO | API request: 2024-05-13T09:00:00.000Z -> 2024-05-14T15:45:00.000Z (attempt 1/3)
2026-08-14 01:15:23 | INFO | Breeze returned 756 candles.
2026-08-14 01:15:23 | INFO | First candle : 2024-05-13 09:07:00
2026-08-14 01:15:23 | INFO | Last candle  : 2024-05-14 15:32:00
2026-08-14 01:15:23 | INFO | Saved 2024-05-13: 378 candles -> data/raw/breeze\RELIND\1m\2024\05\2024-05-13.json
2026-08-14 01:15:23 | INFO | Saved 2024-05-14: 378 candles -> data/raw/breeze\RELIND\1m\2024\05\2024-05-14.json
2026-08-14 01:15:23 | INFO | Next trading day: 2024-05-15
2026-08-14 01:15:23 | INFO | Waiting 1.0 seconds...
2026-08-14 01:15:24 | INFO | 
2026-08-14 01:15:24 | INFO | ======================================================================
2026-08-14 01:15:24 | INFO | CHUNK #333
2026-08-14 01:15:24 | INFO | Trading days: 2024-05-15 -> 2024-05-16
2026-08-14 01:15:24 | INFO | Request: 2024-05-15T09:00:00.000Z -> 2024-05-16T15:45:00.000Z
2026-08-14 01:15:24 | INFO | ======================================================================
2026-08-14 01:15:24 | INFO | API request: 2024-05-15T09:00:00.000Z -> 2024-05-16T15:45:00.000Z (attempt 1/3)
2026-08-14 01:15:24 | INFO | Breeze returned 756 candles.
2026-08-14 01:15:24 | INFO | First candle : 2024-05-15 09:07:00
2026-08-14 01:15:24 | INFO | Last candle  : 2024-05-16 15:32:00
2026-08-14 01:15:24 | INFO | Saved 2024-05-15: 378 candles -> data/raw/breeze\RELIND\1m\2024\05\2024-05-15.json
2026-08-14 01:15:24 | INFO | Saved 2024-05-16: 378 candles -> data/raw/breeze\RELIND\1m\2024\05\2024-05-16.json
2026-08-14 01:15:24 | INFO | Next trading day: 2024-05-17
2026-08-14 01:15:24 | INFO | Waiting 1.0 seconds...
2026-08-14 01:15:25 | INFO | 
2026-08-14 01:15:25 | INFO | ======================================================================
2026-08-14 01:15:25 | INFO | CHUNK #334
2026-08-14 01:15:25 | INFO | Trading days: 2024-05-17 -> 2024-05-17
2026-08-14 01:15:25 | INFO | Request: 2024-05-17T09:00:00.000Z -> 2024-05-17T15:45:00.000Z
2026-08-14 01:15:25 | INFO | ======================================================================
2026-08-14 01:15:25 | INFO | API request: 2024-05-17T09:00:00.000Z -> 2024-05-17T15:45:00.000Z (attempt 1/3)
2026-08-14 01:15:25 | INFO | Breeze returned 378 candles.
2026-08-14 01:15:25 | INFO | First candle : 2024-05-17 09:07:00
2026-08-14 01:15:25 | INFO | Last candle  : 2024-05-17 15:32:00
2026-08-14 01:15:25 | INFO | Saved 2024-05-17: 378 candles -> data/raw/breeze\RELIND\1m\2024\05\2024-05-17.json
2026-08-14 01:15:25 | INFO | Next trading day: 2024-05-20
2026-08-14 01:15:25 | INFO | Waiting 1.0 seconds...
2026-08-14 01:15:26 | INFO | 
2026-08-14 01:15:26 | INFO | ======================================================================
2026-08-14 01:15:26 | INFO | CHUNK #335
2026-08-14 01:15:26 | INFO | Trading days: 2024-05-20 -> 2024-05-21
2026-08-14 01:15:26 | INFO | Request: 2024-05-20T09:00:00.000Z -> 2024-05-21T15:45:00.000Z
2026-08-14 01:15:26 | INFO | ======================================================================
2026-08-14 01:15:26 | INFO | API request: 2024-05-20T09:00:00.000Z -> 2024-05-21T15:45:00.000Z (attempt 1/3)
2026-08-14 01:15:27 | INFO | Breeze returned 378 candles.
2026-08-14 01:15:27 | INFO | First candle : 2024-05-21 09:07:00
2026-08-14 01:15:27 | INFO | Last candle  : 2024-05-21 15:32:00
2026-08-14 01:15:27 | INFO | Saved 2024-05-20: 0 candles -> data/raw/breeze\RELIND\1m\2024\05\2024-05-20.json
2026-08-14 01:15:27 | INFO | Saved 2024-05-21: 378 candles -> data/raw/breeze\RELIND\1m\2024\05\2024-05-21.json
2026-08-14 01:15:27 | INFO | Next trading day: 2024-05-22
2026-08-14 01:15:27 | INFO | Waiting 1.0 seconds...
2026-08-14 01:15:28 | INFO | 
2026-08-14 01:15:28 | INFO | ======================================================================
2026-08-14 01:15:28 | INFO | CHUNK #336
2026-08-14 01:15:28 | INFO | Trading days: 2024-05-22 -> 2024-05-23
2026-08-14 01:15:28 | INFO | Request: 2024-05-22T09:00:00.000Z -> 2024-05-23T15:45:00.000Z
2026-08-14 01:15:28 | INFO | ======================================================================
2026-08-14 01:15:28 | INFO | API request: 2024-05-22T09:00:00.000Z -> 2024-05-23T15:45:00.000Z (attempt 1/3)
2026-08-14 01:15:29 | INFO | Breeze returned 756 candles.
2026-08-14 01:15:29 | INFO | First candle : 2024-05-22 09:07:00
2026-08-14 01:15:29 | INFO | Last candle  : 2024-05-23 15:32:00
2026-08-14 01:15:29 | INFO | Saved 2024-05-22: 378 candles -> data/raw/breeze\RELIND\1m\2024\05\2024-05-22.json
2026-08-14 01:15:29 | INFO | Saved 2024-05-23: 378 candles -> data/raw/breeze\RELIND\1m\2024\05\2024-05-23.json
2026-08-14 01:15:29 | INFO | Next trading day: 2024-05-24
2026-08-14 01:15:29 | INFO | Waiting 1.0 seconds...
2026-08-14 01:15:30 | INFO | 
2026-08-14 01:15:30 | INFO | ======================================================================
2026-08-14 01:15:30 | INFO | CHUNK #337
2026-08-14 01:15:30 | INFO | Trading days: 2024-05-24 -> 2024-05-24
2026-08-14 01:15:30 | INFO | Request: 2024-05-24T09:00:00.000Z -> 2024-05-24T15:45:00.000Z
2026-08-14 01:15:30 | INFO | ======================================================================
2026-08-14 01:15:30 | INFO | API request: 2024-05-24T09:00:00.000Z -> 2024-05-24T15:45:00.000Z (attempt 1/3)
2026-08-14 01:15:30 | INFO | Breeze returned 378 candles.
2026-08-14 01:15:30 | INFO | First candle : 2024-05-24 09:07:00
2026-08-14 01:15:30 | INFO | Last candle  : 2024-05-24 15:32:00
2026-08-14 01:15:30 | INFO | Saved 2024-05-24: 378 candles -> data/raw/breeze\RELIND\1m\2024\05\2024-05-24.json
2026-08-14 01:15:30 | INFO | Next trading day: 2024-05-27
2026-08-14 01:15:30 | INFO | Waiting 1.0 seconds...
2026-08-14 01:15:31 | INFO | 
2026-08-14 01:15:31 | INFO | ======================================================================
2026-08-14 01:15:31 | INFO | CHUNK #338
2026-08-14 01:15:31 | INFO | Trading days: 2024-05-27 -> 2024-05-28
2026-08-14 01:15:31 | INFO | Request: 2024-05-27T09:00:00.000Z -> 2024-05-28T15:45:00.000Z
2026-08-14 01:15:31 | INFO | ======================================================================
2026-08-14 01:15:31 | INFO | API request: 2024-05-27T09:00:00.000Z -> 2024-05-28T15:45:00.000Z (attempt 1/3)
2026-08-14 01:15:31 | INFO | Breeze returned 756 candles.
2026-08-14 01:15:31 | INFO | First candle : 2024-05-27 09:07:00
2026-08-14 01:15:31 | INFO | Last candle  : 2024-05-28 15:32:00
2026-08-14 01:15:31 | INFO | Saved 2024-05-27: 378 candles -> data/raw/breeze\RELIND\1m\2024\05\2024-05-27.json
2026-08-14 01:15:31 | INFO | Saved 2024-05-28: 378 candles -> data/raw/breeze\RELIND\1m\2024\05\2024-05-28.json
2026-08-14 01:15:31 | INFO | Next trading day: 2024-05-29
2026-08-14 01:15:31 | INFO | Waiting 1.0 seconds...
2026-08-14 01:15:32 | INFO | 
2026-08-14 01:15:32 | INFO | ======================================================================
2026-08-14 01:15:32 | INFO | CHUNK #339
2026-08-14 01:15:32 | INFO | Trading days: 2024-05-29 -> 2024-05-30
2026-08-14 01:15:32 | INFO | Request: 2024-05-29T09:00:00.000Z -> 2024-05-30T15:45:00.000Z
2026-08-14 01:15:32 | INFO | ======================================================================
2026-08-14 01:15:32 | INFO | API request: 2024-05-29T09:00:00.000Z -> 2024-05-30T15:45:00.000Z (attempt 1/3)
2026-08-14 01:15:33 | INFO | Breeze returned 756 candles.
2026-08-14 01:15:33 | INFO | First candle : 2024-05-29 09:07:00
2026-08-14 01:15:33 | INFO | Last candle  : 2024-05-30 15:32:00
2026-08-14 01:15:33 | INFO | Saved 2024-05-29: 378 candles -> data/raw/breeze\RELIND\1m\2024\05\2024-05-29.json
2026-08-14 01:15:33 | INFO | Saved 2024-05-30: 378 candles -> data/raw/breeze\RELIND\1m\2024\05\2024-05-30.json
2026-08-14 01:15:33 | INFO | Next trading day: 2024-05-31
2026-08-14 01:15:33 | INFO | Waiting 1.0 seconds...
2026-08-14 01:15:34 | INFO | 
2026-08-14 01:15:34 | INFO | ======================================================================
2026-08-14 01:15:34 | INFO | CHUNK #340
2026-08-14 01:15:34 | INFO | Trading days: 2024-05-31 -> 2024-05-31
2026-08-14 01:15:34 | INFO | Request: 2024-05-31T09:00:00.000Z -> 2024-05-31T15:45:00.000Z
2026-08-14 01:15:34 | INFO | ======================================================================
2026-08-14 01:15:34 | INFO | API request: 2024-05-31T09:00:00.000Z -> 2024-05-31T15:45:00.000Z (attempt 1/3)
2026-08-14 01:15:34 | INFO | Breeze returned 378 candles.
2026-08-14 01:15:34 | INFO | First candle : 2024-05-31 09:07:00
2026-08-14 01:15:34 | INFO | Last candle  : 2024-05-31 15:31:00
2026-08-14 01:15:34 | INFO | Saved 2024-05-31: 378 candles -> data/raw/breeze\RELIND\1m\2024\05\2024-05-31.json
2026-08-14 01:15:34 | INFO | Next trading day: 2024-06-03
2026-08-14 01:15:34 | INFO | Waiting 1.0 seconds...
2026-08-14 01:15:35 | INFO | 
2026-08-14 01:15:35 | INFO | ======================================================================
2026-08-14 01:15:35 | INFO | CHUNK #341
2026-08-14 01:15:35 | INFO | Trading days: 2024-06-03 -> 2024-06-04
2026-08-14 01:15:35 | INFO | Request: 2024-06-03T09:00:00.000Z -> 2024-06-04T15:45:00.000Z
2026-08-14 01:15:35 | INFO | ======================================================================
2026-08-14 01:15:35 | INFO | API request: 2024-06-03T09:00:00.000Z -> 2024-06-04T15:45:00.000Z (attempt 1/3)
2026-08-14 01:15:36 | INFO | Breeze returned 756 candles.
2026-08-14 01:15:36 | INFO | First candle : 2024-06-03 09:07:00
2026-08-14 01:15:36 | INFO | Last candle  : 2024-06-04 15:31:00
2026-08-14 01:15:36 | INFO | Saved 2024-06-03: 378 candles -> data/raw/breeze\RELIND\1m\2024\06\2024-06-03.json
2026-08-14 01:15:36 | INFO | Saved 2024-06-04: 378 candles -> data/raw/breeze\RELIND\1m\2024\06\2024-06-04.json
2026-08-14 01:15:36 | INFO | Next trading day: 2024-06-05
2026-08-14 01:15:36 | INFO | Waiting 1.0 seconds...
2026-08-14 01:15:37 | INFO | 
2026-08-14 01:15:37 | INFO | ======================================================================
2026-08-14 01:15:37 | INFO | CHUNK #342
2026-08-14 01:15:37 | INFO | Trading days: 2024-06-05 -> 2024-06-06
2026-08-14 01:15:37 | INFO | Request: 2024-06-05T09:00:00.000Z -> 2024-06-06T15:45:00.000Z
2026-08-14 01:15:37 | INFO | ======================================================================
2026-08-14 01:15:37 | INFO | API request: 2024-06-05T09:00:00.000Z -> 2024-06-06T15:45:00.000Z (attempt 1/3)
2026-08-14 01:15:37 | INFO | Breeze returned 758 candles.
2026-08-14 01:15:37 | INFO | First candle : 2024-06-05 09:07:00
2026-08-14 01:15:37 | INFO | Last candle  : 2024-06-06 15:31:00
2026-08-14 01:15:37 | INFO | Saved 2024-06-05: 380 candles -> data/raw/breeze\RELIND\1m\2024\06\2024-06-05.json
2026-08-14 01:15:37 | INFO | Saved 2024-06-06: 378 candles -> data/raw/breeze\RELIND\1m\2024\06\2024-06-06.json
2026-08-14 01:15:37 | INFO | Next trading day: 2024-06-07
2026-08-14 01:15:37 | INFO | Waiting 1.0 seconds...
2026-08-14 01:15:38 | INFO | 
2026-08-14 01:15:38 | INFO | ======================================================================
2026-08-14 01:15:38 | INFO | CHUNK #343
2026-08-14 01:15:38 | INFO | Trading days: 2024-06-07 -> 2024-06-07
2026-08-14 01:15:38 | INFO | Request: 2024-06-07T09:00:00.000Z -> 2024-06-07T15:45:00.000Z
2026-08-14 01:15:38 | INFO | ======================================================================
2026-08-14 01:15:38 | INFO | API request: 2024-06-07T09:00:00.000Z -> 2024-06-07T15:45:00.000Z (attempt 1/3)
2026-08-14 01:15:39 | INFO | Breeze returned 378 candles.
2026-08-14 01:15:39 | INFO | First candle : 2024-06-07 09:07:00
2026-08-14 01:15:39 | INFO | Last candle  : 2024-06-07 15:31:00
2026-08-14 01:15:39 | INFO | Saved 2024-06-07: 378 candles -> data/raw/breeze\RELIND\1m\2024\06\2024-06-07.json
2026-08-14 01:15:39 | INFO | Next trading day: 2024-06-10
2026-08-14 01:15:39 | INFO | Waiting 1.0 seconds...
2026-08-14 01:15:40 | INFO | 
2026-08-14 01:15:40 | INFO | ======================================================================
2026-08-14 01:15:40 | INFO | CHUNK #344
2026-08-14 01:15:40 | INFO | Trading days: 2024-06-10 -> 2024-06-11
2026-08-14 01:15:40 | INFO | Request: 2024-06-10T09:00:00.000Z -> 2024-06-11T15:45:00.000Z
2026-08-14 01:15:40 | INFO | ======================================================================
2026-08-14 01:15:40 | INFO | API request: 2024-06-10T09:00:00.000Z -> 2024-06-11T15:45:00.000Z (attempt 1/3)
2026-08-14 01:15:40 | INFO | Breeze returned 756 candles.
2026-08-14 01:15:40 | INFO | First candle : 2024-06-10 09:07:00
2026-08-14 01:15:40 | INFO | Last candle  : 2024-06-11 15:31:00
2026-08-14 01:15:40 | INFO | Saved 2024-06-10: 378 candles -> data/raw/breeze\RELIND\1m\2024\06\2024-06-10.json
2026-08-14 01:15:40 | INFO | Saved 2024-06-11: 378 candles -> data/raw/breeze\RELIND\1m\2024\06\2024-06-11.json
2026-08-14 01:15:40 | INFO | Next trading day: 2024-06-12
2026-08-14 01:15:40 | INFO | Waiting 1.0 seconds...
2026-08-14 01:15:41 | INFO | 
2026-08-14 01:15:41 | INFO | ======================================================================
2026-08-14 01:15:41 | INFO | CHUNK #345
2026-08-14 01:15:41 | INFO | Trading days: 2024-06-12 -> 2024-06-13
2026-08-14 01:15:41 | INFO | Request: 2024-06-12T09:00:00.000Z -> 2024-06-13T15:45:00.000Z
2026-08-14 01:15:41 | INFO | ======================================================================
2026-08-14 01:15:41 | INFO | API request: 2024-06-12T09:00:00.000Z -> 2024-06-13T15:45:00.000Z (attempt 1/3)
2026-08-14 01:15:42 | INFO | Breeze returned 756 candles.
2026-08-14 01:15:42 | INFO | First candle : 2024-06-12 09:07:00
2026-08-14 01:15:42 | INFO | Last candle  : 2024-06-13 15:31:00
2026-08-14 01:15:42 | INFO | Saved 2024-06-12: 378 candles -> data/raw/breeze\RELIND\1m\2024\06\2024-06-12.json
2026-08-14 01:15:42 | INFO | Saved 2024-06-13: 378 candles -> data/raw/breeze\RELIND\1m\2024\06\2024-06-13.json
2026-08-14 01:15:42 | INFO | Next trading day: 2024-06-14
2026-08-14 01:15:42 | INFO | Waiting 1.0 seconds...
2026-08-14 01:15:43 | INFO | 
2026-08-14 01:15:43 | INFO | ======================================================================
2026-08-14 01:15:43 | INFO | CHUNK #346
2026-08-14 01:15:43 | INFO | Trading days: 2024-06-14 -> 2024-06-14
2026-08-14 01:15:43 | INFO | Request: 2024-06-14T09:00:00.000Z -> 2024-06-14T15:45:00.000Z
2026-08-14 01:15:43 | INFO | ======================================================================
2026-08-14 01:15:43 | INFO | API request: 2024-06-14T09:00:00.000Z -> 2024-06-14T15:45:00.000Z (attempt 1/3)
2026-08-14 01:15:43 | INFO | Breeze returned 378 candles.
2026-08-14 01:15:43 | INFO | First candle : 2024-06-14 09:07:00
2026-08-14 01:15:43 | INFO | Last candle  : 2024-06-14 15:31:00
2026-08-14 01:15:43 | INFO | Saved 2024-06-14: 378 candles -> data/raw/breeze\RELIND\1m\2024\06\2024-06-14.json
2026-08-14 01:15:43 | INFO | Next trading day: 2024-06-17
2026-08-14 01:15:43 | INFO | Waiting 1.0 seconds...
2026-08-14 01:15:44 | INFO | 
2026-08-14 01:15:44 | INFO | ======================================================================
2026-08-14 01:15:44 | INFO | CHUNK #347
2026-08-14 01:15:44 | INFO | Trading days: 2024-06-17 -> 2024-06-18
2026-08-14 01:15:44 | INFO | Request: 2024-06-17T09:00:00.000Z -> 2024-06-18T15:45:00.000Z
2026-08-14 01:15:44 | INFO | ======================================================================
2026-08-14 01:15:44 | INFO | API request: 2024-06-17T09:00:00.000Z -> 2024-06-18T15:45:00.000Z (attempt 1/3)
2026-08-14 01:15:44 | INFO | Breeze returned 378 candles.
2026-08-14 01:15:44 | INFO | First candle : 2024-06-18 09:07:00
2026-08-14 01:15:44 | INFO | Last candle  : 2024-06-18 15:31:00
2026-08-14 01:15:44 | INFO | Saved 2024-06-17: 0 candles -> data/raw/breeze\RELIND\1m\2024\06\2024-06-17.json
2026-08-14 01:15:44 | INFO | Saved 2024-06-18: 378 candles -> data/raw/breeze\RELIND\1m\2024\06\2024-06-18.json
2026-08-14 01:15:44 | INFO | Next trading day: 2024-06-19
2026-08-14 01:15:44 | INFO | Waiting 1.0 seconds...
2026-08-14 01:15:45 | INFO | 
2026-08-14 01:15:45 | INFO | ======================================================================
2026-08-14 01:15:45 | INFO | CHUNK #348
2026-08-14 01:15:45 | INFO | Trading days: 2024-06-19 -> 2024-06-20
2026-08-14 01:15:45 | INFO | Request: 2024-06-19T09:00:00.000Z -> 2024-06-20T15:45:00.000Z
2026-08-14 01:15:45 | INFO | ======================================================================
2026-08-14 01:15:45 | INFO | API request: 2024-06-19T09:00:00.000Z -> 2024-06-20T15:45:00.000Z (attempt 1/3)
2026-08-14 01:15:45 | INFO | Breeze returned 756 candles.
2026-08-14 01:15:45 | INFO | First candle : 2024-06-19 09:07:00
2026-08-14 01:15:45 | INFO | Last candle  : 2024-06-20 15:31:00
2026-08-14 01:15:45 | INFO | Saved 2024-06-19: 378 candles -> data/raw/breeze\RELIND\1m\2024\06\2024-06-19.json
2026-08-14 01:15:46 | INFO | Saved 2024-06-20: 378 candles -> data/raw/breeze\RELIND\1m\2024\06\2024-06-20.json
2026-08-14 01:15:46 | INFO | Next trading day: 2024-06-21
2026-08-14 01:15:46 | INFO | Waiting 1.0 seconds...
2026-08-14 01:15:47 | INFO | 
2026-08-14 01:15:47 | INFO | ======================================================================
2026-08-14 01:15:47 | INFO | CHUNK #349
2026-08-14 01:15:47 | INFO | Trading days: 2024-06-21 -> 2024-06-21
2026-08-14 01:15:47 | INFO | Request: 2024-06-21T09:00:00.000Z -> 2024-06-21T15:45:00.000Z
2026-08-14 01:15:47 | INFO | ======================================================================
2026-08-14 01:15:47 | INFO | API request: 2024-06-21T09:00:00.000Z -> 2024-06-21T15:45:00.000Z (attempt 1/3)
2026-08-14 01:15:47 | INFO | Breeze returned 378 candles.
2026-08-14 01:15:47 | INFO | First candle : 2024-06-21 09:07:00
2026-08-14 01:15:47 | INFO | Last candle  : 2024-06-21 15:31:00
2026-08-14 01:15:47 | INFO | Saved 2024-06-21: 378 candles -> data/raw/breeze\RELIND\1m\2024\06\2024-06-21.json
2026-08-14 01:15:47 | INFO | Next trading day: 2024-06-24
2026-08-14 01:15:47 | INFO | Waiting 1.0 seconds...
2026-08-14 01:15:48 | INFO | 
2026-08-14 01:15:48 | INFO | ======================================================================
2026-08-14 01:15:48 | INFO | CHUNK #350
2026-08-14 01:15:48 | INFO | Trading days: 2024-06-24 -> 2024-06-25
2026-08-14 01:15:48 | INFO | Request: 2024-06-24T09:00:00.000Z -> 2024-06-25T15:45:00.000Z
2026-08-14 01:15:48 | INFO | ======================================================================
2026-08-14 01:15:48 | INFO | API request: 2024-06-24T09:00:00.000Z -> 2024-06-25T15:45:00.000Z (attempt 1/3)
2026-08-14 01:15:48 | INFO | Breeze returned 756 candles.
2026-08-14 01:15:48 | INFO | First candle : 2024-06-24 09:07:00
2026-08-14 01:15:48 | INFO | Last candle  : 2024-06-25 15:31:00
2026-08-14 01:15:48 | INFO | Saved 2024-06-24: 378 candles -> data/raw/breeze\RELIND\1m\2024\06\2024-06-24.json
2026-08-14 01:15:48 | INFO | Saved 2024-06-25: 378 candles -> data/raw/breeze\RELIND\1m\2024\06\2024-06-25.json
2026-08-14 01:15:48 | INFO | Next trading day: 2024-06-26
2026-08-14 01:15:48 | INFO | Waiting 1.0 seconds...
2026-08-14 01:15:49 | INFO | 
2026-08-14 01:15:49 | INFO | ======================================================================
2026-08-14 01:15:49 | INFO | CHUNK #351
2026-08-14 01:15:50 | INFO | Trading days: 2024-06-26 -> 2024-06-27
2026-08-14 01:15:50 | INFO | Request: 2024-06-26T09:00:00.000Z -> 2024-06-27T15:45:00.000Z
2026-08-14 01:15:50 | INFO | ======================================================================
2026-08-14 01:15:50 | INFO | API request: 2024-06-26T09:00:00.000Z -> 2024-06-27T15:45:00.000Z (attempt 1/3)
2026-08-14 01:15:50 | INFO | Breeze returned 756 candles.
2026-08-14 01:15:50 | INFO | First candle : 2024-06-26 09:07:00
2026-08-14 01:15:50 | INFO | Last candle  : 2024-06-27 15:31:00
2026-08-14 01:15:50 | INFO | Saved 2024-06-26: 378 candles -> data/raw/breeze\RELIND\1m\2024\06\2024-06-26.json
2026-08-14 01:15:50 | INFO | Saved 2024-06-27: 378 candles -> data/raw/breeze\RELIND\1m\2024\06\2024-06-27.json
2026-08-14 01:15:50 | INFO | Next trading day: 2024-06-28
2026-08-14 01:15:50 | INFO | Waiting 1.0 seconds...
2026-08-14 01:15:51 | INFO | 
2026-08-14 01:15:51 | INFO | ======================================================================
2026-08-14 01:15:51 | INFO | CHUNK #352
2026-08-14 01:15:51 | INFO | Trading days: 2024-06-28 -> 2024-06-28
2026-08-14 01:15:51 | INFO | Request: 2024-06-28T09:00:00.000Z -> 2024-06-28T15:45:00.000Z
2026-08-14 01:15:51 | INFO | ======================================================================
2026-08-14 01:15:51 | INFO | API request: 2024-06-28T09:00:00.000Z -> 2024-06-28T15:45:00.000Z (attempt 1/3)
2026-08-14 01:15:52 | INFO | Breeze returned 377 candles.
2026-08-14 01:15:52 | INFO | First candle : 2024-06-28 09:07:00
2026-08-14 01:15:52 | INFO | Last candle  : 2024-06-28 15:32:00
2026-08-14 01:15:52 | INFO | Saved 2024-06-28: 377 candles -> data/raw/breeze\RELIND\1m\2024\06\2024-06-28.json
2026-08-14 01:15:52 | INFO | Next trading day: 2024-07-01
2026-08-14 01:15:52 | INFO | Waiting 1.0 seconds...
2026-08-14 01:15:53 | INFO | 
2026-08-14 01:15:53 | INFO | ======================================================================
2026-08-14 01:15:53 | INFO | CHUNK #353
2026-08-14 01:15:53 | INFO | Trading days: 2024-07-01 -> 2024-07-02
2026-08-14 01:15:53 | INFO | Request: 2024-07-01T09:00:00.000Z -> 2024-07-02T15:45:00.000Z
2026-08-14 01:15:53 | INFO | ======================================================================
2026-08-14 01:15:53 | INFO | API request: 2024-07-01T09:00:00.000Z -> 2024-07-02T15:45:00.000Z (attempt 1/3)
2026-08-14 01:15:53 | INFO | Breeze returned 756 candles.
2026-08-14 01:15:53 | INFO | First candle : 2024-07-01 09:07:00
2026-08-14 01:15:53 | INFO | Last candle  : 2024-07-02 15:32:00
2026-08-14 01:15:54 | INFO | Saved 2024-07-01: 378 candles -> data/raw/breeze\RELIND\1m\2024\07\2024-07-01.json
2026-08-14 01:15:54 | INFO | Saved 2024-07-02: 378 candles -> data/raw/breeze\RELIND\1m\2024\07\2024-07-02.json
2026-08-14 01:15:54 | INFO | Next trading day: 2024-07-03
2026-08-14 01:15:54 | INFO | Waiting 1.0 seconds...
2026-08-14 01:15:55 | INFO | 
2026-08-14 01:15:55 | INFO | ======================================================================
2026-08-14 01:15:55 | INFO | CHUNK #354
2026-08-14 01:15:55 | INFO | Trading days: 2024-07-03 -> 2024-07-04
2026-08-14 01:15:55 | INFO | Request: 2024-07-03T09:00:00.000Z -> 2024-07-04T15:45:00.000Z
2026-08-14 01:15:55 | INFO | ======================================================================
2026-08-14 01:15:55 | INFO | API request: 2024-07-03T09:00:00.000Z -> 2024-07-04T15:45:00.000Z (attempt 1/3)
2026-08-14 01:15:55 | INFO | Breeze returned 756 candles.
2026-08-14 01:15:55 | INFO | First candle : 2024-07-03 09:07:00
2026-08-14 01:15:55 | INFO | Last candle  : 2024-07-04 15:32:00
2026-08-14 01:15:55 | INFO | Saved 2024-07-03: 378 candles -> data/raw/breeze\RELIND\1m\2024\07\2024-07-03.json
2026-08-14 01:15:55 | INFO | Saved 2024-07-04: 378 candles -> data/raw/breeze\RELIND\1m\2024\07\2024-07-04.json
2026-08-14 01:15:55 | INFO | Next trading day: 2024-07-05
2026-08-14 01:15:55 | INFO | Waiting 1.0 seconds...
2026-08-14 01:15:56 | INFO | 
2026-08-14 01:15:56 | INFO | ======================================================================
2026-08-14 01:15:56 | INFO | CHUNK #355
2026-08-14 01:15:56 | INFO | Trading days: 2024-07-05 -> 2024-07-05
2026-08-14 01:15:56 | INFO | Request: 2024-07-05T09:00:00.000Z -> 2024-07-05T15:45:00.000Z
2026-08-14 01:15:56 | INFO | ======================================================================
2026-08-14 01:15:56 | INFO | API request: 2024-07-05T09:00:00.000Z -> 2024-07-05T15:45:00.000Z (attempt 1/3)
2026-08-14 01:15:56 | INFO | Breeze returned 379 candles.
2026-08-14 01:15:56 | INFO | First candle : 2024-07-05 09:07:00
2026-08-14 01:15:56 | INFO | Last candle  : 2024-07-05 15:39:00
2026-08-14 01:15:56 | INFO | Saved 2024-07-05: 379 candles -> data/raw/breeze\RELIND\1m\2024\07\2024-07-05.json
2026-08-14 01:15:56 | INFO | Next trading day: 2024-07-08
2026-08-14 01:15:56 | INFO | Waiting 1.0 seconds...
2026-08-14 01:15:57 | INFO | 
2026-08-14 01:15:57 | INFO | ======================================================================
2026-08-14 01:15:57 | INFO | CHUNK #356
2026-08-14 01:15:57 | INFO | Trading days: 2024-07-08 -> 2024-07-09
2026-08-14 01:15:57 | INFO | Request: 2024-07-08T09:00:00.000Z -> 2024-07-09T15:45:00.000Z
2026-08-14 01:15:57 | INFO | ======================================================================
2026-08-14 01:15:57 | INFO | API request: 2024-07-08T09:00:00.000Z -> 2024-07-09T15:45:00.000Z (attempt 1/3)
2026-08-14 01:15:58 | INFO | Breeze returned 756 candles.
2026-08-14 01:15:58 | INFO | First candle : 2024-07-08 09:07:00
2026-08-14 01:15:58 | INFO | Last candle  : 2024-07-09 15:32:00
2026-08-14 01:15:58 | INFO | Saved 2024-07-08: 378 candles -> data/raw/breeze\RELIND\1m\2024\07\2024-07-08.json
2026-08-14 01:15:58 | INFO | Saved 2024-07-09: 378 candles -> data/raw/breeze\RELIND\1m\2024\07\2024-07-09.json
2026-08-14 01:15:58 | INFO | Next trading day: 2024-07-10
2026-08-14 01:15:58 | INFO | Waiting 1.0 seconds...
2026-08-14 01:15:59 | INFO | 
2026-08-14 01:15:59 | INFO | ======================================================================
2026-08-14 01:15:59 | INFO | CHUNK #357
2026-08-14 01:15:59 | INFO | Trading days: 2024-07-10 -> 2024-07-11
2026-08-14 01:15:59 | INFO | Request: 2024-07-10T09:00:00.000Z -> 2024-07-11T15:45:00.000Z
2026-08-14 01:15:59 | INFO | ======================================================================
2026-08-14 01:15:59 | INFO | API request: 2024-07-10T09:00:00.000Z -> 2024-07-11T15:45:00.000Z (attempt 1/3)
2026-08-14 01:15:59 | INFO | Breeze returned 756 candles.
2026-08-14 01:15:59 | INFO | First candle : 2024-07-10 09:08:00
2026-08-14 01:15:59 | INFO | Last candle  : 2024-07-11 15:31:00
2026-08-14 01:15:59 | INFO | Saved 2024-07-10: 378 candles -> data/raw/breeze\RELIND\1m\2024\07\2024-07-10.json
2026-08-14 01:15:59 | INFO | Saved 2024-07-11: 378 candles -> data/raw/breeze\RELIND\1m\2024\07\2024-07-11.json
2026-08-14 01:15:59 | INFO | Next trading day: 2024-07-12
2026-08-14 01:15:59 | INFO | Waiting 1.0 seconds...
2026-08-14 01:16:00 | INFO | 
2026-08-14 01:16:00 | INFO | ======================================================================
2026-08-14 01:16:00 | INFO | CHUNK #358
2026-08-14 01:16:00 | INFO | Trading days: 2024-07-12 -> 2024-07-12
2026-08-14 01:16:00 | INFO | Request: 2024-07-12T09:00:00.000Z -> 2024-07-12T15:45:00.000Z
2026-08-14 01:16:00 | INFO | ======================================================================
2026-08-14 01:16:00 | INFO | API request: 2024-07-12T09:00:00.000Z -> 2024-07-12T15:45:00.000Z (attempt 1/3)
2026-08-14 01:16:01 | INFO | Breeze returned 378 candles.
2026-08-14 01:16:01 | INFO | First candle : 2024-07-12 09:07:00
2026-08-14 01:16:01 | INFO | Last candle  : 2024-07-12 15:32:00
2026-08-14 01:16:01 | INFO | Saved 2024-07-12: 378 candles -> data/raw/breeze\RELIND\1m\2024\07\2024-07-12.json
2026-08-14 01:16:01 | INFO | Next trading day: 2024-07-15
2026-08-14 01:16:01 | INFO | Waiting 1.0 seconds...
2026-08-14 01:16:02 | INFO | 
2026-08-14 01:16:02 | INFO | ======================================================================
2026-08-14 01:16:02 | INFO | CHUNK #359
2026-08-14 01:16:02 | INFO | Trading days: 2024-07-15 -> 2024-07-16
2026-08-14 01:16:02 | INFO | Request: 2024-07-15T09:00:00.000Z -> 2024-07-16T15:45:00.000Z
2026-08-14 01:16:02 | INFO | ======================================================================
2026-08-14 01:16:02 | INFO | API request: 2024-07-15T09:00:00.000Z -> 2024-07-16T15:45:00.000Z (attempt 1/3)
2026-08-14 01:16:02 | INFO | Breeze returned 755 candles.
2026-08-14 01:16:02 | INFO | First candle : 2024-07-15 09:07:00
2026-08-14 01:16:02 | INFO | Last candle  : 2024-07-16 15:32:00
2026-08-14 01:16:02 | INFO | Saved 2024-07-15: 377 candles -> data/raw/breeze\RELIND\1m\2024\07\2024-07-15.json
2026-08-14 01:16:02 | INFO | Saved 2024-07-16: 378 candles -> data/raw/breeze\RELIND\1m\2024\07\2024-07-16.json
2026-08-14 01:16:02 | INFO | Next trading day: 2024-07-17
2026-08-14 01:16:02 | INFO | Waiting 1.0 seconds...
2026-08-14 01:16:03 | INFO | 
2026-08-14 01:16:03 | INFO | ======================================================================
2026-08-14 01:16:03 | INFO | CHUNK #360
2026-08-14 01:16:03 | INFO | Trading days: 2024-07-17 -> 2024-07-18
2026-08-14 01:16:03 | INFO | Request: 2024-07-17T09:00:00.000Z -> 2024-07-18T15:45:00.000Z
2026-08-14 01:16:03 | INFO | ======================================================================
2026-08-14 01:16:03 | INFO | API request: 2024-07-17T09:00:00.000Z -> 2024-07-18T15:45:00.000Z (attempt 1/3)
2026-08-14 01:16:03 | INFO | Breeze returned 378 candles.
2026-08-14 01:16:03 | INFO | First candle : 2024-07-18 09:07:00
2026-08-14 01:16:03 | INFO | Last candle  : 2024-07-18 15:32:00
2026-08-14 01:16:03 | INFO | Saved 2024-07-17: 0 candles -> data/raw/breeze\RELIND\1m\2024\07\2024-07-17.json
2026-08-14 01:16:03 | INFO | Saved 2024-07-18: 378 candles -> data/raw/breeze\RELIND\1m\2024\07\2024-07-18.json
2026-08-14 01:16:03 | INFO | Next trading day: 2024-07-19
2026-08-14 01:16:03 | INFO | Waiting 1.0 seconds...
2026-08-14 01:16:04 | INFO | 
2026-08-14 01:16:04 | INFO | ======================================================================
2026-08-14 01:16:04 | INFO | CHUNK #361
2026-08-14 01:16:04 | INFO | Trading days: 2024-07-19 -> 2024-07-19
2026-08-14 01:16:04 | INFO | Request: 2024-07-19T09:00:00.000Z -> 2024-07-19T15:45:00.000Z
2026-08-14 01:16:04 | INFO | ======================================================================
2026-08-14 01:16:04 | INFO | API request: 2024-07-19T09:00:00.000Z -> 2024-07-19T15:45:00.000Z (attempt 1/3)
2026-08-14 01:16:05 | INFO | Breeze returned 378 candles.
2026-08-14 01:16:05 | INFO | First candle : 2024-07-19 09:07:00
2026-08-14 01:16:05 | INFO | Last candle  : 2024-07-19 15:32:00
2026-08-14 01:16:05 | INFO | Saved 2024-07-19: 378 candles -> data/raw/breeze\RELIND\1m\2024\07\2024-07-19.json
2026-08-14 01:16:05 | INFO | Next trading day: 2024-07-22
2026-08-14 01:16:05 | INFO | Waiting 1.0 seconds...
2026-08-14 01:16:06 | INFO | 
2026-08-14 01:16:06 | INFO | ======================================================================
2026-08-14 01:16:06 | INFO | CHUNK #362
2026-08-14 01:16:06 | INFO | Trading days: 2024-07-22 -> 2024-07-23
2026-08-14 01:16:06 | INFO | Request: 2024-07-22T09:00:00.000Z -> 2024-07-23T15:45:00.000Z
2026-08-14 01:16:06 | INFO | ======================================================================
2026-08-14 01:16:06 | INFO | API request: 2024-07-22T09:00:00.000Z -> 2024-07-23T15:45:00.000Z (attempt 1/3)
2026-08-14 01:16:06 | INFO | Breeze returned 756 candles.
2026-08-14 01:16:06 | INFO | First candle : 2024-07-22 09:07:00
2026-08-14 01:16:06 | INFO | Last candle  : 2024-07-23 15:32:00
2026-08-14 01:16:06 | INFO | Saved 2024-07-22: 378 candles -> data/raw/breeze\RELIND\1m\2024\07\2024-07-22.json
2026-08-14 01:16:06 | INFO | Saved 2024-07-23: 378 candles -> data/raw/breeze\RELIND\1m\2024\07\2024-07-23.json
2026-08-14 01:16:06 | INFO | Next trading day: 2024-07-24
2026-08-14 01:16:06 | INFO | Waiting 1.0 seconds...
2026-08-14 01:16:07 | INFO | 
2026-08-14 01:16:07 | INFO | ======================================================================
2026-08-14 01:16:07 | INFO | CHUNK #363
2026-08-14 01:16:07 | INFO | Trading days: 2024-07-24 -> 2024-07-25
2026-08-14 01:16:07 | INFO | Request: 2024-07-24T09:00:00.000Z -> 2024-07-25T15:45:00.000Z
2026-08-14 01:16:07 | INFO | ======================================================================
2026-08-14 01:16:07 | INFO | API request: 2024-07-24T09:00:00.000Z -> 2024-07-25T15:45:00.000Z (attempt 1/3)
2026-08-14 01:16:07 | INFO | Breeze returned 756 candles.
2026-08-14 01:16:07 | INFO | First candle : 2024-07-24 09:07:00
2026-08-14 01:16:07 | INFO | Last candle  : 2024-07-25 15:32:00
2026-08-14 01:16:07 | INFO | Saved 2024-07-24: 378 candles -> data/raw/breeze\RELIND\1m\2024\07\2024-07-24.json
2026-08-14 01:16:07 | INFO | Saved 2024-07-25: 378 candles -> data/raw/breeze\RELIND\1m\2024\07\2024-07-25.json
2026-08-14 01:16:07 | INFO | Next trading day: 2024-07-26
2026-08-14 01:16:07 | INFO | Waiting 1.0 seconds...
2026-08-14 01:16:08 | INFO | 
2026-08-14 01:16:08 | INFO | ======================================================================
2026-08-14 01:16:08 | INFO | CHUNK #364
2026-08-14 01:16:08 | INFO | Trading days: 2024-07-26 -> 2024-07-26
2026-08-14 01:16:08 | INFO | Request: 2024-07-26T09:00:00.000Z -> 2024-07-26T15:45:00.000Z
2026-08-14 01:16:08 | INFO | ======================================================================
2026-08-14 01:16:08 | INFO | API request: 2024-07-26T09:00:00.000Z -> 2024-07-26T15:45:00.000Z (attempt 1/3)
2026-08-14 01:16:09 | INFO | Breeze returned 378 candles.
2026-08-14 01:16:09 | INFO | First candle : 2024-07-26 09:07:00
2026-08-14 01:16:09 | INFO | Last candle  : 2024-07-26 15:32:00
2026-08-14 01:16:09 | INFO | Saved 2024-07-26: 378 candles -> data/raw/breeze\RELIND\1m\2024\07\2024-07-26.json
2026-08-14 01:16:09 | INFO | Next trading day: 2024-07-29
2026-08-14 01:16:09 | INFO | Waiting 1.0 seconds...
2026-08-14 01:16:10 | INFO | 
2026-08-14 01:16:10 | INFO | ======================================================================
2026-08-14 01:16:10 | INFO | CHUNK #365
2026-08-14 01:16:10 | INFO | Trading days: 2024-07-29 -> 2024-07-30
2026-08-14 01:16:10 | INFO | Request: 2024-07-29T09:00:00.000Z -> 2024-07-30T15:45:00.000Z
2026-08-14 01:16:10 | INFO | ======================================================================
2026-08-14 01:16:10 | INFO | API request: 2024-07-29T09:00:00.000Z -> 2024-07-30T15:45:00.000Z (attempt 1/3)
2026-08-14 01:16:10 | INFO | Breeze returned 756 candles.
2026-08-14 01:16:10 | INFO | First candle : 2024-07-29 09:07:00
2026-08-14 01:16:10 | INFO | Last candle  : 2024-07-30 15:32:00
2026-08-14 01:16:10 | INFO | Saved 2024-07-29: 378 candles -> data/raw/breeze\RELIND\1m\2024\07\2024-07-29.json
2026-08-14 01:16:10 | INFO | Saved 2024-07-30: 378 candles -> data/raw/breeze\RELIND\1m\2024\07\2024-07-30.json
2026-08-14 01:16:10 | INFO | Next trading day: 2024-07-31
2026-08-14 01:16:10 | INFO | Waiting 1.0 seconds...
2026-08-14 01:16:11 | INFO | 
2026-08-14 01:16:11 | INFO | ======================================================================
2026-08-14 01:16:11 | INFO | CHUNK #366
2026-08-14 01:16:11 | INFO | Trading days: 2024-07-31 -> 2024-08-01
2026-08-14 01:16:11 | INFO | Request: 2024-07-31T09:00:00.000Z -> 2024-08-01T15:45:00.000Z
2026-08-14 01:16:11 | INFO | ======================================================================
2026-08-14 01:16:11 | INFO | API request: 2024-07-31T09:00:00.000Z -> 2024-08-01T15:45:00.000Z (attempt 1/3)
2026-08-14 01:16:11 | INFO | Breeze returned 756 candles.
2026-08-14 01:16:11 | INFO | First candle : 2024-07-31 09:07:00
2026-08-14 01:16:11 | INFO | Last candle  : 2024-08-01 15:32:00
2026-08-14 01:16:11 | INFO | Saved 2024-07-31: 378 candles -> data/raw/breeze\RELIND\1m\2024\07\2024-07-31.json
2026-08-14 01:16:11 | INFO | Saved 2024-08-01: 378 candles -> data/raw/breeze\RELIND\1m\2024\08\2024-08-01.json
2026-08-14 01:16:11 | INFO | Next trading day: 2024-08-02
2026-08-14 01:16:11 | INFO | Waiting 1.0 seconds...
2026-08-14 01:16:12 | INFO | 
2026-08-14 01:16:12 | INFO | ======================================================================
2026-08-14 01:16:12 | INFO | CHUNK #367
2026-08-14 01:16:12 | INFO | Trading days: 2024-08-02 -> 2024-08-02
2026-08-14 01:16:12 | INFO | Request: 2024-08-02T09:00:00.000Z -> 2024-08-02T15:45:00.000Z
2026-08-14 01:16:12 | INFO | ======================================================================
2026-08-14 01:16:12 | INFO | API request: 2024-08-02T09:00:00.000Z -> 2024-08-02T15:45:00.000Z (attempt 1/3)
2026-08-14 01:16:12 | INFO | Breeze returned 377 candles.
2026-08-14 01:16:12 | INFO | First candle : 2024-08-02 09:07:00
2026-08-14 01:16:12 | INFO | Last candle  : 2024-08-02 15:32:00
2026-08-14 01:16:12 | INFO | Saved 2024-08-02: 377 candles -> data/raw/breeze\RELIND\1m\2024\08\2024-08-02.json
2026-08-14 01:16:12 | INFO | Next trading day: 2024-08-05
2026-08-14 01:16:12 | INFO | Waiting 1.0 seconds...
2026-08-14 01:16:13 | INFO | 
2026-08-14 01:16:13 | INFO | ======================================================================
2026-08-14 01:16:13 | INFO | CHUNK #368
2026-08-14 01:16:13 | INFO | Trading days: 2024-08-05 -> 2024-08-06
2026-08-14 01:16:13 | INFO | Request: 2024-08-05T09:00:00.000Z -> 2024-08-06T15:45:00.000Z
2026-08-14 01:16:13 | INFO | ======================================================================
2026-08-14 01:16:13 | INFO | API request: 2024-08-05T09:00:00.000Z -> 2024-08-06T15:45:00.000Z (attempt 1/3)
2026-08-14 01:16:14 | INFO | Breeze returned 756 candles.
2026-08-14 01:16:14 | INFO | First candle : 2024-08-05 09:07:00
2026-08-14 01:16:14 | INFO | Last candle  : 2024-08-06 15:32:00
2026-08-14 01:16:14 | INFO | Saved 2024-08-05: 378 candles -> data/raw/breeze\RELIND\1m\2024\08\2024-08-05.json
2026-08-14 01:16:14 | INFO | Saved 2024-08-06: 378 candles -> data/raw/breeze\RELIND\1m\2024\08\2024-08-06.json
2026-08-14 01:16:14 | INFO | Next trading day: 2024-08-07
2026-08-14 01:16:14 | INFO | Waiting 1.0 seconds...
2026-08-14 01:16:15 | INFO | 
2026-08-14 01:16:15 | INFO | ======================================================================
2026-08-14 01:16:15 | INFO | CHUNK #369
2026-08-14 01:16:15 | INFO | Trading days: 2024-08-07 -> 2024-08-08
2026-08-14 01:16:15 | INFO | Request: 2024-08-07T09:00:00.000Z -> 2024-08-08T15:45:00.000Z
2026-08-14 01:16:15 | INFO | ======================================================================
2026-08-14 01:16:15 | INFO | API request: 2024-08-07T09:00:00.000Z -> 2024-08-08T15:45:00.000Z (attempt 1/3)
2026-08-14 01:16:15 | INFO | Breeze returned 756 candles.
2026-08-14 01:16:15 | INFO | First candle : 2024-08-07 09:07:00
2026-08-14 01:16:15 | INFO | Last candle  : 2024-08-08 15:32:00
2026-08-14 01:16:15 | INFO | Saved 2024-08-07: 378 candles -> data/raw/breeze\RELIND\1m\2024\08\2024-08-07.json
2026-08-14 01:16:15 | INFO | Saved 2024-08-08: 378 candles -> data/raw/breeze\RELIND\1m\2024\08\2024-08-08.json
2026-08-14 01:16:15 | INFO | Next trading day: 2024-08-09
2026-08-14 01:16:15 | INFO | Waiting 1.0 seconds...
2026-08-14 01:16:16 | INFO | 
2026-08-14 01:16:16 | INFO | ======================================================================
2026-08-14 01:16:16 | INFO | CHUNK #370
2026-08-14 01:16:16 | INFO | Trading days: 2024-08-09 -> 2024-08-09
2026-08-14 01:16:16 | INFO | Request: 2024-08-09T09:00:00.000Z -> 2024-08-09T15:45:00.000Z
2026-08-14 01:16:16 | INFO | ======================================================================
2026-08-14 01:16:16 | INFO | API request: 2024-08-09T09:00:00.000Z -> 2024-08-09T15:45:00.000Z (attempt 1/3)
2026-08-14 01:16:17 | INFO | Breeze returned 378 candles.
2026-08-14 01:16:17 | INFO | First candle : 2024-08-09 09:07:00
2026-08-14 01:16:17 | INFO | Last candle  : 2024-08-09 15:32:00
2026-08-14 01:16:17 | INFO | Saved 2024-08-09: 378 candles -> data/raw/breeze\RELIND\1m\2024\08\2024-08-09.json
2026-08-14 01:16:17 | INFO | Next trading day: 2024-08-12
2026-08-14 01:16:17 | INFO | Waiting 1.0 seconds...
2026-08-14 01:16:18 | INFO | 
2026-08-14 01:16:18 | INFO | ======================================================================
2026-08-14 01:16:18 | INFO | CHUNK #371
2026-08-14 01:16:18 | INFO | Trading days: 2024-08-12 -> 2024-08-13
2026-08-14 01:16:18 | INFO | Request: 2024-08-12T09:00:00.000Z -> 2024-08-13T15:45:00.000Z
2026-08-14 01:16:18 | INFO | ======================================================================
2026-08-14 01:16:18 | INFO | API request: 2024-08-12T09:00:00.000Z -> 2024-08-13T15:45:00.000Z (attempt 1/3)
2026-08-14 01:16:18 | INFO | Breeze returned 756 candles.
2026-08-14 01:16:18 | INFO | First candle : 2024-08-12 09:07:00
2026-08-14 01:16:18 | INFO | Last candle  : 2024-08-13 15:31:00
2026-08-14 01:16:18 | INFO | Saved 2024-08-12: 378 candles -> data/raw/breeze\RELIND\1m\2024\08\2024-08-12.json
2026-08-14 01:16:18 | INFO | Saved 2024-08-13: 378 candles -> data/raw/breeze\RELIND\1m\2024\08\2024-08-13.json
2026-08-14 01:16:18 | INFO | Next trading day: 2024-08-14
2026-08-14 01:16:18 | INFO | Waiting 1.0 seconds...
2026-08-14 01:16:19 | INFO | 
2026-08-14 01:16:19 | INFO | ======================================================================
2026-08-14 01:16:19 | INFO | CHUNK #372
2026-08-14 01:16:19 | INFO | Trading days: 2024-08-14 -> 2024-08-15
2026-08-14 01:16:19 | INFO | Request: 2024-08-14T09:00:00.000Z -> 2024-08-15T15:45:00.000Z
2026-08-14 01:16:19 | INFO | ======================================================================
2026-08-14 01:16:19 | INFO | API request: 2024-08-14T09:00:00.000Z -> 2024-08-15T15:45:00.000Z (attempt 1/3)
2026-08-14 01:16:19 | INFO | Breeze returned 378 candles.
2026-08-14 01:16:19 | INFO | First candle : 2024-08-14 09:07:00
2026-08-14 01:16:19 | INFO | Last candle  : 2024-08-14 15:32:00
2026-08-14 01:16:19 | INFO | Saved 2024-08-14: 378 candles -> data/raw/breeze\RELIND\1m\2024\08\2024-08-14.json
2026-08-14 01:16:19 | INFO | Saved 2024-08-15: 0 candles -> data/raw/breeze\RELIND\1m\2024\08\2024-08-15.json
2026-08-14 01:16:19 | INFO | Next trading day: 2024-08-16
2026-08-14 01:16:19 | INFO | Waiting 1.0 seconds...
2026-08-14 01:16:20 | INFO | 
2026-08-14 01:16:20 | INFO | ======================================================================
2026-08-14 01:16:20 | INFO | CHUNK #373
2026-08-14 01:16:20 | INFO | Trading days: 2024-08-16 -> 2024-08-16
2026-08-14 01:16:20 | INFO | Request: 2024-08-16T09:00:00.000Z -> 2024-08-16T15:45:00.000Z
2026-08-14 01:16:20 | INFO | ======================================================================
2026-08-14 01:16:20 | INFO | API request: 2024-08-16T09:00:00.000Z -> 2024-08-16T15:45:00.000Z (attempt 1/3)
2026-08-14 01:16:20 | INFO | Breeze returned 378 candles.
2026-08-14 01:16:20 | INFO | First candle : 2024-08-16 09:07:00
2026-08-14 01:16:20 | INFO | Last candle  : 2024-08-16 15:32:00
2026-08-14 01:16:20 | INFO | Saved 2024-08-16: 378 candles -> data/raw/breeze\RELIND\1m\2024\08\2024-08-16.json
2026-08-14 01:16:20 | INFO | Next trading day: 2024-08-19
2026-08-14 01:16:20 | INFO | Waiting 1.0 seconds...
2026-08-14 01:16:21 | INFO | 
2026-08-14 01:16:21 | INFO | ======================================================================
2026-08-14 01:16:21 | INFO | CHUNK #374
2026-08-14 01:16:21 | INFO | Trading days: 2024-08-19 -> 2024-08-20
2026-08-14 01:16:21 | INFO | Request: 2024-08-19T09:00:00.000Z -> 2024-08-20T15:45:00.000Z
2026-08-14 01:16:21 | INFO | ======================================================================
2026-08-14 01:16:21 | INFO | API request: 2024-08-19T09:00:00.000Z -> 2024-08-20T15:45:00.000Z (attempt 1/3)
2026-08-14 01:16:22 | INFO | Breeze returned 756 candles.
2026-08-14 01:16:22 | INFO | First candle : 2024-08-19 09:07:00
2026-08-14 01:16:22 | INFO | Last candle  : 2024-08-20 15:31:00
2026-08-14 01:16:22 | INFO | Saved 2024-08-19: 378 candles -> data/raw/breeze\RELIND\1m\2024\08\2024-08-19.json
2026-08-14 01:16:22 | INFO | Saved 2024-08-20: 378 candles -> data/raw/breeze\RELIND\1m\2024\08\2024-08-20.json
2026-08-14 01:16:22 | INFO | Next trading day: 2024-08-21
2026-08-14 01:16:22 | INFO | Waiting 1.0 seconds...
2026-08-14 01:16:23 | INFO | 
2026-08-14 01:16:23 | INFO | ======================================================================
2026-08-14 01:16:23 | INFO | CHUNK #375
2026-08-14 01:16:23 | INFO | Trading days: 2024-08-21 -> 2024-08-22
2026-08-14 01:16:23 | INFO | Request: 2024-08-21T09:00:00.000Z -> 2024-08-22T15:45:00.000Z
2026-08-14 01:16:23 | INFO | ======================================================================
2026-08-14 01:16:23 | INFO | API request: 2024-08-21T09:00:00.000Z -> 2024-08-22T15:45:00.000Z (attempt 1/3)
2026-08-14 01:16:23 | INFO | Breeze returned 757 candles.
2026-08-14 01:16:23 | INFO | First candle : 2024-08-21 09:07:00
2026-08-14 01:16:23 | INFO | Last candle  : 2024-08-22 15:31:00
2026-08-14 01:16:23 | INFO | Saved 2024-08-21: 378 candles -> data/raw/breeze\RELIND\1m\2024\08\2024-08-21.json
2026-08-14 01:16:23 | INFO | Saved 2024-08-22: 379 candles -> data/raw/breeze\RELIND\1m\2024\08\2024-08-22.json
2026-08-14 01:16:23 | INFO | Next trading day: 2024-08-23
2026-08-14 01:16:23 | INFO | Waiting 1.0 seconds...
2026-08-14 01:16:24 | INFO | 
2026-08-14 01:16:24 | INFO | ======================================================================
2026-08-14 01:16:24 | INFO | CHUNK #376
2026-08-14 01:16:24 | INFO | Trading days: 2024-08-23 -> 2024-08-23
2026-08-14 01:16:24 | INFO | Request: 2024-08-23T09:00:00.000Z -> 2024-08-23T15:45:00.000Z
2026-08-14 01:16:24 | INFO | ======================================================================
2026-08-14 01:16:24 | INFO | API request: 2024-08-23T09:00:00.000Z -> 2024-08-23T15:45:00.000Z (attempt 1/3)
2026-08-14 01:16:24 | INFO | Breeze returned 378 candles.
2026-08-14 01:16:24 | INFO | First candle : 2024-08-23 09:07:00
2026-08-14 01:16:24 | INFO | Last candle  : 2024-08-23 15:31:00
2026-08-14 01:16:24 | INFO | Saved 2024-08-23: 378 candles -> data/raw/breeze\RELIND\1m\2024\08\2024-08-23.json
2026-08-14 01:16:24 | INFO | Next trading day: 2024-08-26
2026-08-14 01:16:24 | INFO | Waiting 1.0 seconds...
2026-08-14 01:16:25 | INFO | 
2026-08-14 01:16:25 | INFO | ======================================================================
2026-08-14 01:16:25 | INFO | CHUNK #377
2026-08-14 01:16:25 | INFO | Trading days: 2024-08-26 -> 2024-08-27
2026-08-14 01:16:25 | INFO | Request: 2024-08-26T09:00:00.000Z -> 2024-08-27T15:45:00.000Z
2026-08-14 01:16:25 | INFO | ======================================================================
2026-08-14 01:16:25 | INFO | API request: 2024-08-26T09:00:00.000Z -> 2024-08-27T15:45:00.000Z (attempt 1/3)
2026-08-14 01:16:26 | INFO | Breeze returned 756 candles.
2026-08-14 01:16:26 | INFO | First candle : 2024-08-26 09:07:00
2026-08-14 01:16:26 | INFO | Last candle  : 2024-08-27 15:31:00
2026-08-14 01:16:26 | INFO | Saved 2024-08-26: 378 candles -> data/raw/breeze\RELIND\1m\2024\08\2024-08-26.json
2026-08-14 01:16:26 | INFO | Saved 2024-08-27: 378 candles -> data/raw/breeze\RELIND\1m\2024\08\2024-08-27.json
2026-08-14 01:16:26 | INFO | Next trading day: 2024-08-28
2026-08-14 01:16:26 | INFO | Waiting 1.0 seconds...
2026-08-14 01:16:27 | INFO | 
2026-08-14 01:16:27 | INFO | ======================================================================
2026-08-14 01:16:27 | INFO | CHUNK #378
2026-08-14 01:16:27 | INFO | Trading days: 2024-08-28 -> 2024-08-29
2026-08-14 01:16:27 | INFO | Request: 2024-08-28T09:00:00.000Z -> 2024-08-29T15:45:00.000Z
2026-08-14 01:16:27 | INFO | ======================================================================
2026-08-14 01:16:27 | INFO | API request: 2024-08-28T09:00:00.000Z -> 2024-08-29T15:45:00.000Z (attempt 1/3)
2026-08-14 01:16:27 | INFO | Breeze returned 756 candles.
2026-08-14 01:16:27 | INFO | First candle : 2024-08-28 09:07:00
2026-08-14 01:16:27 | INFO | Last candle  : 2024-08-29 15:31:00
2026-08-14 01:16:27 | INFO | Saved 2024-08-28: 378 candles -> data/raw/breeze\RELIND\1m\2024\08\2024-08-28.json
2026-08-14 01:16:27 | INFO | Saved 2024-08-29: 378 candles -> data/raw/breeze\RELIND\1m\2024\08\2024-08-29.json
2026-08-14 01:16:27 | INFO | Next trading day: 2024-08-30
2026-08-14 01:16:27 | INFO | Waiting 1.0 seconds...
2026-08-14 01:16:28 | INFO | 
2026-08-14 01:16:28 | INFO | ======================================================================
2026-08-14 01:16:28 | INFO | CHUNK #379
2026-08-14 01:16:28 | INFO | Trading days: 2024-08-30 -> 2024-08-30
2026-08-14 01:16:28 | INFO | Request: 2024-08-30T09:00:00.000Z -> 2024-08-30T15:45:00.000Z
2026-08-14 01:16:28 | INFO | ======================================================================
2026-08-14 01:16:28 | INFO | API request: 2024-08-30T09:00:00.000Z -> 2024-08-30T15:45:00.000Z (attempt 1/3)
2026-08-14 01:16:29 | INFO | Breeze returned 378 candles.
2026-08-14 01:16:29 | INFO | First candle : 2024-08-30 09:07:00
2026-08-14 01:16:29 | INFO | Last candle  : 2024-08-30 15:31:00
2026-08-14 01:16:29 | INFO | Saved 2024-08-30: 378 candles -> data/raw/breeze\RELIND\1m\2024\08\2024-08-30.json
2026-08-14 01:16:29 | INFO | Next trading day: 2024-09-02
2026-08-14 01:16:29 | INFO | Waiting 1.0 seconds...
2026-08-14 01:16:30 | INFO | 
2026-08-14 01:16:30 | INFO | ======================================================================
2026-08-14 01:16:30 | INFO | CHUNK #380
2026-08-14 01:16:30 | INFO | Trading days: 2024-09-02 -> 2024-09-03
2026-08-14 01:16:30 | INFO | Request: 2024-09-02T09:00:00.000Z -> 2024-09-03T15:45:00.000Z
2026-08-14 01:16:30 | INFO | ======================================================================
2026-08-14 01:16:30 | INFO | API request: 2024-09-02T09:00:00.000Z -> 2024-09-03T15:45:00.000Z (attempt 1/3)
2026-08-14 01:16:30 | INFO | Breeze returned 756 candles.
2026-08-14 01:16:30 | INFO | First candle : 2024-09-02 09:07:00
2026-08-14 01:16:30 | INFO | Last candle  : 2024-09-03 15:32:00
2026-08-14 01:16:30 | INFO | Saved 2024-09-02: 378 candles -> data/raw/breeze\RELIND\1m\2024\09\2024-09-02.json
2026-08-14 01:16:30 | INFO | Saved 2024-09-03: 378 candles -> data/raw/breeze\RELIND\1m\2024\09\2024-09-03.json
2026-08-14 01:16:30 | INFO | Next trading day: 2024-09-04
2026-08-14 01:16:30 | INFO | Waiting 1.0 seconds...
2026-08-14 01:16:31 | INFO | 
2026-08-14 01:16:31 | INFO | ======================================================================
2026-08-14 01:16:31 | INFO | CHUNK #381
2026-08-14 01:16:31 | INFO | Trading days: 2024-09-04 -> 2024-09-05
2026-08-14 01:16:31 | INFO | Request: 2024-09-04T09:00:00.000Z -> 2024-09-05T15:45:00.000Z
2026-08-14 01:16:31 | INFO | ======================================================================
2026-08-14 01:16:31 | INFO | API request: 2024-09-04T09:00:00.000Z -> 2024-09-05T15:45:00.000Z (attempt 1/3)
2026-08-14 01:16:31 | INFO | Breeze returned 757 candles.
2026-08-14 01:16:31 | INFO | First candle : 2024-09-04 09:07:00
2026-08-14 01:16:31 | INFO | Last candle  : 2024-09-05 15:31:00
2026-08-14 01:16:31 | INFO | Saved 2024-09-04: 378 candles -> data/raw/breeze\RELIND\1m\2024\09\2024-09-04.json
2026-08-14 01:16:31 | INFO | Saved 2024-09-05: 379 candles -> data/raw/breeze\RELIND\1m\2024\09\2024-09-05.json
2026-08-14 01:16:31 | INFO | Next trading day: 2024-09-06
2026-08-14 01:16:31 | INFO | Waiting 1.0 seconds...
2026-08-14 01:16:32 | INFO | 
2026-08-14 01:16:32 | INFO | ======================================================================
2026-08-14 01:16:32 | INFO | CHUNK #382
2026-08-14 01:16:32 | INFO | Trading days: 2024-09-06 -> 2024-09-06
2026-08-14 01:16:32 | INFO | Request: 2024-09-06T09:00:00.000Z -> 2024-09-06T15:45:00.000Z
2026-08-14 01:16:32 | INFO | ======================================================================
2026-08-14 01:16:33 | INFO | API request: 2024-09-06T09:00:00.000Z -> 2024-09-06T15:45:00.000Z (attempt 1/3)
2026-08-14 01:16:33 | INFO | Breeze returned 378 candles.
2026-08-14 01:16:33 | INFO | First candle : 2024-09-06 09:07:00
2026-08-14 01:16:33 | INFO | Last candle  : 2024-09-06 15:31:00
2026-08-14 01:16:33 | INFO | Saved 2024-09-06: 378 candles -> data/raw/breeze\RELIND\1m\2024\09\2024-09-06.json
2026-08-14 01:16:33 | INFO | Next trading day: 2024-09-09
2026-08-14 01:16:33 | INFO | Waiting 1.0 seconds...
2026-08-14 01:16:34 | INFO | 
2026-08-14 01:16:34 | INFO | ======================================================================
2026-08-14 01:16:34 | INFO | CHUNK #383
2026-08-14 01:16:34 | INFO | Trading days: 2024-09-09 -> 2024-09-10
2026-08-14 01:16:34 | INFO | Request: 2024-09-09T09:00:00.000Z -> 2024-09-10T15:45:00.000Z
2026-08-14 01:16:34 | INFO | ======================================================================
2026-08-14 01:16:34 | INFO | API request: 2024-09-09T09:00:00.000Z -> 2024-09-10T15:45:00.000Z (attempt 1/3)
2026-08-14 01:16:34 | INFO | Breeze returned 756 candles.
2026-08-14 01:16:34 | INFO | First candle : 2024-09-09 09:07:00
2026-08-14 01:16:34 | INFO | Last candle  : 2024-09-10 15:31:00
2026-08-14 01:16:34 | INFO | Saved 2024-09-09: 378 candles -> data/raw/breeze\RELIND\1m\2024\09\2024-09-09.json
2026-08-14 01:16:34 | INFO | Saved 2024-09-10: 378 candles -> data/raw/breeze\RELIND\1m\2024\09\2024-09-10.json
2026-08-14 01:16:34 | INFO | Next trading day: 2024-09-11
2026-08-14 01:16:34 | INFO | Waiting 1.0 seconds...
2026-08-14 01:16:35 | INFO | 
2026-08-14 01:16:35 | INFO | ======================================================================
2026-08-14 01:16:35 | INFO | CHUNK #384
2026-08-14 01:16:35 | INFO | Trading days: 2024-09-11 -> 2024-09-12
2026-08-14 01:16:35 | INFO | Request: 2024-09-11T09:00:00.000Z -> 2024-09-12T15:45:00.000Z
2026-08-14 01:16:35 | INFO | ======================================================================
2026-08-14 01:16:35 | INFO | API request: 2024-09-11T09:00:00.000Z -> 2024-09-12T15:45:00.000Z (attempt 1/3)
2026-08-14 01:16:35 | INFO | Breeze returned 756 candles.
2026-08-14 01:16:35 | INFO | First candle : 2024-09-11 09:07:00
2026-08-14 01:16:35 | INFO | Last candle  : 2024-09-12 15:32:00
2026-08-14 01:16:35 | INFO | Saved 2024-09-11: 378 candles -> data/raw/breeze\RELIND\1m\2024\09\2024-09-11.json
2026-08-14 01:16:35 | INFO | Saved 2024-09-12: 378 candles -> data/raw/breeze\RELIND\1m\2024\09\2024-09-12.json
2026-08-14 01:16:35 | INFO | Next trading day: 2024-09-13
2026-08-14 01:16:35 | INFO | Waiting 1.0 seconds...
2026-08-14 01:16:36 | INFO | 
2026-08-14 01:16:36 | INFO | ======================================================================
2026-08-14 01:16:36 | INFO | CHUNK #385
2026-08-14 01:16:36 | INFO | Trading days: 2024-09-13 -> 2024-09-13
2026-08-14 01:16:36 | INFO | Request: 2024-09-13T09:00:00.000Z -> 2024-09-13T15:45:00.000Z
2026-08-14 01:16:36 | INFO | ======================================================================
2026-08-14 01:16:36 | INFO | API request: 2024-09-13T09:00:00.000Z -> 2024-09-13T15:45:00.000Z (attempt 1/3)
2026-08-14 01:16:39 | INFO | Breeze returned 378 candles.
2026-08-14 01:16:39 | INFO | First candle : 2024-09-13 09:08:00
2026-08-14 01:16:39 | INFO | Last candle  : 2024-09-13 15:32:00
2026-08-14 01:16:39 | INFO | Saved 2024-09-13: 378 candles -> data/raw/breeze\RELIND\1m\2024\09\2024-09-13.json
2026-08-14 01:16:39 | INFO | Next trading day: 2024-09-16
2026-08-14 01:16:39 | INFO | Waiting 1.0 seconds...
2026-08-14 01:16:40 | INFO | 
2026-08-14 01:16:40 | INFO | ======================================================================
2026-08-14 01:16:40 | INFO | CHUNK #386
2026-08-14 01:16:40 | INFO | Trading days: 2024-09-16 -> 2024-09-17
2026-08-14 01:16:40 | INFO | Request: 2024-09-16T09:00:00.000Z -> 2024-09-17T15:45:00.000Z
2026-08-14 01:16:40 | INFO | ======================================================================
2026-08-14 01:16:40 | INFO | API request: 2024-09-16T09:00:00.000Z -> 2024-09-17T15:45:00.000Z (attempt 1/3)
2026-08-14 01:16:40 | INFO | Breeze returned 757 candles.
2026-08-14 01:16:40 | INFO | First candle : 2024-09-16 09:07:00
2026-08-14 01:16:40 | INFO | Last candle  : 2024-09-17 15:31:00
2026-08-14 01:16:40 | INFO | Saved 2024-09-16: 379 candles -> data/raw/breeze\RELIND\1m\2024\09\2024-09-16.json
2026-08-14 01:16:40 | INFO | Saved 2024-09-17: 378 candles -> data/raw/breeze\RELIND\1m\2024\09\2024-09-17.json
2026-08-14 01:16:40 | INFO | Next trading day: 2024-09-18
2026-08-14 01:16:40 | INFO | Waiting 1.0 seconds...
2026-08-14 01:16:41 | INFO | 
2026-08-14 01:16:41 | INFO | ======================================================================
2026-08-14 01:16:41 | INFO | CHUNK #387
2026-08-14 01:16:41 | INFO | Trading days: 2024-09-18 -> 2024-09-19
2026-08-14 01:16:41 | INFO | Request: 2024-09-18T09:00:00.000Z -> 2024-09-19T15:45:00.000Z
2026-08-14 01:16:41 | INFO | ======================================================================
2026-08-14 01:16:41 | INFO | API request: 2024-09-18T09:00:00.000Z -> 2024-09-19T15:45:00.000Z (attempt 1/3)
2026-08-14 01:16:42 | INFO | Breeze returned 756 candles.
2026-08-14 01:16:42 | INFO | First candle : 2024-09-18 09:07:00
2026-08-14 01:16:42 | INFO | Last candle  : 2024-09-19 15:32:00
2026-08-14 01:16:42 | INFO | Saved 2024-09-18: 378 candles -> data/raw/breeze\RELIND\1m\2024\09\2024-09-18.json
2026-08-14 01:16:42 | INFO | Saved 2024-09-19: 378 candles -> data/raw/breeze\RELIND\1m\2024\09\2024-09-19.json
2026-08-14 01:16:42 | INFO | Next trading day: 2024-09-20
2026-08-14 01:16:42 | INFO | Waiting 1.0 seconds...
2026-08-14 01:16:43 | INFO | 
2026-08-14 01:16:43 | INFO | ======================================================================
2026-08-14 01:16:43 | INFO | CHUNK #388
2026-08-14 01:16:43 | INFO | Trading days: 2024-09-20 -> 2024-09-20
2026-08-14 01:16:43 | INFO | Request: 2024-09-20T09:00:00.000Z -> 2024-09-20T15:45:00.000Z
2026-08-14 01:16:43 | INFO | ======================================================================
2026-08-14 01:16:43 | INFO | API request: 2024-09-20T09:00:00.000Z -> 2024-09-20T15:45:00.000Z (attempt 1/3)
2026-08-14 01:16:43 | INFO | Breeze returned 380 candles.
2026-08-14 01:16:43 | INFO | First candle : 2024-09-20 09:07:00
2026-08-14 01:16:43 | INFO | Last candle  : 2024-09-20 15:39:00
2026-08-14 01:16:43 | INFO | Saved 2024-09-20: 380 candles -> data/raw/breeze\RELIND\1m\2024\09\2024-09-20.json
2026-08-14 01:16:43 | INFO | Next trading day: 2024-09-23
2026-08-14 01:16:43 | INFO | Waiting 1.0 seconds...
2026-08-14 01:16:44 | INFO | 
2026-08-14 01:16:44 | INFO | ======================================================================
2026-08-14 01:16:44 | INFO | CHUNK #389
2026-08-14 01:16:44 | INFO | Trading days: 2024-09-23 -> 2024-09-24
2026-08-14 01:16:44 | INFO | Request: 2024-09-23T09:00:00.000Z -> 2024-09-24T15:45:00.000Z
2026-08-14 01:16:44 | INFO | ======================================================================
2026-08-14 01:16:44 | INFO | API request: 2024-09-23T09:00:00.000Z -> 2024-09-24T15:45:00.000Z (attempt 1/3)
2026-08-14 01:16:45 | INFO | Breeze returned 756 candles.
2026-08-14 01:16:45 | INFO | First candle : 2024-09-23 09:08:00
2026-08-14 01:16:45 | INFO | Last candle  : 2024-09-24 15:32:00
2026-08-14 01:16:45 | INFO | Saved 2024-09-23: 378 candles -> data/raw/breeze\RELIND\1m\2024\09\2024-09-23.json
2026-08-14 01:16:45 | INFO | Saved 2024-09-24: 378 candles -> data/raw/breeze\RELIND\1m\2024\09\2024-09-24.json
2026-08-14 01:16:45 | INFO | Next trading day: 2024-09-25
2026-08-14 01:16:45 | INFO | Waiting 1.0 seconds...
2026-08-14 01:16:46 | INFO | 
2026-08-14 01:16:46 | INFO | ======================================================================
2026-08-14 01:16:46 | INFO | CHUNK #390
2026-08-14 01:16:46 | INFO | Trading days: 2024-09-25 -> 2024-09-26
2026-08-14 01:16:46 | INFO | Request: 2024-09-25T09:00:00.000Z -> 2024-09-26T15:45:00.000Z
2026-08-14 01:16:46 | INFO | ======================================================================
2026-08-14 01:16:46 | INFO | API request: 2024-09-25T09:00:00.000Z -> 2024-09-26T15:45:00.000Z (attempt 1/3)
2026-08-14 01:16:46 | INFO | Breeze returned 757 candles.
2026-08-14 01:16:46 | INFO | First candle : 2024-09-25 09:07:00
2026-08-14 01:16:46 | INFO | Last candle  : 2024-09-26 15:34:00
2026-08-14 01:16:46 | INFO | Saved 2024-09-25: 378 candles -> data/raw/breeze\RELIND\1m\2024\09\2024-09-25.json
2026-08-14 01:16:46 | INFO | Saved 2024-09-26: 379 candles -> data/raw/breeze\RELIND\1m\2024\09\2024-09-26.json
2026-08-14 01:16:46 | INFO | Next trading day: 2024-09-27
2026-08-14 01:16:46 | INFO | Waiting 1.0 seconds...
2026-08-14 01:16:47 | INFO | 
2026-08-14 01:16:47 | INFO | ======================================================================
2026-08-14 01:16:47 | INFO | CHUNK #391
2026-08-14 01:16:47 | INFO | Trading days: 2024-09-27 -> 2024-09-27
2026-08-14 01:16:47 | INFO | Request: 2024-09-27T09:00:00.000Z -> 2024-09-27T15:45:00.000Z
2026-08-14 01:16:47 | INFO | ======================================================================
2026-08-14 01:16:47 | INFO | API request: 2024-09-27T09:00:00.000Z -> 2024-09-27T15:45:00.000Z (attempt 1/3)
2026-08-14 01:16:48 | INFO | Breeze returned 378 candles.
2026-08-14 01:16:48 | INFO | First candle : 2024-09-27 09:07:00
2026-08-14 01:16:48 | INFO | Last candle  : 2024-09-27 15:32:00
2026-08-14 01:16:48 | INFO | Saved 2024-09-27: 378 candles -> data/raw/breeze\RELIND\1m\2024\09\2024-09-27.json
2026-08-14 01:16:48 | INFO | Next trading day: 2024-09-30
2026-08-14 01:16:48 | INFO | Waiting 1.0 seconds...
2026-08-14 01:16:49 | INFO | 
2026-08-14 01:16:49 | INFO | ======================================================================
2026-08-14 01:16:49 | INFO | CHUNK #392
2026-08-14 01:16:49 | INFO | Trading days: 2024-09-30 -> 2024-10-01
2026-08-14 01:16:49 | INFO | Request: 2024-09-30T09:00:00.000Z -> 2024-10-01T15:45:00.000Z
2026-08-14 01:16:49 | INFO | ======================================================================
2026-08-14 01:16:49 | INFO | API request: 2024-09-30T09:00:00.000Z -> 2024-10-01T15:45:00.000Z (attempt 1/3)
2026-08-14 01:16:49 | INFO | Breeze returned 756 candles.
2026-08-14 01:16:49 | INFO | First candle : 2024-09-30 09:07:00
2026-08-14 01:16:49 | INFO | Last candle  : 2024-10-01 15:31:00
2026-08-14 01:16:49 | INFO | Saved 2024-09-30: 378 candles -> data/raw/breeze\RELIND\1m\2024\09\2024-09-30.json
2026-08-14 01:16:49 | INFO | Saved 2024-10-01: 378 candles -> data/raw/breeze\RELIND\1m\2024\10\2024-10-01.json
2026-08-14 01:16:49 | INFO | Next trading day: 2024-10-02
2026-08-14 01:16:49 | INFO | Waiting 1.0 seconds...
2026-08-14 01:16:50 | INFO | 
2026-08-14 01:16:50 | INFO | ======================================================================
2026-08-14 01:16:50 | INFO | CHUNK #393
2026-08-14 01:16:50 | INFO | Trading days: 2024-10-02 -> 2024-10-03
2026-08-14 01:16:50 | INFO | Request: 2024-10-02T09:00:00.000Z -> 2024-10-03T15:45:00.000Z
2026-08-14 01:16:50 | INFO | ======================================================================
2026-08-14 01:16:50 | INFO | API request: 2024-10-02T09:00:00.000Z -> 2024-10-03T15:45:00.000Z (attempt 1/3)
2026-08-14 01:16:50 | INFO | Breeze returned 379 candles.
2026-08-14 01:16:50 | INFO | First candle : 2024-10-03 09:07:00
2026-08-14 01:16:50 | INFO | Last candle  : 2024-10-03 15:36:00
2026-08-14 01:16:50 | INFO | Saved 2024-10-02: 0 candles -> data/raw/breeze\RELIND\1m\2024\10\2024-10-02.json
2026-08-14 01:16:50 | INFO | Saved 2024-10-03: 379 candles -> data/raw/breeze\RELIND\1m\2024\10\2024-10-03.json
2026-08-14 01:16:50 | INFO | Next trading day: 2024-10-04
2026-08-14 01:16:50 | INFO | Waiting 1.0 seconds...
2026-08-14 01:16:51 | INFO | 
2026-08-14 01:16:51 | INFO | ======================================================================
2026-08-14 01:16:51 | INFO | CHUNK #394
2026-08-14 01:16:51 | INFO | Trading days: 2024-10-04 -> 2024-10-04
2026-08-14 01:16:51 | INFO | Request: 2024-10-04T09:00:00.000Z -> 2024-10-04T15:45:00.000Z
2026-08-14 01:16:51 | INFO | ======================================================================
2026-08-14 01:16:51 | INFO | API request: 2024-10-04T09:00:00.000Z -> 2024-10-04T15:45:00.000Z (attempt 1/3)
2026-08-14 01:16:52 | INFO | Breeze returned 378 candles.
2026-08-14 01:16:52 | INFO | First candle : 2024-10-04 09:07:00
2026-08-14 01:16:52 | INFO | Last candle  : 2024-10-04 15:38:00
2026-08-14 01:16:52 | INFO | Saved 2024-10-04: 378 candles -> data/raw/breeze\RELIND\1m\2024\10\2024-10-04.json
2026-08-14 01:16:52 | INFO | Next trading day: 2024-10-07
2026-08-14 01:16:52 | INFO | Waiting 1.0 seconds...
2026-08-14 01:16:53 | INFO | 
2026-08-14 01:16:53 | INFO | ======================================================================
2026-08-14 01:16:53 | INFO | CHUNK #395
2026-08-14 01:16:53 | INFO | Trading days: 2024-10-07 -> 2024-10-08
2026-08-14 01:16:53 | INFO | Request: 2024-10-07T09:00:00.000Z -> 2024-10-08T15:45:00.000Z
2026-08-14 01:16:53 | INFO | ======================================================================
2026-08-14 01:16:53 | INFO | API request: 2024-10-07T09:00:00.000Z -> 2024-10-08T15:45:00.000Z (attempt 1/3)
2026-08-14 01:16:53 | INFO | Breeze returned 756 candles.
2026-08-14 01:16:53 | INFO | First candle : 2024-10-07 09:07:00
2026-08-14 01:16:53 | INFO | Last candle  : 2024-10-08 15:32:00
2026-08-14 01:16:53 | INFO | Saved 2024-10-07: 378 candles -> data/raw/breeze\RELIND\1m\2024\10\2024-10-07.json
2026-08-14 01:16:53 | INFO | Saved 2024-10-08: 378 candles -> data/raw/breeze\RELIND\1m\2024\10\2024-10-08.json
2026-08-14 01:16:53 | INFO | Next trading day: 2024-10-09
2026-08-14 01:16:53 | INFO | Waiting 1.0 seconds...
2026-08-14 01:16:54 | INFO | 
2026-08-14 01:16:54 | INFO | ======================================================================
2026-08-14 01:16:54 | INFO | CHUNK #396
2026-08-14 01:16:54 | INFO | Trading days: 2024-10-09 -> 2024-10-10
2026-08-14 01:16:54 | INFO | Request: 2024-10-09T09:00:00.000Z -> 2024-10-10T15:45:00.000Z
2026-08-14 01:16:54 | INFO | ======================================================================
2026-08-14 01:16:54 | INFO | API request: 2024-10-09T09:00:00.000Z -> 2024-10-10T15:45:00.000Z (attempt 1/3)
2026-08-14 01:16:54 | INFO | Breeze returned 756 candles.
2026-08-14 01:16:54 | INFO | First candle : 2024-10-09 09:07:00
2026-08-14 01:16:54 | INFO | Last candle  : 2024-10-10 15:32:00
2026-08-14 01:16:54 | INFO | Saved 2024-10-09: 378 candles -> data/raw/breeze\RELIND\1m\2024\10\2024-10-09.json
2026-08-14 01:16:54 | INFO | Saved 2024-10-10: 378 candles -> data/raw/breeze\RELIND\1m\2024\10\2024-10-10.json
2026-08-14 01:16:54 | INFO | Next trading day: 2024-10-11
2026-08-14 01:16:54 | INFO | Waiting 1.0 seconds...
2026-08-14 01:16:55 | INFO | 
2026-08-14 01:16:55 | INFO | ======================================================================
2026-08-14 01:16:55 | INFO | CHUNK #397
2026-08-14 01:16:55 | INFO | Trading days: 2024-10-11 -> 2024-10-11
2026-08-14 01:16:55 | INFO | Request: 2024-10-11T09:00:00.000Z -> 2024-10-11T15:45:00.000Z
2026-08-14 01:16:55 | INFO | ======================================================================
2026-08-14 01:16:55 | INFO | API request: 2024-10-11T09:00:00.000Z -> 2024-10-11T15:45:00.000Z (attempt 1/3)
2026-08-14 01:16:56 | INFO | Breeze returned 378 candles.
2026-08-14 01:16:56 | INFO | First candle : 2024-10-11 09:07:00
2026-08-14 01:16:56 | INFO | Last candle  : 2024-10-11 15:32:00
2026-08-14 01:16:56 | INFO | Saved 2024-10-11: 378 candles -> data/raw/breeze\RELIND\1m\2024\10\2024-10-11.json
2026-08-14 01:16:56 | INFO | Next trading day: 2024-10-14
2026-08-14 01:16:56 | INFO | Waiting 1.0 seconds...
2026-08-14 01:16:57 | INFO | 
2026-08-14 01:16:57 | INFO | ======================================================================
2026-08-14 01:16:57 | INFO | CHUNK #398
2026-08-14 01:16:57 | INFO | Trading days: 2024-10-14 -> 2024-10-15
2026-08-14 01:16:57 | INFO | Request: 2024-10-14T09:00:00.000Z -> 2024-10-15T15:45:00.000Z
2026-08-14 01:16:57 | INFO | ======================================================================
2026-08-14 01:16:57 | INFO | API request: 2024-10-14T09:00:00.000Z -> 2024-10-15T15:45:00.000Z (attempt 1/3)
2026-08-14 01:16:57 | INFO | Breeze returned 756 candles.
2026-08-14 01:16:57 | INFO | First candle : 2024-10-14 09:07:00
2026-08-14 01:16:57 | INFO | Last candle  : 2024-10-15 15:32:00
2026-08-14 01:16:57 | INFO | Saved 2024-10-14: 378 candles -> data/raw/breeze\RELIND\1m\2024\10\2024-10-14.json
2026-08-14 01:16:57 | INFO | Saved 2024-10-15: 378 candles -> data/raw/breeze\RELIND\1m\2024\10\2024-10-15.json
2026-08-14 01:16:57 | INFO | Next trading day: 2024-10-16
2026-08-14 01:16:57 | INFO | Waiting 1.0 seconds...
2026-08-14 01:16:58 | INFO | 
2026-08-14 01:16:58 | INFO | ======================================================================
2026-08-14 01:16:58 | INFO | CHUNK #399
2026-08-14 01:16:58 | INFO | Trading days: 2024-10-16 -> 2024-10-17
2026-08-14 01:16:58 | INFO | Request: 2024-10-16T09:00:00.000Z -> 2024-10-17T15:45:00.000Z
2026-08-14 01:16:58 | INFO | ======================================================================
2026-08-14 01:16:58 | INFO | API request: 2024-10-16T09:00:00.000Z -> 2024-10-17T15:45:00.000Z (attempt 1/3)
2026-08-14 01:16:59 | INFO | Breeze returned 756 candles.
2026-08-14 01:16:59 | INFO | First candle : 2024-10-16 09:07:00
2026-08-14 01:16:59 | INFO | Last candle  : 2024-10-17 15:32:00
2026-08-14 01:16:59 | INFO | Saved 2024-10-16: 378 candles -> data/raw/breeze\RELIND\1m\2024\10\2024-10-16.json
2026-08-14 01:16:59 | INFO | Saved 2024-10-17: 378 candles -> data/raw/breeze\RELIND\1m\2024\10\2024-10-17.json
2026-08-14 01:16:59 | INFO | Next trading day: 2024-10-18
2026-08-14 01:16:59 | INFO | Waiting 1.0 seconds...
2026-08-14 01:17:00 | INFO | 
2026-08-14 01:17:00 | INFO | ======================================================================
2026-08-14 01:17:00 | INFO | CHUNK #400
2026-08-14 01:17:00 | INFO | Trading days: 2024-10-18 -> 2024-10-18
2026-08-14 01:17:00 | INFO | Request: 2024-10-18T09:00:00.000Z -> 2024-10-18T15:45:00.000Z
2026-08-14 01:17:00 | INFO | ======================================================================
2026-08-14 01:17:00 | INFO | API request: 2024-10-18T09:00:00.000Z -> 2024-10-18T15:45:00.000Z (attempt 1/3)
2026-08-14 01:17:00 | INFO | Breeze returned 378 candles.
2026-08-14 01:17:00 | INFO | First candle : 2024-10-18 09:07:00
2026-08-14 01:17:00 | INFO | Last candle  : 2024-10-18 15:32:00
2026-08-14 01:17:00 | INFO | Saved 2024-10-18: 378 candles -> data/raw/breeze\RELIND\1m\2024\10\2024-10-18.json
2026-08-14 01:17:00 | INFO | Next trading day: 2024-10-21
2026-08-14 01:17:00 | INFO | Waiting 1.0 seconds...
2026-08-14 01:17:01 | INFO | 
2026-08-14 01:17:01 | INFO | ======================================================================
2026-08-14 01:17:01 | INFO | CHUNK #401
2026-08-14 01:17:01 | INFO | Trading days: 2024-10-21 -> 2024-10-22
2026-08-14 01:17:01 | INFO | Request: 2024-10-21T09:00:00.000Z -> 2024-10-22T15:45:00.000Z
2026-08-14 01:17:01 | INFO | ======================================================================
2026-08-14 01:17:01 | INFO | API request: 2024-10-21T09:00:00.000Z -> 2024-10-22T15:45:00.000Z (attempt 1/3)
2026-08-14 01:17:01 | INFO | Breeze returned 756 candles.
2026-08-14 01:17:01 | INFO | First candle : 2024-10-21 09:07:00
2026-08-14 01:17:01 | INFO | Last candle  : 2024-10-22 15:32:00
2026-08-14 01:17:01 | INFO | Saved 2024-10-21: 378 candles -> data/raw/breeze\RELIND\1m\2024\10\2024-10-21.json
2026-08-14 01:17:01 | INFO | Saved 2024-10-22: 378 candles -> data/raw/breeze\RELIND\1m\2024\10\2024-10-22.json
2026-08-14 01:17:01 | INFO | Next trading day: 2024-10-23
2026-08-14 01:17:01 | INFO | Waiting 1.0 seconds...
2026-08-14 01:17:02 | INFO | 
2026-08-14 01:17:02 | INFO | ======================================================================
2026-08-14 01:17:02 | INFO | CHUNK #402
2026-08-14 01:17:02 | INFO | Trading days: 2024-10-23 -> 2024-10-24
2026-08-14 01:17:02 | INFO | Request: 2024-10-23T09:00:00.000Z -> 2024-10-24T15:45:00.000Z
2026-08-14 01:17:02 | INFO | ======================================================================
2026-08-14 01:17:02 | INFO | API request: 2024-10-23T09:00:00.000Z -> 2024-10-24T15:45:00.000Z (attempt 1/3)
2026-08-14 01:17:03 | INFO | Breeze returned 756 candles.
2026-08-14 01:17:03 | INFO | First candle : 2024-10-23 09:07:00
2026-08-14 01:17:03 | INFO | Last candle  : 2024-10-24 15:32:00
2026-08-14 01:17:03 | INFO | Saved 2024-10-23: 378 candles -> data/raw/breeze\RELIND\1m\2024\10\2024-10-23.json
2026-08-14 01:17:03 | INFO | Saved 2024-10-24: 378 candles -> data/raw/breeze\RELIND\1m\2024\10\2024-10-24.json
2026-08-14 01:17:03 | INFO | Next trading day: 2024-10-25
2026-08-14 01:17:03 | INFO | Waiting 1.0 seconds...
2026-08-14 01:17:04 | INFO | 
2026-08-14 01:17:04 | INFO | ======================================================================
2026-08-14 01:17:04 | INFO | CHUNK #403
2026-08-14 01:17:04 | INFO | Trading days: 2024-10-25 -> 2024-10-25
2026-08-14 01:17:04 | INFO | Request: 2024-10-25T09:00:00.000Z -> 2024-10-25T15:45:00.000Z
2026-08-14 01:17:04 | INFO | ======================================================================
2026-08-14 01:17:04 | INFO | API request: 2024-10-25T09:00:00.000Z -> 2024-10-25T15:45:00.000Z (attempt 1/3)
2026-08-14 01:17:04 | INFO | Breeze returned 378 candles.
2026-08-14 01:17:04 | INFO | First candle : 2024-10-25 09:07:00
2026-08-14 01:17:04 | INFO | Last candle  : 2024-10-25 15:32:00
2026-08-14 01:17:04 | INFO | Saved 2024-10-25: 378 candles -> data/raw/breeze\RELIND\1m\2024\10\2024-10-25.json
2026-08-14 01:17:04 | INFO | Next trading day: 2024-10-28
2026-08-14 01:17:04 | INFO | Waiting 1.0 seconds...
2026-08-14 01:17:05 | INFO | 
2026-08-14 01:17:05 | INFO | ======================================================================
2026-08-14 01:17:05 | INFO | CHUNK #404
2026-08-14 01:17:05 | INFO | Trading days: 2024-10-28 -> 2024-10-29
2026-08-14 01:17:05 | INFO | Request: 2024-10-28T09:00:00.000Z -> 2024-10-29T15:45:00.000Z
2026-08-14 01:17:05 | INFO | ======================================================================
2026-08-14 01:17:05 | INFO | API request: 2024-10-28T09:00:00.000Z -> 2024-10-29T15:45:00.000Z (attempt 1/3)
2026-08-14 01:17:06 | INFO | Breeze returned 756 candles.
2026-08-14 01:17:06 | INFO | First candle : 2024-10-28 09:07:00
2026-08-14 01:17:06 | INFO | Last candle  : 2024-10-29 15:32:00
2026-08-14 01:17:06 | INFO | Saved 2024-10-28: 378 candles -> data/raw/breeze\RELIND\1m\2024\10\2024-10-28.json
2026-08-14 01:17:06 | INFO | Saved 2024-10-29: 378 candles -> data/raw/breeze\RELIND\1m\2024\10\2024-10-29.json
2026-08-14 01:17:06 | INFO | Next trading day: 2024-10-30
2026-08-14 01:17:06 | INFO | Waiting 1.0 seconds...
2026-08-14 01:17:07 | INFO | 
2026-08-14 01:17:07 | INFO | ======================================================================
2026-08-14 01:17:07 | INFO | CHUNK #405
2026-08-14 01:17:07 | INFO | Trading days: 2024-10-30 -> 2024-10-31
2026-08-14 01:17:07 | INFO | Request: 2024-10-30T09:00:00.000Z -> 2024-10-31T15:45:00.000Z
2026-08-14 01:17:07 | INFO | ======================================================================
2026-08-14 01:17:07 | INFO | API request: 2024-10-30T09:00:00.000Z -> 2024-10-31T15:45:00.000Z (attempt 1/3)
2026-08-14 01:17:07 | INFO | Breeze returned 756 candles.
2026-08-14 01:17:07 | INFO | First candle : 2024-10-30 09:07:00
2026-08-14 01:17:07 | INFO | Last candle  : 2024-10-31 15:32:00
2026-08-14 01:17:07 | INFO | Saved 2024-10-30: 378 candles -> data/raw/breeze\RELIND\1m\2024\10\2024-10-30.json
2026-08-14 01:17:07 | INFO | Saved 2024-10-31: 378 candles -> data/raw/breeze\RELIND\1m\2024\10\2024-10-31.json
2026-08-14 01:17:07 | INFO | Next trading day: 2024-11-01
2026-08-14 01:17:07 | INFO | Waiting 1.0 seconds...
2026-08-14 01:17:08 | INFO | 
2026-08-14 01:17:08 | INFO | ======================================================================
2026-08-14 01:17:08 | INFO | CHUNK #406
2026-08-14 01:17:08 | INFO | Trading days: 2024-11-01 -> 2024-11-01
2026-08-14 01:17:08 | INFO | Request: 2024-11-01T09:00:00.000Z -> 2024-11-01T15:45:00.000Z
2026-08-14 01:17:08 | INFO | ======================================================================
2026-08-14 01:17:08 | INFO | API request: 2024-11-01T09:00:00.000Z -> 2024-11-01T15:45:00.000Z (attempt 1/3)
2026-08-14 01:17:08 | INFO | Breeze returned 0 candles.
2026-08-14 01:17:08 | INFO | Saved 2024-11-01: 0 candles -> data/raw/breeze\RELIND\1m\2024\11\2024-11-01.json
2026-08-14 01:17:08 | INFO | Next trading day: 2024-11-04
2026-08-14 01:17:08 | INFO | Waiting 1.0 seconds...
2026-08-14 01:17:09 | INFO | 
2026-08-14 01:17:09 | INFO | ======================================================================
2026-08-14 01:17:09 | INFO | CHUNK #407
2026-08-14 01:17:09 | INFO | Trading days: 2024-11-04 -> 2024-11-05
2026-08-14 01:17:09 | INFO | Request: 2024-11-04T09:00:00.000Z -> 2024-11-05T15:45:00.000Z
2026-08-14 01:17:09 | INFO | ======================================================================
2026-08-14 01:17:09 | INFO | API request: 2024-11-04T09:00:00.000Z -> 2024-11-05T15:45:00.000Z (attempt 1/3)
2026-08-14 01:17:10 | INFO | Breeze returned 757 candles.
2026-08-14 01:17:10 | INFO | First candle : 2024-11-04 09:07:00
2026-08-14 01:17:10 | INFO | Last candle  : 2024-11-05 15:32:00
2026-08-14 01:17:10 | INFO | Saved 2024-11-04: 378 candles -> data/raw/breeze\RELIND\1m\2024\11\2024-11-04.json
2026-08-14 01:17:10 | INFO | Saved 2024-11-05: 379 candles -> data/raw/breeze\RELIND\1m\2024\11\2024-11-05.json
2026-08-14 01:17:10 | INFO | Next trading day: 2024-11-06
2026-08-14 01:17:10 | INFO | Waiting 1.0 seconds...
2026-08-14 01:17:11 | INFO | 
2026-08-14 01:17:11 | INFO | ======================================================================
2026-08-14 01:17:11 | INFO | CHUNK #408
2026-08-14 01:17:11 | INFO | Trading days: 2024-11-06 -> 2024-11-07
2026-08-14 01:17:11 | INFO | Request: 2024-11-06T09:00:00.000Z -> 2024-11-07T15:45:00.000Z
2026-08-14 01:17:11 | INFO | ======================================================================
2026-08-14 01:17:11 | INFO | API request: 2024-11-06T09:00:00.000Z -> 2024-11-07T15:45:00.000Z (attempt 1/3)
2026-08-14 01:17:12 | INFO | Breeze returned 756 candles.
2026-08-14 01:17:12 | INFO | First candle : 2024-11-06 09:07:00
2026-08-14 01:17:12 | INFO | Last candle  : 2024-11-07 15:31:00
2026-08-14 01:17:12 | INFO | Saved 2024-11-06: 378 candles -> data/raw/breeze\RELIND\1m\2024\11\2024-11-06.json
2026-08-14 01:17:12 | INFO | Saved 2024-11-07: 378 candles -> data/raw/breeze\RELIND\1m\2024\11\2024-11-07.json
2026-08-14 01:17:12 | INFO | Next trading day: 2024-11-08
2026-08-14 01:17:12 | INFO | Waiting 1.0 seconds...
2026-08-14 01:17:13 | INFO | 
2026-08-14 01:17:13 | INFO | ======================================================================
2026-08-14 01:17:13 | INFO | CHUNK #409
2026-08-14 01:17:13 | INFO | Trading days: 2024-11-08 -> 2024-11-08
2026-08-14 01:17:13 | INFO | Request: 2024-11-08T09:00:00.000Z -> 2024-11-08T15:45:00.000Z
2026-08-14 01:17:13 | INFO | ======================================================================
2026-08-14 01:17:13 | INFO | API request: 2024-11-08T09:00:00.000Z -> 2024-11-08T15:45:00.000Z (attempt 1/3)
2026-08-14 01:17:13 | INFO | Breeze returned 379 candles.
2026-08-14 01:17:13 | INFO | First candle : 2024-11-08 09:07:00
2026-08-14 01:17:13 | INFO | Last candle  : 2024-11-08 15:31:00
2026-08-14 01:17:13 | INFO | Saved 2024-11-08: 379 candles -> data/raw/breeze\RELIND\1m\2024\11\2024-11-08.json
2026-08-14 01:17:13 | INFO | Next trading day: 2024-11-11
2026-08-14 01:17:13 | INFO | Waiting 1.0 seconds...
2026-08-14 01:17:14 | INFO | 
2026-08-14 01:17:14 | INFO | ======================================================================
2026-08-14 01:17:14 | INFO | CHUNK #410
2026-08-14 01:17:14 | INFO | Trading days: 2024-11-11 -> 2024-11-12
2026-08-14 01:17:14 | INFO | Request: 2024-11-11T09:00:00.000Z -> 2024-11-12T15:45:00.000Z
2026-08-14 01:17:14 | INFO | ======================================================================
2026-08-14 01:17:14 | INFO | API request: 2024-11-11T09:00:00.000Z -> 2024-11-12T15:45:00.000Z (attempt 1/3)
2026-08-14 01:17:15 | INFO | Breeze returned 755 candles.
2026-08-14 01:17:15 | INFO | First candle : 2024-11-11 09:07:00
2026-08-14 01:17:15 | INFO | Last candle  : 2024-11-12 15:31:00
2026-08-14 01:17:15 | INFO | Saved 2024-11-11: 377 candles -> data/raw/breeze\RELIND\1m\2024\11\2024-11-11.json
2026-08-14 01:17:15 | INFO | Saved 2024-11-12: 378 candles -> data/raw/breeze\RELIND\1m\2024\11\2024-11-12.json
2026-08-14 01:17:15 | INFO | Next trading day: 2024-11-13
2026-08-14 01:17:15 | INFO | Waiting 1.0 seconds...
2026-08-14 01:17:16 | INFO | 
2026-08-14 01:17:16 | INFO | ======================================================================
2026-08-14 01:17:16 | INFO | CHUNK #411
2026-08-14 01:17:16 | INFO | Trading days: 2024-11-13 -> 2024-11-14
2026-08-14 01:17:16 | INFO | Request: 2024-11-13T09:00:00.000Z -> 2024-11-14T15:45:00.000Z
2026-08-14 01:17:16 | INFO | ======================================================================
2026-08-14 01:17:16 | INFO | API request: 2024-11-13T09:00:00.000Z -> 2024-11-14T15:45:00.000Z (attempt 1/3)
2026-08-14 01:17:16 | INFO | Breeze returned 756 candles.
2026-08-14 01:17:16 | INFO | First candle : 2024-11-13 09:07:00
2026-08-14 01:17:16 | INFO | Last candle  : 2024-11-14 15:31:00
2026-08-14 01:17:16 | INFO | Saved 2024-11-13: 378 candles -> data/raw/breeze\RELIND\1m\2024\11\2024-11-13.json
2026-08-14 01:17:16 | INFO | Saved 2024-11-14: 378 candles -> data/raw/breeze\RELIND\1m\2024\11\2024-11-14.json
2026-08-14 01:17:16 | INFO | Next trading day: 2024-11-15
2026-08-14 01:17:16 | INFO | Waiting 1.0 seconds...
2026-08-14 01:17:17 | INFO | 
2026-08-14 01:17:17 | INFO | ======================================================================
2026-08-14 01:17:17 | INFO | CHUNK #412
2026-08-14 01:17:17 | INFO | Trading days: 2024-11-15 -> 2024-11-15
2026-08-14 01:17:17 | INFO | Request: 2024-11-15T09:00:00.000Z -> 2024-11-15T15:45:00.000Z
2026-08-14 01:17:17 | INFO | ======================================================================
2026-08-14 01:17:17 | INFO | API request: 2024-11-15T09:00:00.000Z -> 2024-11-15T15:45:00.000Z (attempt 1/3)
2026-08-14 01:17:18 | INFO | Breeze returned 0 candles.
2026-08-14 01:17:18 | INFO | Saved 2024-11-15: 0 candles -> data/raw/breeze\RELIND\1m\2024\11\2024-11-15.json
2026-08-14 01:17:18 | INFO | Next trading day: 2024-11-18
2026-08-14 01:17:18 | INFO | Waiting 1.0 seconds...
2026-08-14 01:17:19 | INFO | 
2026-08-14 01:17:19 | INFO | ======================================================================
2026-08-14 01:17:19 | INFO | CHUNK #413
2026-08-14 01:17:19 | INFO | Trading days: 2024-11-18 -> 2024-11-19
2026-08-14 01:17:19 | INFO | Request: 2024-11-18T09:00:00.000Z -> 2024-11-19T15:45:00.000Z
2026-08-14 01:17:19 | INFO | ======================================================================
2026-08-14 01:17:19 | INFO | API request: 2024-11-18T09:00:00.000Z -> 2024-11-19T15:45:00.000Z (attempt 1/3)
2026-08-14 01:17:19 | INFO | Breeze returned 756 candles.
2026-08-14 01:17:19 | INFO | First candle : 2024-11-18 09:07:00
2026-08-14 01:17:19 | INFO | Last candle  : 2024-11-19 15:31:00
2026-08-14 01:17:19 | INFO | Saved 2024-11-18: 378 candles -> data/raw/breeze\RELIND\1m\2024\11\2024-11-18.json
2026-08-14 01:17:19 | INFO | Saved 2024-11-19: 378 candles -> data/raw/breeze\RELIND\1m\2024\11\2024-11-19.json
2026-08-14 01:17:19 | INFO | Next trading day: 2024-11-20
2026-08-14 01:17:19 | INFO | Waiting 1.0 seconds...
2026-08-14 01:17:20 | INFO | 
2026-08-14 01:17:20 | INFO | ======================================================================
2026-08-14 01:17:20 | INFO | CHUNK #414
2026-08-14 01:17:20 | INFO | Trading days: 2024-11-20 -> 2024-11-21
2026-08-14 01:17:20 | INFO | Request: 2024-11-20T09:00:00.000Z -> 2024-11-21T15:45:00.000Z
2026-08-14 01:17:20 | INFO | ======================================================================
2026-08-14 01:17:20 | INFO | API request: 2024-11-20T09:00:00.000Z -> 2024-11-21T15:45:00.000Z (attempt 1/3)
2026-08-14 01:17:21 | INFO | Breeze returned 378 candles.
2026-08-14 01:17:21 | INFO | First candle : 2024-11-21 09:07:00
2026-08-14 01:17:21 | INFO | Last candle  : 2024-11-21 15:31:00
2026-08-14 01:17:21 | INFO | Saved 2024-11-20: 0 candles -> data/raw/breeze\RELIND\1m\2024\11\2024-11-20.json
2026-08-14 01:17:21 | INFO | Saved 2024-11-21: 378 candles -> data/raw/breeze\RELIND\1m\2024\11\2024-11-21.json
2026-08-14 01:17:21 | INFO | Next trading day: 2024-11-22
2026-08-14 01:17:21 | INFO | Waiting 1.0 seconds...
2026-08-14 01:17:22 | INFO | 
2026-08-14 01:17:22 | INFO | ======================================================================
2026-08-14 01:17:22 | INFO | CHUNK #415
2026-08-14 01:17:22 | INFO | Trading days: 2024-11-22 -> 2024-11-22
2026-08-14 01:17:22 | INFO | Request: 2024-11-22T09:00:00.000Z -> 2024-11-22T15:45:00.000Z
2026-08-14 01:17:22 | INFO | ======================================================================
2026-08-14 01:17:22 | INFO | API request: 2024-11-22T09:00:00.000Z -> 2024-11-22T15:45:00.000Z (attempt 1/3)
2026-08-14 01:17:22 | INFO | Breeze returned 377 candles.
2026-08-14 01:17:22 | INFO | First candle : 2024-11-22 09:07:00
2026-08-14 01:17:22 | INFO | Last candle  : 2024-11-22 15:30:00
2026-08-14 01:17:22 | INFO | Saved 2024-11-22: 377 candles -> data/raw/breeze\RELIND\1m\2024\11\2024-11-22.json
2026-08-14 01:17:22 | INFO | Next trading day: 2024-11-25
2026-08-14 01:17:22 | INFO | Waiting 1.0 seconds...
2026-08-14 01:17:23 | INFO | 
2026-08-14 01:17:23 | INFO | ======================================================================
2026-08-14 01:17:23 | INFO | CHUNK #416
2026-08-14 01:17:23 | INFO | Trading days: 2024-11-25 -> 2024-11-26
2026-08-14 01:17:23 | INFO | Request: 2024-11-25T09:00:00.000Z -> 2024-11-26T15:45:00.000Z
2026-08-14 01:17:23 | INFO | ======================================================================
2026-08-14 01:17:23 | INFO | API request: 2024-11-25T09:00:00.000Z -> 2024-11-26T15:45:00.000Z (attempt 1/3)
2026-08-14 01:17:24 | INFO | Breeze returned 756 candles.
2026-08-14 01:17:24 | INFO | First candle : 2024-11-25 09:07:00
2026-08-14 01:17:24 | INFO | Last candle  : 2024-11-26 15:31:00
2026-08-14 01:17:24 | INFO | Saved 2024-11-25: 378 candles -> data/raw/breeze\RELIND\1m\2024\11\2024-11-25.json
2026-08-14 01:17:24 | INFO | Saved 2024-11-26: 378 candles -> data/raw/breeze\RELIND\1m\2024\11\2024-11-26.json
2026-08-14 01:17:24 | INFO | Next trading day: 2024-11-27
2026-08-14 01:17:24 | INFO | Waiting 1.0 seconds...
2026-08-14 01:17:25 | INFO | 
2026-08-14 01:17:25 | INFO | ======================================================================
2026-08-14 01:17:25 | INFO | CHUNK #417
2026-08-14 01:17:25 | INFO | Trading days: 2024-11-27 -> 2024-11-28
2026-08-14 01:17:25 | INFO | Request: 2024-11-27T09:00:00.000Z -> 2024-11-28T15:45:00.000Z
2026-08-14 01:17:25 | INFO | ======================================================================
2026-08-14 01:17:25 | INFO | API request: 2024-11-27T09:00:00.000Z -> 2024-11-28T15:45:00.000Z (attempt 1/3)
2026-08-14 01:17:25 | INFO | Breeze returned 757 candles.
2026-08-14 01:17:25 | INFO | First candle : 2024-11-27 09:07:00
2026-08-14 01:17:25 | INFO | Last candle  : 2024-11-28 15:31:00
2026-08-14 01:17:25 | INFO | Saved 2024-11-27: 379 candles -> data/raw/breeze\RELIND\1m\2024\11\2024-11-27.json
2026-08-14 01:17:25 | INFO | Saved 2024-11-28: 378 candles -> data/raw/breeze\RELIND\1m\2024\11\2024-11-28.json
2026-08-14 01:17:25 | INFO | Next trading day: 2024-11-29
2026-08-14 01:17:25 | INFO | Waiting 1.0 seconds...
2026-08-14 01:17:26 | INFO | 
2026-08-14 01:17:26 | INFO | ======================================================================
2026-08-14 01:17:26 | INFO | CHUNK #418
2026-08-14 01:17:26 | INFO | Trading days: 2024-11-29 -> 2024-11-29
2026-08-14 01:17:26 | INFO | Request: 2024-11-29T09:00:00.000Z -> 2024-11-29T15:45:00.000Z
2026-08-14 01:17:26 | INFO | ======================================================================
2026-08-14 01:17:26 | INFO | API request: 2024-11-29T09:00:00.000Z -> 2024-11-29T15:45:00.000Z (attempt 1/3)
2026-08-14 01:17:26 | INFO | Breeze returned 378 candles.
2026-08-14 01:17:26 | INFO | First candle : 2024-11-29 09:07:00
2026-08-14 01:17:26 | INFO | Last candle  : 2024-11-29 15:31:00
2026-08-14 01:17:26 | INFO | Saved 2024-11-29: 378 candles -> data/raw/breeze\RELIND\1m\2024\11\2024-11-29.json
2026-08-14 01:17:26 | INFO | Next trading day: 2024-12-02
2026-08-14 01:17:26 | INFO | Waiting 1.0 seconds...
2026-08-14 01:17:27 | INFO | 
2026-08-14 01:17:27 | INFO | ======================================================================
2026-08-14 01:17:27 | INFO | CHUNK #419
2026-08-14 01:17:27 | INFO | Trading days: 2024-12-02 -> 2024-12-03
2026-08-14 01:17:27 | INFO | Request: 2024-12-02T09:00:00.000Z -> 2024-12-03T15:45:00.000Z
2026-08-14 01:17:27 | INFO | ======================================================================
2026-08-14 01:17:27 | INFO | API request: 2024-12-02T09:00:00.000Z -> 2024-12-03T15:45:00.000Z (attempt 1/3)
2026-08-14 01:17:28 | INFO | Breeze returned 756 candles.
2026-08-14 01:17:28 | INFO | First candle : 2024-12-02 09:07:00
2026-08-14 01:17:28 | INFO | Last candle  : 2024-12-03 15:31:00
2026-08-14 01:17:28 | INFO | Saved 2024-12-02: 378 candles -> data/raw/breeze\RELIND\1m\2024\12\2024-12-02.json
2026-08-14 01:17:28 | INFO | Saved 2024-12-03: 378 candles -> data/raw/breeze\RELIND\1m\2024\12\2024-12-03.json
2026-08-14 01:17:28 | INFO | Next trading day: 2024-12-04
2026-08-14 01:17:28 | INFO | Waiting 1.0 seconds...
2026-08-14 01:17:29 | INFO | 
2026-08-14 01:17:29 | INFO | ======================================================================
2026-08-14 01:17:29 | INFO | CHUNK #420
2026-08-14 01:17:29 | INFO | Trading days: 2024-12-04 -> 2024-12-05
2026-08-14 01:17:29 | INFO | Request: 2024-12-04T09:00:00.000Z -> 2024-12-05T15:45:00.000Z
2026-08-14 01:17:29 | INFO | ======================================================================
2026-08-14 01:17:29 | INFO | API request: 2024-12-04T09:00:00.000Z -> 2024-12-05T15:45:00.000Z (attempt 1/3)
2026-08-14 01:17:29 | INFO | Breeze returned 756 candles.
2026-08-14 01:17:29 | INFO | First candle : 2024-12-04 09:07:00
2026-08-14 01:17:29 | INFO | Last candle  : 2024-12-05 15:31:00
2026-08-14 01:17:29 | INFO | Saved 2024-12-04: 378 candles -> data/raw/breeze\RELIND\1m\2024\12\2024-12-04.json
2026-08-14 01:17:29 | INFO | Saved 2024-12-05: 378 candles -> data/raw/breeze\RELIND\1m\2024\12\2024-12-05.json
2026-08-14 01:17:29 | INFO | Next trading day: 2024-12-06
2026-08-14 01:17:29 | INFO | Waiting 1.0 seconds...
2026-08-14 01:17:30 | INFO | 
2026-08-14 01:17:30 | INFO | ======================================================================
2026-08-14 01:17:30 | INFO | CHUNK #421
2026-08-14 01:17:30 | INFO | Trading days: 2024-12-06 -> 2024-12-06
2026-08-14 01:17:30 | INFO | Request: 2024-12-06T09:00:00.000Z -> 2024-12-06T15:45:00.000Z
2026-08-14 01:17:30 | INFO | ======================================================================
2026-08-14 01:17:30 | INFO | API request: 2024-12-06T09:00:00.000Z -> 2024-12-06T15:45:00.000Z (attempt 1/3)
2026-08-14 01:17:30 | INFO | Breeze returned 377 candles.
2026-08-14 01:17:30 | INFO | First candle : 2024-12-06 09:07:00
2026-08-14 01:17:30 | INFO | Last candle  : 2024-12-06 15:31:00
2026-08-14 01:17:30 | INFO | Saved 2024-12-06: 377 candles -> data/raw/breeze\RELIND\1m\2024\12\2024-12-06.json
2026-08-14 01:17:30 | INFO | Next trading day: 2024-12-09
2026-08-14 01:17:31 | INFO | Waiting 1.0 seconds...
2026-08-14 01:17:32 | INFO | 
2026-08-14 01:17:32 | INFO | ======================================================================
2026-08-14 01:17:32 | INFO | CHUNK #422
2026-08-14 01:17:32 | INFO | Trading days: 2024-12-09 -> 2024-12-10
2026-08-14 01:17:32 | INFO | Request: 2024-12-09T09:00:00.000Z -> 2024-12-10T15:45:00.000Z
2026-08-14 01:17:32 | INFO | ======================================================================
2026-08-14 01:17:32 | INFO | API request: 2024-12-09T09:00:00.000Z -> 2024-12-10T15:45:00.000Z (attempt 1/3)
2026-08-14 01:17:32 | INFO | Breeze returned 755 candles.
2026-08-14 01:17:32 | INFO | First candle : 2024-12-09 09:07:00
2026-08-14 01:17:32 | INFO | Last candle  : 2024-12-10 15:31:00
2026-08-14 01:17:32 | INFO | Saved 2024-12-09: 377 candles -> data/raw/breeze\RELIND\1m\2024\12\2024-12-09.json
2026-08-14 01:17:32 | INFO | Saved 2024-12-10: 378 candles -> data/raw/breeze\RELIND\1m\2024\12\2024-12-10.json
2026-08-14 01:17:32 | INFO | Next trading day: 2024-12-11
2026-08-14 01:17:32 | INFO | Waiting 1.0 seconds...
2026-08-14 01:17:33 | INFO | 
2026-08-14 01:17:33 | INFO | ======================================================================
2026-08-14 01:17:33 | INFO | CHUNK #423
2026-08-14 01:17:33 | INFO | Trading days: 2024-12-11 -> 2024-12-12
2026-08-14 01:17:33 | INFO | Request: 2024-12-11T09:00:00.000Z -> 2024-12-12T15:45:00.000Z
2026-08-14 01:17:33 | INFO | ======================================================================
2026-08-14 01:17:33 | INFO | API request: 2024-12-11T09:00:00.000Z -> 2024-12-12T15:45:00.000Z (attempt 1/3)
2026-08-14 01:17:33 | INFO | Breeze returned 755 candles.
2026-08-14 01:17:33 | INFO | First candle : 2024-12-11 09:07:00
2026-08-14 01:17:33 | INFO | Last candle  : 2024-12-12 15:30:00
2026-08-14 01:17:33 | INFO | Saved 2024-12-11: 378 candles -> data/raw/breeze\RELIND\1m\2024\12\2024-12-11.json
2026-08-14 01:17:33 | INFO | Saved 2024-12-12: 377 candles -> data/raw/breeze\RELIND\1m\2024\12\2024-12-12.json
2026-08-14 01:17:33 | INFO | Next trading day: 2024-12-13
2026-08-14 01:17:33 | INFO | Waiting 1.0 seconds...
2026-08-14 01:17:34 | INFO | 
2026-08-14 01:17:34 | INFO | ======================================================================
2026-08-14 01:17:34 | INFO | CHUNK #424
2026-08-14 01:17:34 | INFO | Trading days: 2024-12-13 -> 2024-12-13
2026-08-14 01:17:34 | INFO | Request: 2024-12-13T09:00:00.000Z -> 2024-12-13T15:45:00.000Z
2026-08-14 01:17:34 | INFO | ======================================================================
2026-08-14 01:17:34 | INFO | API request: 2024-12-13T09:00:00.000Z -> 2024-12-13T15:45:00.000Z (attempt 1/3)
2026-08-14 01:17:34 | INFO | Breeze returned 377 candles.
2026-08-14 01:17:34 | INFO | First candle : 2024-12-13 09:07:00
2026-08-14 01:17:34 | INFO | Last candle  : 2024-12-13 15:30:00
2026-08-14 01:17:34 | INFO | Saved 2024-12-13: 377 candles -> data/raw/breeze\RELIND\1m\2024\12\2024-12-13.json
2026-08-14 01:17:34 | INFO | Next trading day: 2024-12-16
2026-08-14 01:17:34 | INFO | Waiting 1.0 seconds...
2026-08-14 01:17:35 | INFO | 
2026-08-14 01:17:35 | INFO | ======================================================================
2026-08-14 01:17:35 | INFO | CHUNK #425
2026-08-14 01:17:35 | INFO | Trading days: 2024-12-16 -> 2024-12-17
2026-08-14 01:17:35 | INFO | Request: 2024-12-16T09:00:00.000Z -> 2024-12-17T15:45:00.000Z
2026-08-14 01:17:35 | INFO | ======================================================================
2026-08-14 01:17:35 | INFO | API request: 2024-12-16T09:00:00.000Z -> 2024-12-17T15:45:00.000Z (attempt 1/3)
2026-08-14 01:17:36 | INFO | Breeze returned 755 candles.
2026-08-14 01:17:36 | INFO | First candle : 2024-12-16 09:07:00
2026-08-14 01:17:36 | INFO | Last candle  : 2024-12-17 15:39:00
2026-08-14 01:17:36 | INFO | Saved 2024-12-16: 377 candles -> data/raw/breeze\RELIND\1m\2024\12\2024-12-16.json
2026-08-14 01:17:36 | INFO | Saved 2024-12-17: 378 candles -> data/raw/breeze\RELIND\1m\2024\12\2024-12-17.json
2026-08-14 01:17:36 | INFO | Next trading day: 2024-12-18
2026-08-14 01:17:36 | INFO | Waiting 1.0 seconds...
2026-08-14 01:17:37 | INFO | 
2026-08-14 01:17:37 | INFO | ======================================================================
2026-08-14 01:17:37 | INFO | CHUNK #426
2026-08-14 01:17:37 | INFO | Trading days: 2024-12-18 -> 2024-12-19
2026-08-14 01:17:37 | INFO | Request: 2024-12-18T09:00:00.000Z -> 2024-12-19T15:45:00.000Z
2026-08-14 01:17:37 | INFO | ======================================================================
2026-08-14 01:17:37 | INFO | API request: 2024-12-18T09:00:00.000Z -> 2024-12-19T15:45:00.000Z (attempt 1/3)
2026-08-14 01:17:37 | INFO | Breeze returned 753 candles.
2026-08-14 01:17:37 | INFO | First candle : 2024-12-18 09:07:00
2026-08-14 01:17:37 | INFO | Last candle  : 2024-12-19 15:30:00
2026-08-14 01:17:37 | INFO | Saved 2024-12-18: 376 candles -> data/raw/breeze\RELIND\1m\2024\12\2024-12-18.json
2026-08-14 01:17:37 | INFO | Saved 2024-12-19: 377 candles -> data/raw/breeze\RELIND\1m\2024\12\2024-12-19.json
2026-08-14 01:17:37 | INFO | Next trading day: 2024-12-20
2026-08-14 01:17:37 | INFO | Waiting 1.0 seconds...
2026-08-14 01:17:38 | INFO | 
2026-08-14 01:17:38 | INFO | ======================================================================
2026-08-14 01:17:38 | INFO | CHUNK #427
2026-08-14 01:17:38 | INFO | Trading days: 2024-12-20 -> 2024-12-20
2026-08-14 01:17:38 | INFO | Request: 2024-12-20T09:00:00.000Z -> 2024-12-20T15:45:00.000Z
2026-08-14 01:17:38 | INFO | ======================================================================
2026-08-14 01:17:38 | INFO | API request: 2024-12-20T09:00:00.000Z -> 2024-12-20T15:45:00.000Z (attempt 1/3)
2026-08-14 01:17:39 | INFO | Breeze returned 378 candles.
2026-08-14 01:17:39 | INFO | First candle : 2024-12-20 09:07:00
2026-08-14 01:17:39 | INFO | Last candle  : 2024-12-20 15:33:00
2026-08-14 01:17:39 | INFO | Saved 2024-12-20: 378 candles -> data/raw/breeze\RELIND\1m\2024\12\2024-12-20.json
2026-08-14 01:17:39 | INFO | Next trading day: 2024-12-23
2026-08-14 01:17:39 | INFO | Waiting 1.0 seconds...
2026-08-14 01:17:40 | INFO | 
2026-08-14 01:17:40 | INFO | ======================================================================
2026-08-14 01:17:40 | INFO | CHUNK #428
2026-08-14 01:17:40 | INFO | Trading days: 2024-12-23 -> 2024-12-24
2026-08-14 01:17:40 | INFO | Request: 2024-12-23T09:00:00.000Z -> 2024-12-24T15:45:00.000Z
2026-08-14 01:17:40 | INFO | ======================================================================
2026-08-14 01:17:40 | INFO | API request: 2024-12-23T09:00:00.000Z -> 2024-12-24T15:45:00.000Z (attempt 1/3)
2026-08-14 01:17:40 | INFO | Breeze returned 755 candles.
2026-08-14 01:17:40 | INFO | First candle : 2024-12-23 09:07:00
2026-08-14 01:17:40 | INFO | Last candle  : 2024-12-24 15:31:00
2026-08-14 01:17:40 | INFO | Saved 2024-12-23: 378 candles -> data/raw/breeze\RELIND\1m\2024\12\2024-12-23.json
2026-08-14 01:17:40 | INFO | Saved 2024-12-24: 377 candles -> data/raw/breeze\RELIND\1m\2024\12\2024-12-24.json
2026-08-14 01:17:40 | INFO | Next trading day: 2024-12-25
2026-08-14 01:17:40 | INFO | Waiting 1.0 seconds...
2026-08-14 01:17:41 | INFO | 
2026-08-14 01:17:41 | INFO | ======================================================================
2026-08-14 01:17:41 | INFO | CHUNK #429
2026-08-14 01:17:41 | INFO | Trading days: 2024-12-25 -> 2024-12-26
2026-08-14 01:17:41 | INFO | Request: 2024-12-25T09:00:00.000Z -> 2024-12-26T15:45:00.000Z
2026-08-14 01:17:41 | INFO | ======================================================================
2026-08-14 01:17:41 | INFO | API request: 2024-12-25T09:00:00.000Z -> 2024-12-26T15:45:00.000Z (attempt 1/3)
2026-08-14 01:17:41 | INFO | Breeze returned 378 candles.
2026-08-14 01:17:41 | INFO | First candle : 2024-12-26 09:07:00
2026-08-14 01:17:41 | INFO | Last candle  : 2024-12-26 15:31:00
2026-08-14 01:17:41 | INFO | Saved 2024-12-25: 0 candles -> data/raw/breeze\RELIND\1m\2024\12\2024-12-25.json
2026-08-14 01:17:41 | INFO | Saved 2024-12-26: 378 candles -> data/raw/breeze\RELIND\1m\2024\12\2024-12-26.json
2026-08-14 01:17:41 | INFO | Next trading day: 2024-12-27
2026-08-14 01:17:41 | INFO | Waiting 1.0 seconds...
2026-08-14 01:17:42 | INFO | 
2026-08-14 01:17:42 | INFO | ======================================================================
2026-08-14 01:17:42 | INFO | CHUNK #430
2026-08-14 01:17:42 | INFO | Trading days: 2024-12-27 -> 2024-12-27
2026-08-14 01:17:42 | INFO | Request: 2024-12-27T09:00:00.000Z -> 2024-12-27T15:45:00.000Z
2026-08-14 01:17:42 | INFO | ======================================================================
2026-08-14 01:17:42 | INFO | API request: 2024-12-27T09:00:00.000Z -> 2024-12-27T15:45:00.000Z (attempt 1/3)
2026-08-14 01:17:43 | INFO | Breeze returned 378 candles.
2026-08-14 01:17:43 | INFO | First candle : 2024-12-27 09:07:00
2026-08-14 01:17:43 | INFO | Last candle  : 2024-12-27 15:31:00
2026-08-14 01:17:43 | INFO | Saved 2024-12-27: 378 candles -> data/raw/breeze\RELIND\1m\2024\12\2024-12-27.json
2026-08-14 01:17:43 | INFO | Next trading day: 2024-12-30
2026-08-14 01:17:43 | INFO | Waiting 1.0 seconds...
2026-08-14 01:17:44 | INFO | 
2026-08-14 01:17:44 | INFO | ======================================================================
2026-08-14 01:17:44 | INFO | CHUNK #431
2026-08-14 01:17:44 | INFO | Trading days: 2024-12-30 -> 2024-12-31
2026-08-14 01:17:44 | INFO | Request: 2024-12-30T09:00:00.000Z -> 2024-12-31T15:45:00.000Z
2026-08-14 01:17:44 | INFO | ======================================================================
2026-08-14 01:17:44 | INFO | API request: 2024-12-30T09:00:00.000Z -> 2024-12-31T15:45:00.000Z (attempt 1/3)
2026-08-14 01:17:44 | INFO | Breeze returned 755 candles.
2026-08-14 01:17:44 | INFO | First candle : 2024-12-30 09:07:00
2026-08-14 01:17:44 | INFO | Last candle  : 2024-12-31 15:31:00
2026-08-14 01:17:44 | INFO | Saved 2024-12-30: 378 candles -> data/raw/breeze\RELIND\1m\2024\12\2024-12-30.json
2026-08-14 01:17:44 | INFO | Saved 2024-12-31: 377 candles -> data/raw/breeze\RELIND\1m\2024\12\2024-12-31.json
2026-08-14 01:17:44 | INFO | Next trading day: 2025-01-01
2026-08-14 01:17:44 | INFO | Waiting 1.0 seconds...
2026-08-14 01:17:45 | INFO | 
2026-08-14 01:17:45 | INFO | ======================================================================
2026-08-14 01:17:45 | INFO | CHUNK #432
2026-08-14 01:17:45 | INFO | Trading days: 2025-01-01 -> 2025-01-02
2026-08-14 01:17:45 | INFO | Request: 2025-01-01T09:00:00.000Z -> 2025-01-02T15:45:00.000Z
2026-08-14 01:17:45 | INFO | ======================================================================
2026-08-14 01:17:45 | INFO | API request: 2025-01-01T09:00:00.000Z -> 2025-01-02T15:45:00.000Z (attempt 1/3)
2026-08-14 01:17:46 | INFO | Breeze returned 757 candles.
2026-08-14 01:17:46 | INFO | First candle : 2025-01-01 09:07:00
2026-08-14 01:17:46 | INFO | Last candle  : 2025-01-02 15:34:00
2026-08-14 01:17:46 | INFO | Saved 2025-01-01: 378 candles -> data/raw/breeze\RELIND\1m\2025\01\2025-01-01.json
2026-08-14 01:17:46 | INFO | Saved 2025-01-02: 379 candles -> data/raw/breeze\RELIND\1m\2025\01\2025-01-02.json
2026-08-14 01:17:46 | INFO | Next trading day: 2025-01-03
2026-08-14 01:17:46 | INFO | Waiting 1.0 seconds...
2026-08-14 01:17:47 | INFO | 
2026-08-14 01:17:47 | INFO | ======================================================================
2026-08-14 01:17:47 | INFO | CHUNK #433
2026-08-14 01:17:47 | INFO | Trading days: 2025-01-03 -> 2025-01-03
2026-08-14 01:17:47 | INFO | Request: 2025-01-03T09:00:00.000Z -> 2025-01-03T15:45:00.000Z
2026-08-14 01:17:47 | INFO | ======================================================================
2026-08-14 01:17:47 | INFO | API request: 2025-01-03T09:00:00.000Z -> 2025-01-03T15:45:00.000Z (attempt 1/3)
2026-08-14 01:17:47 | INFO | Breeze returned 379 candles.
2026-08-14 01:17:47 | INFO | First candle : 2025-01-03 09:07:00
2026-08-14 01:17:47 | INFO | Last candle  : 2025-01-03 15:36:00
2026-08-14 01:17:47 | INFO | Saved 2025-01-03: 379 candles -> data/raw/breeze\RELIND\1m\2025\01\2025-01-03.json
2026-08-14 01:17:47 | INFO | Next trading day: 2025-01-06
2026-08-14 01:17:47 | INFO | Waiting 1.0 seconds...
2026-08-14 01:17:48 | INFO | 
2026-08-14 01:17:48 | INFO | ======================================================================
2026-08-14 01:17:48 | INFO | CHUNK #434
2026-08-14 01:17:48 | INFO | Trading days: 2025-01-06 -> 2025-01-07
2026-08-14 01:17:48 | INFO | Request: 2025-01-06T09:00:00.000Z -> 2025-01-07T15:45:00.000Z
2026-08-14 01:17:48 | INFO | ======================================================================
2026-08-14 01:17:48 | INFO | API request: 2025-01-06T09:00:00.000Z -> 2025-01-07T15:45:00.000Z (attempt 1/3)
2026-08-14 01:17:49 | INFO | Breeze returned 756 candles.
2026-08-14 01:17:49 | INFO | First candle : 2025-01-06 09:15:00
2026-08-14 01:17:49 | INFO | Last candle  : 2025-01-07 15:31:00
2026-08-14 01:17:49 | INFO | Saved 2025-01-06: 378 candles -> data/raw/breeze\RELIND\1m\2025\01\2025-01-06.json
2026-08-14 01:17:49 | INFO | Saved 2025-01-07: 378 candles -> data/raw/breeze\RELIND\1m\2025\01\2025-01-07.json
2026-08-14 01:17:49 | INFO | Next trading day: 2025-01-08
2026-08-14 01:17:49 | INFO | Waiting 1.0 seconds...
2026-08-14 01:17:50 | INFO | 
2026-08-14 01:17:50 | INFO | ======================================================================
2026-08-14 01:17:50 | INFO | CHUNK #435
2026-08-14 01:17:50 | INFO | Trading days: 2025-01-08 -> 2025-01-09
2026-08-14 01:17:50 | INFO | Request: 2025-01-08T09:00:00.000Z -> 2025-01-09T15:45:00.000Z
2026-08-14 01:17:50 | INFO | ======================================================================
2026-08-14 01:17:50 | INFO | API request: 2025-01-08T09:00:00.000Z -> 2025-01-09T15:45:00.000Z (attempt 1/3)
2026-08-14 01:17:50 | INFO | Breeze returned 754 candles.
2026-08-14 01:17:50 | INFO | First candle : 2025-01-08 09:07:00
2026-08-14 01:17:50 | INFO | Last candle  : 2025-01-09 15:30:00
2026-08-14 01:17:50 | INFO | Saved 2025-01-08: 377 candles -> data/raw/breeze\RELIND\1m\2025\01\2025-01-08.json
2026-08-14 01:17:50 | INFO | Saved 2025-01-09: 377 candles -> data/raw/breeze\RELIND\1m\2025\01\2025-01-09.json
2026-08-14 01:17:50 | INFO | Next trading day: 2025-01-10
2026-08-14 01:17:50 | INFO | Waiting 1.0 seconds...
2026-08-14 01:17:51 | INFO | 
2026-08-14 01:17:51 | INFO | ======================================================================
2026-08-14 01:17:51 | INFO | CHUNK #436
2026-08-14 01:17:51 | INFO | Trading days: 2025-01-10 -> 2025-01-10
2026-08-14 01:17:51 | INFO | Request: 2025-01-10T09:00:00.000Z -> 2025-01-10T15:45:00.000Z
2026-08-14 01:17:51 | INFO | ======================================================================
2026-08-14 01:17:51 | INFO | API request: 2025-01-10T09:00:00.000Z -> 2025-01-10T15:45:00.000Z (attempt 1/3)
2026-08-14 01:17:51 | INFO | Breeze returned 377 candles.
2026-08-14 01:17:51 | INFO | First candle : 2025-01-10 09:07:00
2026-08-14 01:17:51 | INFO | Last candle  : 2025-01-10 15:30:00
2026-08-14 01:17:52 | INFO | Saved 2025-01-10: 377 candles -> data/raw/breeze\RELIND\1m\2025\01\2025-01-10.json
2026-08-14 01:17:52 | INFO | Next trading day: 2025-01-13
2026-08-14 01:17:52 | INFO | Waiting 1.0 seconds...
2026-08-14 01:17:53 | INFO | 
2026-08-14 01:17:53 | INFO | ======================================================================
2026-08-14 01:17:53 | INFO | CHUNK #437
2026-08-14 01:17:53 | INFO | Trading days: 2025-01-13 -> 2025-01-14
2026-08-14 01:17:53 | INFO | Request: 2025-01-13T09:00:00.000Z -> 2025-01-14T15:45:00.000Z
2026-08-14 01:17:53 | INFO | ======================================================================
2026-08-14 01:17:53 | INFO | API request: 2025-01-13T09:00:00.000Z -> 2025-01-14T15:45:00.000Z (attempt 1/3)
2026-08-14 01:17:53 | INFO | Breeze returned 757 candles.
2026-08-14 01:17:53 | INFO | First candle : 2025-01-13 09:07:00
2026-08-14 01:17:53 | INFO | Last candle  : 2025-01-14 15:31:00
2026-08-14 01:17:53 | INFO | Saved 2025-01-13: 378 candles -> data/raw/breeze\RELIND\1m\2025\01\2025-01-13.json
2026-08-14 01:17:53 | INFO | Saved 2025-01-14: 379 candles -> data/raw/breeze\RELIND\1m\2025\01\2025-01-14.json
2026-08-14 01:17:53 | INFO | Next trading day: 2025-01-15
2026-08-14 01:17:53 | INFO | Waiting 1.0 seconds...
2026-08-14 01:17:54 | INFO | 
2026-08-14 01:17:54 | INFO | ======================================================================
2026-08-14 01:17:54 | INFO | CHUNK #438
2026-08-14 01:17:54 | INFO | Trading days: 2025-01-15 -> 2025-01-16
2026-08-14 01:17:54 | INFO | Request: 2025-01-15T09:00:00.000Z -> 2025-01-16T15:45:00.000Z
2026-08-14 01:17:54 | INFO | ======================================================================
2026-08-14 01:17:54 | INFO | API request: 2025-01-15T09:00:00.000Z -> 2025-01-16T15:45:00.000Z (attempt 1/3)
2026-08-14 01:17:55 | INFO | Breeze returned 754 candles.
2026-08-14 01:17:55 | INFO | First candle : 2025-01-15 09:07:00
2026-08-14 01:17:55 | INFO | Last candle  : 2025-01-16 15:31:00
2026-08-14 01:17:55 | INFO | Saved 2025-01-15: 377 candles -> data/raw/breeze\RELIND\1m\2025\01\2025-01-15.json
2026-08-14 01:17:55 | INFO | Saved 2025-01-16: 377 candles -> data/raw/breeze\RELIND\1m\2025\01\2025-01-16.json
2026-08-14 01:17:55 | INFO | Next trading day: 2025-01-17
2026-08-14 01:17:55 | INFO | Waiting 1.0 seconds...
2026-08-14 01:17:56 | INFO | 
2026-08-14 01:17:56 | INFO | ======================================================================
2026-08-14 01:17:56 | INFO | CHUNK #439
2026-08-14 01:17:56 | INFO | Trading days: 2025-01-17 -> 2025-01-17
2026-08-14 01:17:56 | INFO | Request: 2025-01-17T09:00:00.000Z -> 2025-01-17T15:45:00.000Z
2026-08-14 01:17:56 | INFO | ======================================================================
2026-08-14 01:17:56 | INFO | API request: 2025-01-17T09:00:00.000Z -> 2025-01-17T15:45:00.000Z (attempt 1/3)
2026-08-14 01:17:56 | INFO | Breeze returned 377 candles.
2026-08-14 01:17:56 | INFO | First candle : 2025-01-17 09:07:00
2026-08-14 01:17:56 | INFO | Last candle  : 2025-01-17 15:30:00
2026-08-14 01:17:56 | INFO | Saved 2025-01-17: 377 candles -> data/raw/breeze\RELIND\1m\2025\01\2025-01-17.json
2026-08-14 01:17:56 | INFO | Next trading day: 2025-01-20
2026-08-14 01:17:56 | INFO | Waiting 1.0 seconds...
2026-08-14 01:17:57 | INFO | 
2026-08-14 01:17:57 | INFO | ======================================================================
2026-08-14 01:17:57 | INFO | CHUNK #440
2026-08-14 01:17:57 | INFO | Trading days: 2025-01-20 -> 2025-01-21
2026-08-14 01:17:57 | INFO | Request: 2025-01-20T09:00:00.000Z -> 2025-01-21T15:45:00.000Z
2026-08-14 01:17:57 | INFO | ======================================================================
2026-08-14 01:17:57 | INFO | API request: 2025-01-20T09:00:00.000Z -> 2025-01-21T15:45:00.000Z (attempt 1/3)
2026-08-14 01:17:58 | INFO | Breeze returned 756 candles.
2026-08-14 01:17:58 | INFO | First candle : 2025-01-20 09:07:00
2026-08-14 01:17:58 | INFO | Last candle  : 2025-01-21 15:31:00
2026-08-14 01:17:58 | INFO | Saved 2025-01-20: 378 candles -> data/raw/breeze\RELIND\1m\2025\01\2025-01-20.json
2026-08-14 01:17:58 | INFO | Saved 2025-01-21: 378 candles -> data/raw/breeze\RELIND\1m\2025\01\2025-01-21.json
2026-08-14 01:17:58 | INFO | Next trading day: 2025-01-22
2026-08-14 01:17:58 | INFO | Waiting 1.0 seconds...
2026-08-14 01:17:59 | INFO | 
2026-08-14 01:17:59 | INFO | ======================================================================
2026-08-14 01:17:59 | INFO | CHUNK #441
2026-08-14 01:17:59 | INFO | Trading days: 2025-01-22 -> 2025-01-23
2026-08-14 01:17:59 | INFO | Request: 2025-01-22T09:00:00.000Z -> 2025-01-23T15:45:00.000Z
2026-08-14 01:17:59 | INFO | ======================================================================
2026-08-14 01:17:59 | INFO | API request: 2025-01-22T09:00:00.000Z -> 2025-01-23T15:45:00.000Z (attempt 1/3)
2026-08-14 01:18:00 | INFO | Breeze returned 756 candles.
2026-08-14 01:18:00 | INFO | First candle : 2025-01-22 09:07:00
2026-08-14 01:18:00 | INFO | Last candle  : 2025-01-23 15:33:00
2026-08-14 01:18:00 | INFO | Saved 2025-01-22: 378 candles -> data/raw/breeze\RELIND\1m\2025\01\2025-01-22.json
2026-08-14 01:18:00 | INFO | Saved 2025-01-23: 378 candles -> data/raw/breeze\RELIND\1m\2025\01\2025-01-23.json
2026-08-14 01:18:00 | INFO | Next trading day: 2025-01-24
2026-08-14 01:18:00 | INFO | Waiting 1.0 seconds...
2026-08-14 01:18:01 | INFO | 
2026-08-14 01:18:01 | INFO | ======================================================================
2026-08-14 01:18:01 | INFO | CHUNK #442
2026-08-14 01:18:01 | INFO | Trading days: 2025-01-24 -> 2025-01-24
2026-08-14 01:18:01 | INFO | Request: 2025-01-24T09:00:00.000Z -> 2025-01-24T15:45:00.000Z
2026-08-14 01:18:01 | INFO | ======================================================================
2026-08-14 01:18:01 | INFO | API request: 2025-01-24T09:00:00.000Z -> 2025-01-24T15:45:00.000Z (attempt 1/3)
2026-08-14 01:18:01 | INFO | Breeze returned 377 candles.
2026-08-14 01:18:01 | INFO | First candle : 2025-01-24 09:07:00
2026-08-14 01:18:01 | INFO | Last candle  : 2025-01-24 15:30:00
2026-08-14 01:18:01 | INFO | Saved 2025-01-24: 377 candles -> data/raw/breeze\RELIND\1m\2025\01\2025-01-24.json
2026-08-14 01:18:01 | INFO | Next trading day: 2025-01-27
2026-08-14 01:18:01 | INFO | Waiting 1.0 seconds...
2026-08-14 01:18:02 | INFO | 
2026-08-14 01:18:02 | INFO | ======================================================================
2026-08-14 01:18:02 | INFO | CHUNK #443
2026-08-14 01:18:02 | INFO | Trading days: 2025-01-27 -> 2025-01-28
2026-08-14 01:18:02 | INFO | Request: 2025-01-27T09:00:00.000Z -> 2025-01-28T15:45:00.000Z
2026-08-14 01:18:02 | INFO | ======================================================================
2026-08-14 01:18:02 | INFO | API request: 2025-01-27T09:00:00.000Z -> 2025-01-28T15:45:00.000Z (attempt 1/3)
2026-08-14 01:18:03 | INFO | Breeze returned 756 candles.
2026-08-14 01:18:03 | INFO | First candle : 2025-01-27 09:07:00
2026-08-14 01:18:03 | INFO | Last candle  : 2025-01-28 15:31:00
2026-08-14 01:18:03 | INFO | Saved 2025-01-27: 378 candles -> data/raw/breeze\RELIND\1m\2025\01\2025-01-27.json
2026-08-14 01:18:03 | INFO | Saved 2025-01-28: 378 candles -> data/raw/breeze\RELIND\1m\2025\01\2025-01-28.json
2026-08-14 01:18:03 | INFO | Next trading day: 2025-01-29
2026-08-14 01:18:03 | INFO | Waiting 1.0 seconds...
2026-08-14 01:18:04 | INFO | 
2026-08-14 01:18:04 | INFO | ======================================================================
2026-08-14 01:18:04 | INFO | CHUNK #444
2026-08-14 01:18:04 | INFO | Trading days: 2025-01-29 -> 2025-01-30
2026-08-14 01:18:04 | INFO | Request: 2025-01-29T09:00:00.000Z -> 2025-01-30T15:45:00.000Z
2026-08-14 01:18:04 | INFO | ======================================================================
2026-08-14 01:18:04 | INFO | API request: 2025-01-29T09:00:00.000Z -> 2025-01-30T15:45:00.000Z (attempt 1/3)
2026-08-14 01:18:04 | INFO | Breeze returned 756 candles.
2026-08-14 01:18:04 | INFO | First candle : 2025-01-29 09:07:00
2026-08-14 01:18:04 | INFO | Last candle  : 2025-01-30 15:31:00
2026-08-14 01:18:04 | INFO | Saved 2025-01-29: 378 candles -> data/raw/breeze\RELIND\1m\2025\01\2025-01-29.json
2026-08-14 01:18:04 | INFO | Saved 2025-01-30: 378 candles -> data/raw/breeze\RELIND\1m\2025\01\2025-01-30.json
2026-08-14 01:18:04 | INFO | Next trading day: 2025-01-31
2026-08-14 01:18:04 | INFO | Waiting 1.0 seconds...
2026-08-14 01:18:05 | INFO | 
2026-08-14 01:18:05 | INFO | ======================================================================
2026-08-14 01:18:05 | INFO | CHUNK #445
2026-08-14 01:18:05 | INFO | Trading days: 2025-01-31 -> 2025-01-31
2026-08-14 01:18:05 | INFO | Request: 2025-01-31T09:00:00.000Z -> 2025-01-31T15:45:00.000Z
2026-08-14 01:18:05 | INFO | ======================================================================
2026-08-14 01:18:05 | INFO | API request: 2025-01-31T09:00:00.000Z -> 2025-01-31T15:45:00.000Z (attempt 1/3)
2026-08-14 01:18:05 | INFO | Breeze returned 378 candles.
2026-08-14 01:18:05 | INFO | First candle : 2025-01-31 09:07:00
2026-08-14 01:18:05 | INFO | Last candle  : 2025-01-31 15:31:00
2026-08-14 01:18:05 | INFO | Saved 2025-01-31: 378 candles -> data/raw/breeze\RELIND\1m\2025\01\2025-01-31.json
2026-08-14 01:18:05 | INFO | Next trading day: 2025-02-03
2026-08-14 01:18:05 | INFO | Waiting 1.0 seconds...
2026-08-14 01:18:06 | INFO | 
2026-08-14 01:18:06 | INFO | ======================================================================
2026-08-14 01:18:06 | INFO | CHUNK #446
2026-08-14 01:18:06 | INFO | Trading days: 2025-02-03 -> 2025-02-04
2026-08-14 01:18:06 | INFO | Request: 2025-02-03T09:00:00.000Z -> 2025-02-04T15:45:00.000Z
2026-08-14 01:18:06 | INFO | ======================================================================
2026-08-14 01:18:06 | INFO | API request: 2025-02-03T09:00:00.000Z -> 2025-02-04T15:45:00.000Z (attempt 1/3)
2026-08-14 01:18:07 | INFO | Breeze returned 756 candles.
2026-08-14 01:18:07 | INFO | First candle : 2025-02-03 09:07:00
2026-08-14 01:18:07 | INFO | Last candle  : 2025-02-04 15:31:00
2026-08-14 01:18:07 | INFO | Saved 2025-02-03: 378 candles -> data/raw/breeze\RELIND\1m\2025\02\2025-02-03.json
2026-08-14 01:18:07 | INFO | Saved 2025-02-04: 378 candles -> data/raw/breeze\RELIND\1m\2025\02\2025-02-04.json
2026-08-14 01:18:07 | INFO | Next trading day: 2025-02-05
2026-08-14 01:18:07 | INFO | Waiting 1.0 seconds...
2026-08-14 01:18:08 | INFO | 
2026-08-14 01:18:08 | INFO | ======================================================================
2026-08-14 01:18:08 | INFO | CHUNK #447
2026-08-14 01:18:08 | INFO | Trading days: 2025-02-05 -> 2025-02-06
2026-08-14 01:18:08 | INFO | Request: 2025-02-05T09:00:00.000Z -> 2025-02-06T15:45:00.000Z
2026-08-14 01:18:08 | INFO | ======================================================================
2026-08-14 01:18:08 | INFO | API request: 2025-02-05T09:00:00.000Z -> 2025-02-06T15:45:00.000Z (attempt 1/3)
2026-08-14 01:18:08 | INFO | Breeze returned 754 candles.
2026-08-14 01:18:08 | INFO | First candle : 2025-02-05 09:07:00
2026-08-14 01:18:08 | INFO | Last candle  : 2025-02-06 15:30:00
2026-08-14 01:18:08 | INFO | Saved 2025-02-05: 377 candles -> data/raw/breeze\RELIND\1m\2025\02\2025-02-05.json
2026-08-14 01:18:08 | INFO | Saved 2025-02-06: 377 candles -> data/raw/breeze\RELIND\1m\2025\02\2025-02-06.json
2026-08-14 01:18:08 | INFO | Next trading day: 2025-02-07
2026-08-14 01:18:08 | INFO | Waiting 1.0 seconds...
2026-08-14 01:18:09 | INFO | 
2026-08-14 01:18:09 | INFO | ======================================================================
2026-08-14 01:18:09 | INFO | CHUNK #448
2026-08-14 01:18:09 | INFO | Trading days: 2025-02-07 -> 2025-02-07
2026-08-14 01:18:09 | INFO | Request: 2025-02-07T09:00:00.000Z -> 2025-02-07T15:45:00.000Z
2026-08-14 01:18:09 | INFO | ======================================================================
2026-08-14 01:18:09 | INFO | API request: 2025-02-07T09:00:00.000Z -> 2025-02-07T15:45:00.000Z (attempt 1/3)
2026-08-14 01:18:09 | INFO | Breeze returned 378 candles.
2026-08-14 01:18:09 | INFO | First candle : 2025-02-07 09:07:00
2026-08-14 01:18:09 | INFO | Last candle  : 2025-02-07 15:31:00
2026-08-14 01:18:09 | INFO | Saved 2025-02-07: 378 candles -> data/raw/breeze\RELIND\1m\2025\02\2025-02-07.json
2026-08-14 01:18:09 | INFO | Next trading day: 2025-02-10
2026-08-14 01:18:09 | INFO | Waiting 1.0 seconds...
2026-08-14 01:18:10 | INFO | 
2026-08-14 01:18:10 | INFO | ======================================================================
2026-08-14 01:18:10 | INFO | CHUNK #449
2026-08-14 01:18:10 | INFO | Trading days: 2025-02-10 -> 2025-02-11
2026-08-14 01:18:10 | INFO | Request: 2025-02-10T09:00:00.000Z -> 2025-02-11T15:45:00.000Z
2026-08-14 01:18:10 | INFO | ======================================================================
2026-08-14 01:18:10 | INFO | API request: 2025-02-10T09:00:00.000Z -> 2025-02-11T15:45:00.000Z (attempt 1/3)
2026-08-14 01:18:11 | INFO | Breeze returned 755 candles.
2026-08-14 01:18:11 | INFO | First candle : 2025-02-10 09:07:00
2026-08-14 01:18:11 | INFO | Last candle  : 2025-02-11 15:30:00
2026-08-14 01:18:11 | INFO | Saved 2025-02-10: 378 candles -> data/raw/breeze\RELIND\1m\2025\02\2025-02-10.json
2026-08-14 01:18:11 | INFO | Saved 2025-02-11: 377 candles -> data/raw/breeze\RELIND\1m\2025\02\2025-02-11.json
2026-08-14 01:18:11 | INFO | Next trading day: 2025-02-12
2026-08-14 01:18:11 | INFO | Waiting 1.0 seconds...
2026-08-14 01:18:12 | INFO | 
2026-08-14 01:18:12 | INFO | ======================================================================
2026-08-14 01:18:12 | INFO | CHUNK #450
2026-08-14 01:18:12 | INFO | Trading days: 2025-02-12 -> 2025-02-13
2026-08-14 01:18:12 | INFO | Request: 2025-02-12T09:00:00.000Z -> 2025-02-13T15:45:00.000Z
2026-08-14 01:18:12 | INFO | ======================================================================
2026-08-14 01:18:12 | INFO | API request: 2025-02-12T09:00:00.000Z -> 2025-02-13T15:45:00.000Z (attempt 1/3)
2026-08-14 01:18:12 | INFO | Breeze returned 755 candles.
2026-08-14 01:18:12 | INFO | First candle : 2025-02-12 09:07:00
2026-08-14 01:18:12 | INFO | Last candle  : 2025-02-13 15:31:00
2026-08-14 01:18:12 | INFO | Saved 2025-02-12: 377 candles -> data/raw/breeze\RELIND\1m\2025\02\2025-02-12.json
2026-08-14 01:18:12 | INFO | Saved 2025-02-13: 378 candles -> data/raw/breeze\RELIND\1m\2025\02\2025-02-13.json
2026-08-14 01:18:12 | INFO | Next trading day: 2025-02-14
2026-08-14 01:18:12 | INFO | Waiting 1.0 seconds...
2026-08-14 01:18:13 | INFO | 
2026-08-14 01:18:13 | INFO | ======================================================================
2026-08-14 01:18:13 | INFO | CHUNK #451
2026-08-14 01:18:13 | INFO | Trading days: 2025-02-14 -> 2025-02-14
2026-08-14 01:18:13 | INFO | Request: 2025-02-14T09:00:00.000Z -> 2025-02-14T15:45:00.000Z
2026-08-14 01:18:13 | INFO | ======================================================================
2026-08-14 01:18:13 | INFO | API request: 2025-02-14T09:00:00.000Z -> 2025-02-14T15:45:00.000Z (attempt 1/3)
2026-08-14 01:18:13 | INFO | Breeze returned 378 candles.
2026-08-14 01:18:13 | INFO | First candle : 2025-02-14 09:07:00
2026-08-14 01:18:13 | INFO | Last candle  : 2025-02-14 15:31:00
2026-08-14 01:18:13 | INFO | Saved 2025-02-14: 378 candles -> data/raw/breeze\RELIND\1m\2025\02\2025-02-14.json
2026-08-14 01:18:13 | INFO | Next trading day: 2025-02-17
2026-08-14 01:18:13 | INFO | Waiting 1.0 seconds...
2026-08-14 01:18:14 | INFO | 
2026-08-14 01:18:14 | INFO | ======================================================================
2026-08-14 01:18:14 | INFO | CHUNK #452
2026-08-14 01:18:14 | INFO | Trading days: 2025-02-17 -> 2025-02-18
2026-08-14 01:18:14 | INFO | Request: 2025-02-17T09:00:00.000Z -> 2025-02-18T15:45:00.000Z
2026-08-14 01:18:14 | INFO | ======================================================================
2026-08-14 01:18:14 | INFO | API request: 2025-02-17T09:00:00.000Z -> 2025-02-18T15:45:00.000Z (attempt 1/3)
2026-08-14 01:18:15 | INFO | Breeze returned 756 candles.
2026-08-14 01:18:15 | INFO | First candle : 2025-02-17 09:07:00
2026-08-14 01:18:15 | INFO | Last candle  : 2025-02-18 15:31:00
2026-08-14 01:18:15 | INFO | Saved 2025-02-17: 378 candles -> data/raw/breeze\RELIND\1m\2025\02\2025-02-17.json
2026-08-14 01:18:15 | INFO | Saved 2025-02-18: 378 candles -> data/raw/breeze\RELIND\1m\2025\02\2025-02-18.json
2026-08-14 01:18:15 | INFO | Next trading day: 2025-02-19
2026-08-14 01:18:15 | INFO | Waiting 1.0 seconds...
2026-08-14 01:18:16 | INFO | 
2026-08-14 01:18:16 | INFO | ======================================================================
2026-08-14 01:18:16 | INFO | CHUNK #453
2026-08-14 01:18:16 | INFO | Trading days: 2025-02-19 -> 2025-02-20
2026-08-14 01:18:16 | INFO | Request: 2025-02-19T09:00:00.000Z -> 2025-02-20T15:45:00.000Z
2026-08-14 01:18:16 | INFO | ======================================================================
2026-08-14 01:18:16 | INFO | API request: 2025-02-19T09:00:00.000Z -> 2025-02-20T15:45:00.000Z (attempt 1/3)
2026-08-14 01:18:16 | INFO | Breeze returned 756 candles.
2026-08-14 01:18:16 | INFO | First candle : 2025-02-19 09:07:00
2026-08-14 01:18:16 | INFO | Last candle  : 2025-02-20 15:31:00
2026-08-14 01:18:16 | INFO | Saved 2025-02-19: 377 candles -> data/raw/breeze\RELIND\1m\2025\02\2025-02-19.json
2026-08-14 01:18:16 | INFO | Saved 2025-02-20: 379 candles -> data/raw/breeze\RELIND\1m\2025\02\2025-02-20.json
2026-08-14 01:18:16 | INFO | Next trading day: 2025-02-21
2026-08-14 01:18:16 | INFO | Waiting 1.0 seconds...
2026-08-14 01:18:17 | INFO | 
2026-08-14 01:18:17 | INFO | ======================================================================
2026-08-14 01:18:17 | INFO | CHUNK #454
2026-08-14 01:18:17 | INFO | Trading days: 2025-02-21 -> 2025-02-21
2026-08-14 01:18:17 | INFO | Request: 2025-02-21T09:00:00.000Z -> 2025-02-21T15:45:00.000Z
2026-08-14 01:18:17 | INFO | ======================================================================
2026-08-14 01:18:17 | INFO | API request: 2025-02-21T09:00:00.000Z -> 2025-02-21T15:45:00.000Z (attempt 1/3)
2026-08-14 01:18:17 | INFO | Breeze returned 378 candles.
2026-08-14 01:18:17 | INFO | First candle : 2025-02-21 09:07:00
2026-08-14 01:18:17 | INFO | Last candle  : 2025-02-21 15:31:00
2026-08-14 01:18:17 | INFO | Saved 2025-02-21: 378 candles -> data/raw/breeze\RELIND\1m\2025\02\2025-02-21.json
2026-08-14 01:18:17 | INFO | Next trading day: 2025-02-24
2026-08-14 01:18:17 | INFO | Waiting 1.0 seconds...
2026-08-14 01:18:18 | INFO | 
2026-08-14 01:18:18 | INFO | ======================================================================
2026-08-14 01:18:18 | INFO | CHUNK #455
2026-08-14 01:18:18 | INFO | Trading days: 2025-02-24 -> 2025-02-25
2026-08-14 01:18:18 | INFO | Request: 2025-02-24T09:00:00.000Z -> 2025-02-25T15:45:00.000Z
2026-08-14 01:18:18 | INFO | ======================================================================
2026-08-14 01:18:18 | INFO | API request: 2025-02-24T09:00:00.000Z -> 2025-02-25T15:45:00.000Z (attempt 1/3)
2026-08-14 01:18:19 | INFO | Breeze returned 755 candles.
2026-08-14 01:18:19 | INFO | First candle : 2025-02-24 09:07:00
2026-08-14 01:18:19 | INFO | Last candle  : 2025-02-25 15:31:00
2026-08-14 01:18:19 | INFO | Saved 2025-02-24: 377 candles -> data/raw/breeze\RELIND\1m\2025\02\2025-02-24.json
2026-08-14 01:18:19 | INFO | Saved 2025-02-25: 378 candles -> data/raw/breeze\RELIND\1m\2025\02\2025-02-25.json
2026-08-14 01:18:19 | INFO | Next trading day: 2025-02-26
2026-08-14 01:18:19 | INFO | Waiting 1.0 seconds...
2026-08-14 01:18:20 | INFO | 
2026-08-14 01:18:20 | INFO | ======================================================================
2026-08-14 01:18:20 | INFO | CHUNK #456
2026-08-14 01:18:20 | INFO | Trading days: 2025-02-26 -> 2025-02-27
2026-08-14 01:18:20 | INFO | Request: 2025-02-26T09:00:00.000Z -> 2025-02-27T15:45:00.000Z
2026-08-14 01:18:20 | INFO | ======================================================================
2026-08-14 01:18:20 | INFO | API request: 2025-02-26T09:00:00.000Z -> 2025-02-27T15:45:00.000Z (attempt 1/3)
2026-08-14 01:18:20 | INFO | Breeze returned 378 candles.
2026-08-14 01:18:20 | INFO | First candle : 2025-02-27 09:07:00
2026-08-14 01:18:20 | INFO | Last candle  : 2025-02-27 15:31:00
2026-08-14 01:18:20 | INFO | Saved 2025-02-26: 0 candles -> data/raw/breeze\RELIND\1m\2025\02\2025-02-26.json
2026-08-14 01:18:20 | INFO | Saved 2025-02-27: 378 candles -> data/raw/breeze\RELIND\1m\2025\02\2025-02-27.json
2026-08-14 01:18:20 | INFO | Next trading day: 2025-02-28
2026-08-14 01:18:20 | INFO | Waiting 1.0 seconds...
2026-08-14 01:18:21 | INFO | 
2026-08-14 01:18:21 | INFO | ======================================================================
2026-08-14 01:18:21 | INFO | CHUNK #457
2026-08-14 01:18:21 | INFO | Trading days: 2025-02-28 -> 2025-02-28
2026-08-14 01:18:21 | INFO | Request: 2025-02-28T09:00:00.000Z -> 2025-02-28T15:45:00.000Z
2026-08-14 01:18:21 | INFO | ======================================================================
2026-08-14 01:18:21 | INFO | API request: 2025-02-28T09:00:00.000Z -> 2025-02-28T15:45:00.000Z (attempt 1/3)
2026-08-14 01:18:22 | INFO | Breeze returned 379 candles.
2026-08-14 01:18:22 | INFO | First candle : 2025-02-28 09:07:00
2026-08-14 01:18:22 | INFO | Last candle  : 2025-02-28 15:37:00
2026-08-14 01:18:22 | INFO | Saved 2025-02-28: 379 candles -> data/raw/breeze\RELIND\1m\2025\02\2025-02-28.json
2026-08-14 01:18:22 | INFO | Next trading day: 2025-03-03
2026-08-14 01:18:22 | INFO | Waiting 1.0 seconds...
2026-08-14 01:18:23 | INFO | 
2026-08-14 01:18:23 | INFO | ======================================================================
2026-08-14 01:18:23 | INFO | CHUNK #458
2026-08-14 01:18:23 | INFO | Trading days: 2025-03-03 -> 2025-03-04
2026-08-14 01:18:23 | INFO | Request: 2025-03-03T09:00:00.000Z -> 2025-03-04T15:45:00.000Z
2026-08-14 01:18:23 | INFO | ======================================================================
2026-08-14 01:18:23 | INFO | API request: 2025-03-03T09:00:00.000Z -> 2025-03-04T15:45:00.000Z (attempt 1/3)
2026-08-14 01:18:23 | INFO | Breeze returned 754 candles.
2026-08-14 01:18:23 | INFO | First candle : 2025-03-03 09:07:00
2026-08-14 01:18:23 | INFO | Last candle  : 2025-03-04 15:30:00
2026-08-14 01:18:23 | INFO | Saved 2025-03-03: 377 candles -> data/raw/breeze\RELIND\1m\2025\03\2025-03-03.json
2026-08-14 01:18:23 | INFO | Saved 2025-03-04: 377 candles -> data/raw/breeze\RELIND\1m\2025\03\2025-03-04.json
2026-08-14 01:18:23 | INFO | Next trading day: 2025-03-05
2026-08-14 01:18:23 | INFO | Waiting 1.0 seconds...
2026-08-14 01:18:24 | INFO | 
2026-08-14 01:18:24 | INFO | ======================================================================
2026-08-14 01:18:24 | INFO | CHUNK #459
2026-08-14 01:18:24 | INFO | Trading days: 2025-03-05 -> 2025-03-06
2026-08-14 01:18:24 | INFO | Request: 2025-03-05T09:00:00.000Z -> 2025-03-06T15:45:00.000Z
2026-08-14 01:18:24 | INFO | ======================================================================
2026-08-14 01:18:24 | INFO | API request: 2025-03-05T09:00:00.000Z -> 2025-03-06T15:45:00.000Z (attempt 1/3)
2026-08-14 01:18:25 | INFO | Breeze returned 756 candles.
2026-08-14 01:18:25 | INFO | First candle : 2025-03-05 09:07:00
2026-08-14 01:18:25 | INFO | Last candle  : 2025-03-06 15:31:00
2026-08-14 01:18:25 | INFO | Saved 2025-03-05: 378 candles -> data/raw/breeze\RELIND\1m\2025\03\2025-03-05.json
2026-08-14 01:18:25 | INFO | Saved 2025-03-06: 378 candles -> data/raw/breeze\RELIND\1m\2025\03\2025-03-06.json
2026-08-14 01:18:25 | INFO | Next trading day: 2025-03-07
2026-08-14 01:18:25 | INFO | Waiting 1.0 seconds...
2026-08-14 01:18:26 | INFO | 
2026-08-14 01:18:26 | INFO | ======================================================================
2026-08-14 01:18:26 | INFO | CHUNK #460
2026-08-14 01:18:26 | INFO | Trading days: 2025-03-07 -> 2025-03-07
2026-08-14 01:18:26 | INFO | Request: 2025-03-07T09:00:00.000Z -> 2025-03-07T15:45:00.000Z
2026-08-14 01:18:26 | INFO | ======================================================================
2026-08-14 01:18:26 | INFO | API request: 2025-03-07T09:00:00.000Z -> 2025-03-07T15:45:00.000Z (attempt 1/3)
2026-08-14 01:18:26 | INFO | Breeze returned 378 candles.
2026-08-14 01:18:26 | INFO | First candle : 2025-03-07 09:07:00
2026-08-14 01:18:26 | INFO | Last candle  : 2025-03-07 15:31:00
2026-08-14 01:18:26 | INFO | Saved 2025-03-07: 378 candles -> data/raw/breeze\RELIND\1m\2025\03\2025-03-07.json
2026-08-14 01:18:26 | INFO | Next trading day: 2025-03-10
2026-08-14 01:18:26 | INFO | Waiting 1.0 seconds...
2026-08-14 01:18:27 | INFO | 
2026-08-14 01:18:27 | INFO | ======================================================================
2026-08-14 01:18:27 | INFO | CHUNK #461
2026-08-14 01:18:27 | INFO | Trading days: 2025-03-10 -> 2025-03-11
2026-08-14 01:18:27 | INFO | Request: 2025-03-10T09:00:00.000Z -> 2025-03-11T15:45:00.000Z
2026-08-14 01:18:27 | INFO | ======================================================================
2026-08-14 01:18:27 | INFO | API request: 2025-03-10T09:00:00.000Z -> 2025-03-11T15:45:00.000Z (attempt 1/3)
2026-08-14 01:18:27 | INFO | Breeze returned 754 candles.
2026-08-14 01:18:27 | INFO | First candle : 2025-03-10 09:07:00
2026-08-14 01:18:27 | INFO | Last candle  : 2025-03-11 15:30:00
2026-08-14 01:18:27 | INFO | Saved 2025-03-10: 377 candles -> data/raw/breeze\RELIND\1m\2025\03\2025-03-10.json
2026-08-14 01:18:27 | INFO | Saved 2025-03-11: 377 candles -> data/raw/breeze\RELIND\1m\2025\03\2025-03-11.json
2026-08-14 01:18:27 | INFO | Next trading day: 2025-03-12
2026-08-14 01:18:27 | INFO | Waiting 1.0 seconds...
2026-08-14 01:18:28 | INFO | 
2026-08-14 01:18:28 | INFO | ======================================================================
2026-08-14 01:18:28 | INFO | CHUNK #462
2026-08-14 01:18:28 | INFO | Trading days: 2025-03-12 -> 2025-03-13
2026-08-14 01:18:28 | INFO | Request: 2025-03-12T09:00:00.000Z -> 2025-03-13T15:45:00.000Z
2026-08-14 01:18:28 | INFO | ======================================================================
2026-08-14 01:18:28 | INFO | API request: 2025-03-12T09:00:00.000Z -> 2025-03-13T15:45:00.000Z (attempt 1/3)
2026-08-14 01:18:29 | INFO | Breeze returned 754 candles.
2026-08-14 01:18:29 | INFO | First candle : 2025-03-12 09:07:00
2026-08-14 01:18:29 | INFO | Last candle  : 2025-03-13 15:30:00
2026-08-14 01:18:29 | INFO | Saved 2025-03-12: 377 candles -> data/raw/breeze\RELIND\1m\2025\03\2025-03-12.json
2026-08-14 01:18:29 | INFO | Saved 2025-03-13: 377 candles -> data/raw/breeze\RELIND\1m\2025\03\2025-03-13.json
2026-08-14 01:18:29 | INFO | Next trading day: 2025-03-14
2026-08-14 01:18:29 | INFO | Waiting 1.0 seconds...
2026-08-14 01:18:30 | INFO | 
2026-08-14 01:18:30 | INFO | ======================================================================
2026-08-14 01:18:30 | INFO | CHUNK #463
2026-08-14 01:18:30 | INFO | Trading days: 2025-03-14 -> 2025-03-14
2026-08-14 01:18:30 | INFO | Request: 2025-03-14T09:00:00.000Z -> 2025-03-14T15:45:00.000Z
2026-08-14 01:18:30 | INFO | ======================================================================
2026-08-14 01:18:30 | INFO | API request: 2025-03-14T09:00:00.000Z -> 2025-03-14T15:45:00.000Z (attempt 1/3)
2026-08-14 01:18:30 | INFO | Breeze returned 0 candles.
2026-08-14 01:18:30 | INFO | Saved 2025-03-14: 0 candles -> data/raw/breeze\RELIND\1m\2025\03\2025-03-14.json
2026-08-14 01:18:30 | INFO | Next trading day: 2025-03-17
2026-08-14 01:18:30 | INFO | Waiting 1.0 seconds...
2026-08-14 01:18:31 | INFO | 
2026-08-14 01:18:31 | INFO | ======================================================================
2026-08-14 01:18:31 | INFO | CHUNK #464
2026-08-14 01:18:31 | INFO | Trading days: 2025-03-17 -> 2025-03-18
2026-08-14 01:18:31 | INFO | Request: 2025-03-17T09:00:00.000Z -> 2025-03-18T15:45:00.000Z
2026-08-14 01:18:31 | INFO | ======================================================================
2026-08-14 01:18:31 | INFO | API request: 2025-03-17T09:00:00.000Z -> 2025-03-18T15:45:00.000Z (attempt 1/3)
2026-08-14 01:18:31 | INFO | Breeze returned 756 candles.
2026-08-14 01:18:31 | INFO | First candle : 2025-03-17 09:07:00
2026-08-14 01:18:31 | INFO | Last candle  : 2025-03-18 15:31:00
2026-08-14 01:18:31 | INFO | Saved 2025-03-17: 378 candles -> data/raw/breeze\RELIND\1m\2025\03\2025-03-17.json
2026-08-14 01:18:31 | INFO | Saved 2025-03-18: 378 candles -> data/raw/breeze\RELIND\1m\2025\03\2025-03-18.json
2026-08-14 01:18:31 | INFO | Next trading day: 2025-03-19
2026-08-14 01:18:31 | INFO | Waiting 1.0 seconds...
2026-08-14 01:18:32 | INFO | 
2026-08-14 01:18:32 | INFO | ======================================================================
2026-08-14 01:18:32 | INFO | CHUNK #465
2026-08-14 01:18:32 | INFO | Trading days: 2025-03-19 -> 2025-03-20
2026-08-14 01:18:32 | INFO | Request: 2025-03-19T09:00:00.000Z -> 2025-03-20T15:45:00.000Z
2026-08-14 01:18:32 | INFO | ======================================================================
2026-08-14 01:18:32 | INFO | API request: 2025-03-19T09:00:00.000Z -> 2025-03-20T15:45:00.000Z (attempt 1/3)
2026-08-14 01:18:32 | INFO | Breeze returned 756 candles.
2026-08-14 01:18:32 | INFO | First candle : 2025-03-19 09:07:00
2026-08-14 01:18:32 | INFO | Last candle  : 2025-03-20 15:31:00
2026-08-14 01:18:32 | INFO | Saved 2025-03-19: 378 candles -> data/raw/breeze\RELIND\1m\2025\03\2025-03-19.json
2026-08-14 01:18:32 | INFO | Saved 2025-03-20: 378 candles -> data/raw/breeze\RELIND\1m\2025\03\2025-03-20.json
2026-08-14 01:18:32 | INFO | Next trading day: 2025-03-21
2026-08-14 01:18:32 | INFO | Waiting 1.0 seconds...
2026-08-14 01:18:33 | INFO | 
2026-08-14 01:18:33 | INFO | ======================================================================
2026-08-14 01:18:33 | INFO | CHUNK #466
2026-08-14 01:18:33 | INFO | Trading days: 2025-03-21 -> 2025-03-21
2026-08-14 01:18:33 | INFO | Request: 2025-03-21T09:00:00.000Z -> 2025-03-21T15:45:00.000Z
2026-08-14 01:18:33 | INFO | ======================================================================
2026-08-14 01:18:33 | INFO | API request: 2025-03-21T09:00:00.000Z -> 2025-03-21T15:45:00.000Z (attempt 1/3)
2026-08-14 01:18:34 | INFO | Breeze returned 378 candles.
2026-08-14 01:18:34 | INFO | First candle : 2025-03-21 09:07:00
2026-08-14 01:18:34 | INFO | Last candle  : 2025-03-21 15:31:00
2026-08-14 01:18:34 | INFO | Saved 2025-03-21: 378 candles -> data/raw/breeze\RELIND\1m\2025\03\2025-03-21.json
2026-08-14 01:18:34 | INFO | Next trading day: 2025-03-24
2026-08-14 01:18:34 | INFO | Waiting 1.0 seconds...
2026-08-14 01:18:35 | INFO | 
2026-08-14 01:18:35 | INFO | ======================================================================
2026-08-14 01:18:35 | INFO | CHUNK #467
2026-08-14 01:18:35 | INFO | Trading days: 2025-03-24 -> 2025-03-25
2026-08-14 01:18:35 | INFO | Request: 2025-03-24T09:00:00.000Z -> 2025-03-25T15:45:00.000Z
2026-08-14 01:18:35 | INFO | ======================================================================
2026-08-14 01:18:35 | INFO | API request: 2025-03-24T09:00:00.000Z -> 2025-03-25T15:45:00.000Z (attempt 1/3)
2026-08-14 01:18:35 | INFO | Breeze returned 756 candles.
2026-08-14 01:18:35 | INFO | First candle : 2025-03-24 09:07:00
2026-08-14 01:18:35 | INFO | Last candle  : 2025-03-25 15:30:00
2026-08-14 01:18:35 | INFO | Saved 2025-03-24: 378 candles -> data/raw/breeze\RELIND\1m\2025\03\2025-03-24.json
2026-08-14 01:18:35 | INFO | Saved 2025-03-25: 378 candles -> data/raw/breeze\RELIND\1m\2025\03\2025-03-25.json
2026-08-14 01:18:35 | INFO | Next trading day: 2025-03-26
2026-08-14 01:18:35 | INFO | Waiting 1.0 seconds...
2026-08-14 01:18:36 | INFO | 
2026-08-14 01:18:36 | INFO | ======================================================================
2026-08-14 01:18:36 | INFO | CHUNK #468
2026-08-14 01:18:36 | INFO | Trading days: 2025-03-26 -> 2025-03-27
2026-08-14 01:18:36 | INFO | Request: 2025-03-26T09:00:00.000Z -> 2025-03-27T15:45:00.000Z
2026-08-14 01:18:36 | INFO | ======================================================================
2026-08-14 01:18:36 | INFO | API request: 2025-03-26T09:00:00.000Z -> 2025-03-27T15:45:00.000Z (attempt 1/3)
2026-08-14 01:18:37 | INFO | Breeze returned 755 candles.
2026-08-14 01:18:37 | INFO | First candle : 2025-03-26 09:07:00
2026-08-14 01:18:37 | INFO | Last candle  : 2025-03-27 15:31:00
2026-08-14 01:18:37 | INFO | Saved 2025-03-26: 377 candles -> data/raw/breeze\RELIND\1m\2025\03\2025-03-26.json
2026-08-14 01:18:37 | INFO | Saved 2025-03-27: 378 candles -> data/raw/breeze\RELIND\1m\2025\03\2025-03-27.json
2026-08-14 01:18:37 | INFO | Next trading day: 2025-03-28
2026-08-14 01:18:37 | INFO | Waiting 1.0 seconds...
2026-08-14 01:18:38 | INFO | 
2026-08-14 01:18:38 | INFO | ======================================================================
2026-08-14 01:18:38 | INFO | CHUNK #469
2026-08-14 01:18:38 | INFO | Trading days: 2025-03-28 -> 2025-03-28
2026-08-14 01:18:38 | INFO | Request: 2025-03-28T09:00:00.000Z -> 2025-03-28T15:45:00.000Z
2026-08-14 01:18:38 | INFO | ======================================================================
2026-08-14 01:18:38 | INFO | API request: 2025-03-28T09:00:00.000Z -> 2025-03-28T15:45:00.000Z (attempt 1/3)
2026-08-14 01:18:42 | INFO | Breeze returned 377 candles.
2026-08-14 01:18:42 | INFO | First candle : 2025-03-28 09:07:00
2026-08-14 01:18:42 | INFO | Last candle  : 2025-03-28 15:30:00
2026-08-14 01:18:42 | INFO | Saved 2025-03-28: 377 candles -> data/raw/breeze\RELIND\1m\2025\03\2025-03-28.json
2026-08-14 01:18:42 | INFO | Next trading day: 2025-03-31
2026-08-14 01:18:42 | INFO | Waiting 1.0 seconds...
2026-08-14 01:18:43 | INFO | 
2026-08-14 01:18:43 | INFO | ======================================================================
2026-08-14 01:18:43 | INFO | CHUNK #470
2026-08-14 01:18:43 | INFO | Trading days: 2025-03-31 -> 2025-04-01
2026-08-14 01:18:43 | INFO | Request: 2025-03-31T09:00:00.000Z -> 2025-04-01T15:45:00.000Z
2026-08-14 01:18:43 | INFO | ======================================================================
2026-08-14 01:18:43 | INFO | API request: 2025-03-31T09:00:00.000Z -> 2025-04-01T15:45:00.000Z (attempt 1/3)
2026-08-14 01:18:44 | INFO | Breeze returned 377 candles.
2026-08-14 01:18:44 | INFO | First candle : 2025-04-01 09:07:00
2026-08-14 01:18:44 | INFO | Last candle  : 2025-04-01 15:30:00
2026-08-14 01:18:44 | INFO | Saved 2025-03-31: 0 candles -> data/raw/breeze\RELIND\1m\2025\03\2025-03-31.json
2026-08-14 01:18:44 | INFO | Saved 2025-04-01: 377 candles -> data/raw/breeze\RELIND\1m\2025\04\2025-04-01.json
2026-08-14 01:18:44 | INFO | Next trading day: 2025-04-02
2026-08-14 01:18:44 | INFO | Waiting 1.0 seconds...
2026-08-14 01:18:45 | INFO | 
2026-08-14 01:18:45 | INFO | ======================================================================
2026-08-14 01:18:45 | INFO | CHUNK #471
2026-08-14 01:18:45 | INFO | Trading days: 2025-04-02 -> 2025-04-03
2026-08-14 01:18:45 | INFO | Request: 2025-04-02T09:00:00.000Z -> 2025-04-03T15:45:00.000Z
2026-08-14 01:18:45 | INFO | ======================================================================
2026-08-14 01:18:45 | INFO | API request: 2025-04-02T09:00:00.000Z -> 2025-04-03T15:45:00.000Z (attempt 1/3)
2026-08-14 01:18:46 | INFO | Breeze returned 755 candles.
2026-08-14 01:18:46 | INFO | First candle : 2025-04-02 09:07:00
2026-08-14 01:18:46 | INFO | Last candle  : 2025-04-03 15:31:00
2026-08-14 01:18:46 | INFO | Saved 2025-04-02: 377 candles -> data/raw/breeze\RELIND\1m\2025\04\2025-04-02.json
2026-08-14 01:18:46 | INFO | Saved 2025-04-03: 378 candles -> data/raw/breeze\RELIND\1m\2025\04\2025-04-03.json
2026-08-14 01:18:46 | INFO | Next trading day: 2025-04-04
2026-08-14 01:18:46 | INFO | Waiting 1.0 seconds...
2026-08-14 01:18:47 | INFO | 
2026-08-14 01:18:47 | INFO | ======================================================================
2026-08-14 01:18:47 | INFO | CHUNK #472
2026-08-14 01:18:47 | INFO | Trading days: 2025-04-04 -> 2025-04-04
2026-08-14 01:18:47 | INFO | Request: 2025-04-04T09:00:00.000Z -> 2025-04-04T15:45:00.000Z
2026-08-14 01:18:47 | INFO | ======================================================================
2026-08-14 01:18:47 | INFO | API request: 2025-04-04T09:00:00.000Z -> 2025-04-04T15:45:00.000Z (attempt 1/3)
2026-08-14 01:18:48 | INFO | Breeze returned 377 candles.
2026-08-14 01:18:48 | INFO | First candle : 2025-04-04 09:07:00
2026-08-14 01:18:48 | INFO | Last candle  : 2025-04-04 15:30:00
2026-08-14 01:18:48 | INFO | Saved 2025-04-04: 377 candles -> data/raw/breeze\RELIND\1m\2025\04\2025-04-04.json
2026-08-14 01:18:48 | INFO | Next trading day: 2025-04-07
2026-08-14 01:18:48 | INFO | Waiting 1.0 seconds...
2026-08-14 01:18:49 | INFO | 
2026-08-14 01:18:49 | INFO | ======================================================================
2026-08-14 01:18:49 | INFO | CHUNK #473
2026-08-14 01:18:49 | INFO | Trading days: 2025-04-07 -> 2025-04-08
2026-08-14 01:18:49 | INFO | Request: 2025-04-07T09:00:00.000Z -> 2025-04-08T15:45:00.000Z
2026-08-14 01:18:49 | INFO | ======================================================================
2026-08-14 01:18:49 | INFO | API request: 2025-04-07T09:00:00.000Z -> 2025-04-08T15:45:00.000Z (attempt 1/3)
2026-08-14 01:18:50 | INFO | Breeze returned 755 candles.
2026-08-14 01:18:50 | INFO | First candle : 2025-04-07 09:07:00
2026-08-14 01:18:50 | INFO | Last candle  : 2025-04-08 15:30:00
2026-08-14 01:18:50 | INFO | Saved 2025-04-07: 378 candles -> data/raw/breeze\RELIND\1m\2025\04\2025-04-07.json
2026-08-14 01:18:50 | INFO | Saved 2025-04-08: 377 candles -> data/raw/breeze\RELIND\1m\2025\04\2025-04-08.json
2026-08-14 01:18:50 | INFO | Next trading day: 2025-04-09
2026-08-14 01:18:50 | INFO | Waiting 1.0 seconds...
2026-08-14 01:18:51 | INFO | 
2026-08-14 01:18:51 | INFO | ======================================================================
2026-08-14 01:18:51 | INFO | CHUNK #474
2026-08-14 01:18:51 | INFO | Trading days: 2025-04-09 -> 2025-04-10
2026-08-14 01:18:51 | INFO | Request: 2025-04-09T09:00:00.000Z -> 2025-04-10T15:45:00.000Z
2026-08-14 01:18:51 | INFO | ======================================================================
2026-08-14 01:18:51 | INFO | API request: 2025-04-09T09:00:00.000Z -> 2025-04-10T15:45:00.000Z (attempt 1/3)
2026-08-14 01:18:51 | INFO | Breeze returned 378 candles.
2026-08-14 01:18:51 | INFO | First candle : 2025-04-09 09:07:00
2026-08-14 01:18:51 | INFO | Last candle  : 2025-04-09 15:31:00
2026-08-14 01:18:51 | INFO | Saved 2025-04-09: 378 candles -> data/raw/breeze\RELIND\1m\2025\04\2025-04-09.json
2026-08-14 01:18:51 | INFO | Saved 2025-04-10: 0 candles -> data/raw/breeze\RELIND\1m\2025\04\2025-04-10.json
2026-08-14 01:18:51 | INFO | Next trading day: 2025-04-11
2026-08-14 01:18:51 | INFO | Waiting 1.0 seconds...
2026-08-14 01:18:52 | INFO | 
2026-08-14 01:18:52 | INFO | ======================================================================
2026-08-14 01:18:52 | INFO | CHUNK #475
2026-08-14 01:18:52 | INFO | Trading days: 2025-04-11 -> 2025-04-11
2026-08-14 01:18:52 | INFO | Request: 2025-04-11T09:00:00.000Z -> 2025-04-11T15:45:00.000Z
2026-08-14 01:18:52 | INFO | ======================================================================
2026-08-14 01:18:52 | INFO | API request: 2025-04-11T09:00:00.000Z -> 2025-04-11T15:45:00.000Z (attempt 1/3)
2026-08-14 01:18:52 | INFO | Breeze returned 378 candles.
2026-08-14 01:18:52 | INFO | First candle : 2025-04-11 09:07:00
2026-08-14 01:18:52 | INFO | Last candle  : 2025-04-11 15:31:00
2026-08-14 01:18:52 | INFO | Saved 2025-04-11: 378 candles -> data/raw/breeze\RELIND\1m\2025\04\2025-04-11.json
2026-08-14 01:18:52 | INFO | Next trading day: 2025-04-14
2026-08-14 01:18:52 | INFO | Waiting 1.0 seconds...
2026-08-14 01:18:53 | INFO | 
2026-08-14 01:18:53 | INFO | ======================================================================
2026-08-14 01:18:53 | INFO | CHUNK #476
2026-08-14 01:18:53 | INFO | Trading days: 2025-04-14 -> 2025-04-15
2026-08-14 01:18:53 | INFO | Request: 2025-04-14T09:00:00.000Z -> 2025-04-15T15:45:00.000Z
2026-08-14 01:18:53 | INFO | ======================================================================
2026-08-14 01:18:53 | INFO | API request: 2025-04-14T09:00:00.000Z -> 2025-04-15T15:45:00.000Z (attempt 1/3)
2026-08-14 01:18:54 | INFO | Breeze returned 378 candles.
2026-08-14 01:18:54 | INFO | First candle : 2025-04-15 09:07:00
2026-08-14 01:18:54 | INFO | Last candle  : 2025-04-15 15:31:00
2026-08-14 01:18:54 | INFO | Saved 2025-04-14: 0 candles -> data/raw/breeze\RELIND\1m\2025\04\2025-04-14.json
2026-08-14 01:18:54 | INFO | Saved 2025-04-15: 378 candles -> data/raw/breeze\RELIND\1m\2025\04\2025-04-15.json
2026-08-14 01:18:54 | INFO | Next trading day: 2025-04-16
2026-08-14 01:18:54 | INFO | Waiting 1.0 seconds...
2026-08-14 01:18:55 | INFO | 
2026-08-14 01:18:55 | INFO | ======================================================================
2026-08-14 01:18:55 | INFO | CHUNK #477
2026-08-14 01:18:55 | INFO | Trading days: 2025-04-16 -> 2025-04-17
2026-08-14 01:18:55 | INFO | Request: 2025-04-16T09:00:00.000Z -> 2025-04-17T15:45:00.000Z
2026-08-14 01:18:55 | INFO | ======================================================================
2026-08-14 01:18:55 | INFO | API request: 2025-04-16T09:00:00.000Z -> 2025-04-17T15:45:00.000Z (attempt 1/3)
2026-08-14 01:18:55 | INFO | Breeze returned 756 candles.
2026-08-14 01:18:55 | INFO | First candle : 2025-04-16 09:07:00
2026-08-14 01:18:55 | INFO | Last candle  : 2025-04-17 15:31:00
2026-08-14 01:18:55 | INFO | Saved 2025-04-16: 378 candles -> data/raw/breeze\RELIND\1m\2025\04\2025-04-16.json
2026-08-14 01:18:55 | INFO | Saved 2025-04-17: 378 candles -> data/raw/breeze\RELIND\1m\2025\04\2025-04-17.json
2026-08-14 01:18:55 | INFO | Next trading day: 2025-04-18
2026-08-14 01:18:55 | INFO | Waiting 1.0 seconds...
2026-08-14 01:18:56 | INFO | 
2026-08-14 01:18:56 | INFO | ======================================================================
2026-08-14 01:18:56 | INFO | CHUNK #478
2026-08-14 01:18:56 | INFO | Trading days: 2025-04-18 -> 2025-04-18
2026-08-14 01:18:56 | INFO | Request: 2025-04-18T09:00:00.000Z -> 2025-04-18T15:45:00.000Z
2026-08-14 01:18:56 | INFO | ======================================================================
2026-08-14 01:18:56 | INFO | API request: 2025-04-18T09:00:00.000Z -> 2025-04-18T15:45:00.000Z (attempt 1/3)
2026-08-14 01:18:57 | INFO | Breeze returned 0 candles.
2026-08-14 01:18:57 | INFO | Saved 2025-04-18: 0 candles -> data/raw/breeze\RELIND\1m\2025\04\2025-04-18.json
2026-08-14 01:18:57 | INFO | Next trading day: 2025-04-21
2026-08-14 01:18:57 | INFO | Waiting 1.0 seconds...
2026-08-14 01:18:58 | INFO | 
2026-08-14 01:18:58 | INFO | ======================================================================
2026-08-14 01:18:58 | INFO | CHUNK #479
2026-08-14 01:18:58 | INFO | Trading days: 2025-04-21 -> 2025-04-22
2026-08-14 01:18:58 | INFO | Request: 2025-04-21T09:00:00.000Z -> 2025-04-22T15:45:00.000Z
2026-08-14 01:18:58 | INFO | ======================================================================
2026-08-14 01:18:58 | INFO | API request: 2025-04-21T09:00:00.000Z -> 2025-04-22T15:45:00.000Z (attempt 1/3)
2026-08-14 01:18:58 | INFO | Breeze returned 757 candles.
2026-08-14 01:18:58 | INFO | First candle : 2025-04-21 09:07:00
2026-08-14 01:18:58 | INFO | Last candle  : 2025-04-22 15:35:00
2026-08-14 01:18:58 | INFO | Saved 2025-04-21: 378 candles -> data/raw/breeze\RELIND\1m\2025\04\2025-04-21.json
2026-08-14 01:18:58 | INFO | Saved 2025-04-22: 379 candles -> data/raw/breeze\RELIND\1m\2025\04\2025-04-22.json
2026-08-14 01:18:58 | INFO | Next trading day: 2025-04-23
2026-08-14 01:18:58 | INFO | Waiting 1.0 seconds...
2026-08-14 01:18:59 | INFO | 
2026-08-14 01:18:59 | INFO | ======================================================================
2026-08-14 01:18:59 | INFO | CHUNK #480
2026-08-14 01:18:59 | INFO | Trading days: 2025-04-23 -> 2025-04-24
2026-08-14 01:18:59 | INFO | Request: 2025-04-23T09:00:00.000Z -> 2025-04-24T15:45:00.000Z
2026-08-14 01:18:59 | INFO | ======================================================================
2026-08-14 01:18:59 | INFO | API request: 2025-04-23T09:00:00.000Z -> 2025-04-24T15:45:00.000Z (attempt 1/3)
2026-08-14 01:18:59 | INFO | Breeze returned 755 candles.
2026-08-14 01:18:59 | INFO | First candle : 2025-04-23 09:07:00
2026-08-14 01:18:59 | INFO | Last candle  : 2025-04-24 15:30:00
2026-08-14 01:18:59 | INFO | Saved 2025-04-23: 378 candles -> data/raw/breeze\RELIND\1m\2025\04\2025-04-23.json
2026-08-14 01:18:59 | INFO | Saved 2025-04-24: 377 candles -> data/raw/breeze\RELIND\1m\2025\04\2025-04-24.json
2026-08-14 01:18:59 | INFO | Next trading day: 2025-04-25
2026-08-14 01:18:59 | INFO | Waiting 1.0 seconds...
2026-08-14 01:19:00 | INFO | 
2026-08-14 01:19:00 | INFO | ======================================================================
2026-08-14 01:19:00 | INFO | CHUNK #481
2026-08-14 01:19:00 | INFO | Trading days: 2025-04-25 -> 2025-04-25
2026-08-14 01:19:00 | INFO | Request: 2025-04-25T09:00:00.000Z -> 2025-04-25T15:45:00.000Z
2026-08-14 01:19:00 | INFO | ======================================================================
2026-08-14 01:19:00 | INFO | API request: 2025-04-25T09:00:00.000Z -> 2025-04-25T15:45:00.000Z (attempt 1/3)
2026-08-14 01:19:01 | INFO | Breeze returned 378 candles.
2026-08-14 01:19:01 | INFO | First candle : 2025-04-25 09:07:00
2026-08-14 01:19:01 | INFO | Last candle  : 2025-04-25 15:31:00
2026-08-14 01:19:01 | INFO | Saved 2025-04-25: 378 candles -> data/raw/breeze\RELIND\1m\2025\04\2025-04-25.json
2026-08-14 01:19:01 | INFO | Next trading day: 2025-04-28
2026-08-14 01:19:01 | INFO | Waiting 1.0 seconds...
2026-08-14 01:19:02 | INFO | 
2026-08-14 01:19:02 | INFO | ======================================================================
2026-08-14 01:19:02 | INFO | CHUNK #482
2026-08-14 01:19:02 | INFO | Trading days: 2025-04-28 -> 2025-04-29
2026-08-14 01:19:02 | INFO | Request: 2025-04-28T09:00:00.000Z -> 2025-04-29T15:45:00.000Z
2026-08-14 01:19:02 | INFO | ======================================================================
2026-08-14 01:19:02 | INFO | API request: 2025-04-28T09:00:00.000Z -> 2025-04-29T15:45:00.000Z (attempt 1/3)
2026-08-14 01:19:02 | INFO | Breeze returned 755 candles.
2026-08-14 01:19:02 | INFO | First candle : 2025-04-28 09:07:00
2026-08-14 01:19:02 | INFO | Last candle  : 2025-04-29 15:32:00
2026-08-14 01:19:02 | INFO | Saved 2025-04-28: 377 candles -> data/raw/breeze\RELIND\1m\2025\04\2025-04-28.json
2026-08-14 01:19:02 | INFO | Saved 2025-04-29: 378 candles -> data/raw/breeze\RELIND\1m\2025\04\2025-04-29.json
2026-08-14 01:19:02 | INFO | Next trading day: 2025-04-30
2026-08-14 01:19:02 | INFO | Waiting 1.0 seconds...
2026-08-14 01:19:03 | INFO | 
2026-08-14 01:19:03 | INFO | ======================================================================
2026-08-14 01:19:03 | INFO | CHUNK #483
2026-08-14 01:19:03 | INFO | Trading days: 2025-04-30 -> 2025-05-01
2026-08-14 01:19:03 | INFO | Request: 2025-04-30T09:00:00.000Z -> 2025-05-01T15:45:00.000Z
2026-08-14 01:19:03 | INFO | ======================================================================
2026-08-14 01:19:03 | INFO | API request: 2025-04-30T09:00:00.000Z -> 2025-05-01T15:45:00.000Z (attempt 1/3)
2026-08-14 01:19:04 | INFO | Breeze returned 377 candles.
2026-08-14 01:19:04 | INFO | First candle : 2025-04-30 09:07:00
2026-08-14 01:19:04 | INFO | Last candle  : 2025-04-30 15:30:00
2026-08-14 01:19:04 | INFO | Saved 2025-04-30: 377 candles -> data/raw/breeze\RELIND\1m\2025\04\2025-04-30.json
2026-08-14 01:19:04 | INFO | Saved 2025-05-01: 0 candles -> data/raw/breeze\RELIND\1m\2025\05\2025-05-01.json
2026-08-14 01:19:04 | INFO | Next trading day: 2025-05-02
2026-08-14 01:19:04 | INFO | Waiting 1.0 seconds...
2026-08-14 01:19:05 | INFO | 
2026-08-14 01:19:05 | INFO | ======================================================================
2026-08-14 01:19:05 | INFO | CHUNK #484
2026-08-14 01:19:05 | INFO | Trading days: 2025-05-02 -> 2025-05-02
2026-08-14 01:19:05 | INFO | Request: 2025-05-02T09:00:00.000Z -> 2025-05-02T15:45:00.000Z
2026-08-14 01:19:05 | INFO | ======================================================================
2026-08-14 01:19:05 | INFO | API request: 2025-05-02T09:00:00.000Z -> 2025-05-02T15:45:00.000Z (attempt 1/3)
2026-08-14 01:19:05 | INFO | Breeze returned 377 candles.
2026-08-14 01:19:05 | INFO | First candle : 2025-05-02 09:07:00
2026-08-14 01:19:05 | INFO | Last candle  : 2025-05-02 15:30:00
2026-08-14 01:19:05 | INFO | Saved 2025-05-02: 377 candles -> data/raw/breeze\RELIND\1m\2025\05\2025-05-02.json
2026-08-14 01:19:05 | INFO | Next trading day: 2025-05-05
2026-08-14 01:19:05 | INFO | Waiting 1.0 seconds...
2026-08-14 01:19:06 | INFO | 
2026-08-14 01:19:06 | INFO | ======================================================================
2026-08-14 01:19:06 | INFO | CHUNK #485
2026-08-14 01:19:06 | INFO | Trading days: 2025-05-05 -> 2025-05-06
2026-08-14 01:19:06 | INFO | Request: 2025-05-05T09:00:00.000Z -> 2025-05-06T15:45:00.000Z
2026-08-14 01:19:06 | INFO | ======================================================================
2026-08-14 01:19:06 | INFO | API request: 2025-05-05T09:00:00.000Z -> 2025-05-06T15:45:00.000Z (attempt 1/3)
2026-08-14 01:19:06 | INFO | Breeze returned 756 candles.
2026-08-14 01:19:06 | INFO | First candle : 2025-05-05 09:07:00
2026-08-14 01:19:06 | INFO | Last candle  : 2025-05-06 15:31:00
2026-08-14 01:19:06 | INFO | Saved 2025-05-05: 378 candles -> data/raw/breeze\RELIND\1m\2025\05\2025-05-05.json
2026-08-14 01:19:06 | INFO | Saved 2025-05-06: 378 candles -> data/raw/breeze\RELIND\1m\2025\05\2025-05-06.json
2026-08-14 01:19:06 | INFO | Next trading day: 2025-05-07
2026-08-14 01:19:06 | INFO | Waiting 1.0 seconds...
2026-08-14 01:19:07 | INFO | 
2026-08-14 01:19:07 | INFO | ======================================================================
2026-08-14 01:19:07 | INFO | CHUNK #486
2026-08-14 01:19:07 | INFO | Trading days: 2025-05-07 -> 2025-05-08
2026-08-14 01:19:07 | INFO | Request: 2025-05-07T09:00:00.000Z -> 2025-05-08T15:45:00.000Z
2026-08-14 01:19:07 | INFO | ======================================================================
2026-08-14 01:19:07 | INFO | API request: 2025-05-07T09:00:00.000Z -> 2025-05-08T15:45:00.000Z (attempt 1/3)
2026-08-14 01:19:07 | INFO | Breeze returned 757 candles.
2026-08-14 01:19:07 | INFO | First candle : 2025-05-07 09:07:00
2026-08-14 01:19:07 | INFO | Last candle  : 2025-05-08 15:31:00
2026-08-14 01:19:07 | INFO | Saved 2025-05-07: 378 candles -> data/raw/breeze\RELIND\1m\2025\05\2025-05-07.json
2026-08-14 01:19:07 | INFO | Saved 2025-05-08: 379 candles -> data/raw/breeze\RELIND\1m\2025\05\2025-05-08.json
2026-08-14 01:19:07 | INFO | Next trading day: 2025-05-09
2026-08-14 01:19:07 | INFO | Waiting 1.0 seconds...
2026-08-14 01:19:08 | INFO | 
2026-08-14 01:19:08 | INFO | ======================================================================
2026-08-14 01:19:08 | INFO | CHUNK #487
2026-08-14 01:19:08 | INFO | Trading days: 2025-05-09 -> 2025-05-09
2026-08-14 01:19:08 | INFO | Request: 2025-05-09T09:00:00.000Z -> 2025-05-09T15:45:00.000Z
2026-08-14 01:19:08 | INFO | ======================================================================
2026-08-14 01:19:08 | INFO | API request: 2025-05-09T09:00:00.000Z -> 2025-05-09T15:45:00.000Z (attempt 1/3)
2026-08-14 01:19:09 | INFO | Breeze returned 378 candles.
2026-08-14 01:19:09 | INFO | First candle : 2025-05-09 09:07:00
2026-08-14 01:19:09 | INFO | Last candle  : 2025-05-09 15:31:00
2026-08-14 01:19:09 | INFO | Saved 2025-05-09: 378 candles -> data/raw/breeze\RELIND\1m\2025\05\2025-05-09.json
2026-08-14 01:19:09 | INFO | Next trading day: 2025-05-12
2026-08-14 01:19:09 | INFO | Waiting 1.0 seconds...
2026-08-14 01:19:10 | INFO | 
2026-08-14 01:19:10 | INFO | ======================================================================
2026-08-14 01:19:10 | INFO | CHUNK #488
2026-08-14 01:19:10 | INFO | Trading days: 2025-05-12 -> 2025-05-13
2026-08-14 01:19:10 | INFO | Request: 2025-05-12T09:00:00.000Z -> 2025-05-13T15:45:00.000Z
2026-08-14 01:19:10 | INFO | ======================================================================
2026-08-14 01:19:10 | INFO | API request: 2025-05-12T09:00:00.000Z -> 2025-05-13T15:45:00.000Z (attempt 1/3)
2026-08-14 01:19:10 | INFO | Breeze returned 755 candles.
2026-08-14 01:19:10 | INFO | First candle : 2025-05-12 09:08:00
2026-08-14 01:19:10 | INFO | Last candle  : 2025-05-13 15:30:00
2026-08-14 01:19:10 | INFO | Saved 2025-05-12: 378 candles -> data/raw/breeze\RELIND\1m\2025\05\2025-05-12.json
2026-08-14 01:19:10 | INFO | Saved 2025-05-13: 377 candles -> data/raw/breeze\RELIND\1m\2025\05\2025-05-13.json
2026-08-14 01:19:10 | INFO | Next trading day: 2025-05-14
2026-08-14 01:19:10 | INFO | Waiting 1.0 seconds...
2026-08-14 01:19:11 | INFO | 
2026-08-14 01:19:11 | INFO | ======================================================================
2026-08-14 01:19:11 | INFO | CHUNK #489
2026-08-14 01:19:11 | INFO | Trading days: 2025-05-14 -> 2025-05-15
2026-08-14 01:19:11 | INFO | Request: 2025-05-14T09:00:00.000Z -> 2025-05-15T15:45:00.000Z
2026-08-14 01:19:11 | INFO | ======================================================================
2026-08-14 01:19:11 | INFO | API request: 2025-05-14T09:00:00.000Z -> 2025-05-15T15:45:00.000Z (attempt 1/3)
2026-08-14 01:19:12 | INFO | Breeze returned 754 candles.
2026-08-14 01:19:12 | INFO | First candle : 2025-05-14 09:07:00
2026-08-14 01:19:12 | INFO | Last candle  : 2025-05-15 15:30:00
2026-08-14 01:19:12 | INFO | Saved 2025-05-14: 377 candles -> data/raw/breeze\RELIND\1m\2025\05\2025-05-14.json
2026-08-14 01:19:12 | INFO | Saved 2025-05-15: 377 candles -> data/raw/breeze\RELIND\1m\2025\05\2025-05-15.json
2026-08-14 01:19:12 | INFO | Next trading day: 2025-05-16
2026-08-14 01:19:12 | INFO | Waiting 1.0 seconds...
2026-08-14 01:19:13 | INFO | 
2026-08-14 01:19:13 | INFO | ======================================================================
2026-08-14 01:19:13 | INFO | CHUNK #490
2026-08-14 01:19:13 | INFO | Trading days: 2025-05-16 -> 2025-05-16
2026-08-14 01:19:13 | INFO | Request: 2025-05-16T09:00:00.000Z -> 2025-05-16T15:45:00.000Z
2026-08-14 01:19:13 | INFO | ======================================================================
2026-08-14 01:19:13 | INFO | API request: 2025-05-16T09:00:00.000Z -> 2025-05-16T15:45:00.000Z (attempt 1/3)
2026-08-14 01:19:13 | INFO | Breeze returned 378 candles.
2026-08-14 01:19:13 | INFO | First candle : 2025-05-16 09:07:00
2026-08-14 01:19:13 | INFO | Last candle  : 2025-05-16 15:31:00
2026-08-14 01:19:13 | INFO | Saved 2025-05-16: 378 candles -> data/raw/breeze\RELIND\1m\2025\05\2025-05-16.json
2026-08-14 01:19:13 | INFO | Next trading day: 2025-05-19
2026-08-14 01:19:13 | INFO | Waiting 1.0 seconds...
2026-08-14 01:19:14 | INFO | 
2026-08-14 01:19:14 | INFO | ======================================================================
2026-08-14 01:19:14 | INFO | CHUNK #491
2026-08-14 01:19:14 | INFO | Trading days: 2025-05-19 -> 2025-05-20
2026-08-14 01:19:14 | INFO | Request: 2025-05-19T09:00:00.000Z -> 2025-05-20T15:45:00.000Z
2026-08-14 01:19:14 | INFO | ======================================================================
2026-08-14 01:19:14 | INFO | API request: 2025-05-19T09:00:00.000Z -> 2025-05-20T15:45:00.000Z (attempt 1/3)
2026-08-14 01:19:15 | INFO | Breeze returned 755 candles.
2026-08-14 01:19:15 | INFO | First candle : 2025-05-19 09:07:00
2026-08-14 01:19:15 | INFO | Last candle  : 2025-05-20 15:31:00
2026-08-14 01:19:15 | INFO | Saved 2025-05-19: 377 candles -> data/raw/breeze\RELIND\1m\2025\05\2025-05-19.json
2026-08-14 01:19:15 | INFO | Saved 2025-05-20: 378 candles -> data/raw/breeze\RELIND\1m\2025\05\2025-05-20.json
2026-08-14 01:19:15 | INFO | Next trading day: 2025-05-21
2026-08-14 01:19:15 | INFO | Waiting 1.0 seconds...
2026-08-14 01:19:16 | INFO | 
2026-08-14 01:19:16 | INFO | ======================================================================
2026-08-14 01:19:16 | INFO | CHUNK #492
2026-08-14 01:19:16 | INFO | Trading days: 2025-05-21 -> 2025-05-22
2026-08-14 01:19:16 | INFO | Request: 2025-05-21T09:00:00.000Z -> 2025-05-22T15:45:00.000Z
2026-08-14 01:19:16 | INFO | ======================================================================
2026-08-14 01:19:16 | INFO | API request: 2025-05-21T09:00:00.000Z -> 2025-05-22T15:45:00.000Z (attempt 1/3)
2026-08-14 01:19:16 | INFO | Breeze returned 755 candles.
2026-08-14 01:19:16 | INFO | First candle : 2025-05-21 09:08:00
2026-08-14 01:19:16 | INFO | Last candle  : 2025-05-22 15:30:00
2026-08-14 01:19:16 | INFO | Saved 2025-05-21: 378 candles -> data/raw/breeze\RELIND\1m\2025\05\2025-05-21.json
2026-08-14 01:19:16 | INFO | Saved 2025-05-22: 377 candles -> data/raw/breeze\RELIND\1m\2025\05\2025-05-22.json
2026-08-14 01:19:16 | INFO | Next trading day: 2025-05-23
2026-08-14 01:19:16 | INFO | Waiting 1.0 seconds...
2026-08-14 01:19:17 | INFO | 
2026-08-14 01:19:17 | INFO | ======================================================================
2026-08-14 01:19:17 | INFO | CHUNK #493
2026-08-14 01:19:17 | INFO | Trading days: 2025-05-23 -> 2025-05-23
2026-08-14 01:19:17 | INFO | Request: 2025-05-23T09:00:00.000Z -> 2025-05-23T15:45:00.000Z
2026-08-14 01:19:17 | INFO | ======================================================================
2026-08-14 01:19:17 | INFO | API request: 2025-05-23T09:00:00.000Z -> 2025-05-23T15:45:00.000Z (attempt 1/3)
2026-08-14 01:19:18 | INFO | Breeze returned 378 candles.
2026-08-14 01:19:18 | INFO | First candle : 2025-05-23 09:07:00
2026-08-14 01:19:18 | INFO | Last candle  : 2025-05-23 15:31:00
2026-08-14 01:19:18 | INFO | Saved 2025-05-23: 378 candles -> data/raw/breeze\RELIND\1m\2025\05\2025-05-23.json
2026-08-14 01:19:18 | INFO | Next trading day: 2025-05-26
2026-08-14 01:19:18 | INFO | Waiting 1.0 seconds...
2026-08-14 01:19:19 | INFO | 
2026-08-14 01:19:19 | INFO | ======================================================================
2026-08-14 01:19:19 | INFO | CHUNK #494
2026-08-14 01:19:19 | INFO | Trading days: 2025-05-26 -> 2025-05-27
2026-08-14 01:19:19 | INFO | Request: 2025-05-26T09:00:00.000Z -> 2025-05-27T15:45:00.000Z
2026-08-14 01:19:19 | INFO | ======================================================================
2026-08-14 01:19:19 | INFO | API request: 2025-05-26T09:00:00.000Z -> 2025-05-27T15:45:00.000Z (attempt 1/3)
2026-08-14 01:19:19 | INFO | Breeze returned 755 candles.
2026-08-14 01:19:19 | INFO | First candle : 2025-05-26 09:07:00
2026-08-14 01:19:19 | INFO | Last candle  : 2025-05-27 15:30:00
2026-08-14 01:19:19 | INFO | Saved 2025-05-26: 378 candles -> data/raw/breeze\RELIND\1m\2025\05\2025-05-26.json
2026-08-14 01:19:19 | INFO | Saved 2025-05-27: 377 candles -> data/raw/breeze\RELIND\1m\2025\05\2025-05-27.json
2026-08-14 01:19:19 | INFO | Next trading day: 2025-05-28
2026-08-14 01:19:19 | INFO | Waiting 1.0 seconds...
2026-08-14 01:19:20 | INFO | 
2026-08-14 01:19:20 | INFO | ======================================================================
2026-08-14 01:19:20 | INFO | CHUNK #495
2026-08-14 01:19:20 | INFO | Trading days: 2025-05-28 -> 2025-05-29
2026-08-14 01:19:20 | INFO | Request: 2025-05-28T09:00:00.000Z -> 2025-05-29T15:45:00.000Z
2026-08-14 01:19:20 | INFO | ======================================================================
2026-08-14 01:19:20 | INFO | API request: 2025-05-28T09:00:00.000Z -> 2025-05-29T15:45:00.000Z (attempt 1/3)
2026-08-14 01:19:20 | INFO | Breeze returned 754 candles.
2026-08-14 01:19:20 | INFO | First candle : 2025-05-28 09:07:00
2026-08-14 01:19:20 | INFO | Last candle  : 2025-05-29 15:30:00
2026-08-14 01:19:20 | INFO | Saved 2025-05-28: 377 candles -> data/raw/breeze\RELIND\1m\2025\05\2025-05-28.json
2026-08-14 01:19:20 | INFO | Saved 2025-05-29: 377 candles -> data/raw/breeze\RELIND\1m\2025\05\2025-05-29.json
2026-08-14 01:19:20 | INFO | Next trading day: 2025-05-30
2026-08-14 01:19:20 | INFO | Waiting 1.0 seconds...
2026-08-14 01:19:21 | INFO | 
2026-08-14 01:19:21 | INFO | ======================================================================
2026-08-14 01:19:21 | INFO | CHUNK #496
2026-08-14 01:19:21 | INFO | Trading days: 2025-05-30 -> 2025-05-30
2026-08-14 01:19:21 | INFO | Request: 2025-05-30T09:00:00.000Z -> 2025-05-30T15:45:00.000Z
2026-08-14 01:19:21 | INFO | ======================================================================
2026-08-14 01:19:21 | INFO | API request: 2025-05-30T09:00:00.000Z -> 2025-05-30T15:45:00.000Z (attempt 1/3)
2026-08-14 01:19:22 | INFO | Breeze returned 377 candles.
2026-08-14 01:19:22 | INFO | First candle : 2025-05-30 09:07:00
2026-08-14 01:19:22 | INFO | Last candle  : 2025-05-30 15:30:00
2026-08-14 01:19:22 | INFO | Saved 2025-05-30: 377 candles -> data/raw/breeze\RELIND\1m\2025\05\2025-05-30.json
2026-08-14 01:19:22 | INFO | Next trading day: 2025-06-02
2026-08-14 01:19:22 | INFO | Waiting 1.0 seconds...
2026-08-14 01:19:23 | INFO | 
2026-08-14 01:19:23 | INFO | ======================================================================
2026-08-14 01:19:23 | INFO | CHUNK #497
2026-08-14 01:19:23 | INFO | Trading days: 2025-06-02 -> 2025-06-03
2026-08-14 01:19:23 | INFO | Request: 2025-06-02T09:00:00.000Z -> 2025-06-03T15:45:00.000Z
2026-08-14 01:19:23 | INFO | ======================================================================
2026-08-14 01:19:23 | INFO | API request: 2025-06-02T09:00:00.000Z -> 2025-06-03T15:45:00.000Z (attempt 1/3)
2026-08-14 01:19:23 | INFO | Breeze returned 756 candles.
2026-08-14 01:19:23 | INFO | First candle : 2025-06-02 09:07:00
2026-08-14 01:19:23 | INFO | Last candle  : 2025-06-03 15:31:00
2026-08-14 01:19:23 | INFO | Saved 2025-06-02: 378 candles -> data/raw/breeze\RELIND\1m\2025\06\2025-06-02.json
2026-08-14 01:19:23 | INFO | Saved 2025-06-03: 378 candles -> data/raw/breeze\RELIND\1m\2025\06\2025-06-03.json
2026-08-14 01:19:23 | INFO | Next trading day: 2025-06-04
2026-08-14 01:19:23 | INFO | Waiting 1.0 seconds...
2026-08-14 01:19:24 | INFO | 
2026-08-14 01:19:24 | INFO | ======================================================================
2026-08-14 01:19:24 | INFO | CHUNK #498
2026-08-14 01:19:24 | INFO | Trading days: 2025-06-04 -> 2025-06-05
2026-08-14 01:19:24 | INFO | Request: 2025-06-04T09:00:00.000Z -> 2025-06-05T15:45:00.000Z
2026-08-14 01:19:24 | INFO | ======================================================================
2026-08-14 01:19:24 | INFO | API request: 2025-06-04T09:00:00.000Z -> 2025-06-05T15:45:00.000Z (attempt 1/3)
2026-08-14 01:19:25 | INFO | Breeze returned 754 candles.
2026-08-14 01:19:25 | INFO | First candle : 2025-06-04 09:07:00
2026-08-14 01:19:25 | INFO | Last candle  : 2025-06-05 15:30:00
2026-08-14 01:19:25 | INFO | Saved 2025-06-04: 377 candles -> data/raw/breeze\RELIND\1m\2025\06\2025-06-04.json
2026-08-14 01:19:25 | INFO | Saved 2025-06-05: 377 candles -> data/raw/breeze\RELIND\1m\2025\06\2025-06-05.json
2026-08-14 01:19:25 | INFO | Next trading day: 2025-06-06
2026-08-14 01:19:25 | INFO | Waiting 1.0 seconds...
2026-08-14 01:19:26 | INFO | 
2026-08-14 01:19:26 | INFO | ======================================================================
2026-08-14 01:19:26 | INFO | CHUNK #499
2026-08-14 01:19:26 | INFO | Trading days: 2025-06-06 -> 2025-06-06
2026-08-14 01:19:26 | INFO | Request: 2025-06-06T09:00:00.000Z -> 2025-06-06T15:45:00.000Z
2026-08-14 01:19:26 | INFO | ======================================================================
2026-08-14 01:19:26 | INFO | API request: 2025-06-06T09:00:00.000Z -> 2025-06-06T15:45:00.000Z (attempt 1/3)
2026-08-14 01:19:26 | INFO | Breeze returned 377 candles.
2026-08-14 01:19:26 | INFO | First candle : 2025-06-06 09:07:00
2026-08-14 01:19:26 | INFO | Last candle  : 2025-06-06 15:30:00
2026-08-14 01:19:26 | INFO | Saved 2025-06-06: 377 candles -> data/raw/breeze\RELIND\1m\2025\06\2025-06-06.json
2026-08-14 01:19:26 | INFO | Next trading day: 2025-06-09
2026-08-14 01:19:26 | INFO | Waiting 1.0 seconds...
2026-08-14 01:19:27 | INFO | 
2026-08-14 01:19:27 | INFO | ======================================================================
2026-08-14 01:19:27 | INFO | CHUNK #500
2026-08-14 01:19:27 | INFO | Trading days: 2025-06-09 -> 2025-06-10
2026-08-14 01:19:27 | INFO | Request: 2025-06-09T09:00:00.000Z -> 2025-06-10T15:45:00.000Z
2026-08-14 01:19:27 | INFO | ======================================================================
2026-08-14 01:19:27 | INFO | API request: 2025-06-09T09:00:00.000Z -> 2025-06-10T15:45:00.000Z (attempt 1/3)
2026-08-14 01:19:28 | INFO | Breeze returned 755 candles.
2026-08-14 01:19:28 | INFO | First candle : 2025-06-09 09:07:00
2026-08-14 01:19:28 | INFO | Last candle  : 2025-06-10 15:30:00
2026-08-14 01:19:28 | INFO | Saved 2025-06-09: 378 candles -> data/raw/breeze\RELIND\1m\2025\06\2025-06-09.json
2026-08-14 01:19:28 | INFO | Saved 2025-06-10: 377 candles -> data/raw/breeze\RELIND\1m\2025\06\2025-06-10.json
2026-08-14 01:19:28 | INFO | Next trading day: 2025-06-11
2026-08-14 01:19:28 | INFO | Waiting 1.0 seconds...
2026-08-14 01:19:29 | INFO | 
2026-08-14 01:19:29 | INFO | ======================================================================
2026-08-14 01:19:29 | INFO | CHUNK #501
2026-08-14 01:19:29 | INFO | Trading days: 2025-06-11 -> 2025-06-12
2026-08-14 01:19:29 | INFO | Request: 2025-06-11T09:00:00.000Z -> 2025-06-12T15:45:00.000Z
2026-08-14 01:19:29 | INFO | ======================================================================
2026-08-14 01:19:29 | INFO | API request: 2025-06-11T09:00:00.000Z -> 2025-06-12T15:45:00.000Z (attempt 1/3)
2026-08-14 01:19:29 | INFO | Breeze returned 756 candles.
2026-08-14 01:19:29 | INFO | First candle : 2025-06-11 09:07:00
2026-08-14 01:19:29 | INFO | Last candle  : 2025-06-12 15:31:00
2026-08-14 01:19:29 | INFO | Saved 2025-06-11: 378 candles -> data/raw/breeze\RELIND\1m\2025\06\2025-06-11.json
2026-08-14 01:19:29 | INFO | Saved 2025-06-12: 378 candles -> data/raw/breeze\RELIND\1m\2025\06\2025-06-12.json
2026-08-14 01:19:29 | INFO | Next trading day: 2025-06-13
2026-08-14 01:19:29 | INFO | Waiting 1.0 seconds...
2026-08-14 01:19:30 | INFO | 
2026-08-14 01:19:30 | INFO | ======================================================================
2026-08-14 01:19:30 | INFO | CHUNK #502
2026-08-14 01:19:30 | INFO | Trading days: 2025-06-13 -> 2025-06-13
2026-08-14 01:19:30 | INFO | Request: 2025-06-13T09:00:00.000Z -> 2025-06-13T15:45:00.000Z
2026-08-14 01:19:30 | INFO | ======================================================================
2026-08-14 01:19:30 | INFO | API request: 2025-06-13T09:00:00.000Z -> 2025-06-13T15:45:00.000Z (attempt 1/3)
2026-08-14 01:19:30 | INFO | Breeze returned 378 candles.
2026-08-14 01:19:30 | INFO | First candle : 2025-06-13 09:07:00
2026-08-14 01:19:30 | INFO | Last candle  : 2025-06-13 15:31:00
2026-08-14 01:19:30 | INFO | Saved 2025-06-13: 378 candles -> data/raw/breeze\RELIND\1m\2025\06\2025-06-13.json
2026-08-14 01:19:30 | INFO | Next trading day: 2025-06-16
2026-08-14 01:19:30 | INFO | Waiting 1.0 seconds...
2026-08-14 01:19:31 | INFO | 
2026-08-14 01:19:31 | INFO | ======================================================================
2026-08-14 01:19:31 | INFO | CHUNK #503
2026-08-14 01:19:31 | INFO | Trading days: 2025-06-16 -> 2025-06-17
2026-08-14 01:19:31 | INFO | Request: 2025-06-16T09:00:00.000Z -> 2025-06-17T15:45:00.000Z
2026-08-14 01:19:31 | INFO | ======================================================================
2026-08-14 01:19:31 | INFO | API request: 2025-06-16T09:00:00.000Z -> 2025-06-17T15:45:00.000Z (attempt 1/3)
2026-08-14 01:19:31 | INFO | Breeze returned 756 candles.
2026-08-14 01:19:31 | INFO | First candle : 2025-06-16 09:07:00
2026-08-14 01:19:31 | INFO | Last candle  : 2025-06-17 15:31:00
2026-08-14 01:19:31 | INFO | Saved 2025-06-16: 378 candles -> data/raw/breeze\RELIND\1m\2025\06\2025-06-16.json
2026-08-14 01:19:31 | INFO | Saved 2025-06-17: 378 candles -> data/raw/breeze\RELIND\1m\2025\06\2025-06-17.json
2026-08-14 01:19:31 | INFO | Next trading day: 2025-06-18
2026-08-14 01:19:31 | INFO | Waiting 1.0 seconds...
2026-08-14 01:19:32 | INFO | 
2026-08-14 01:19:32 | INFO | ======================================================================
2026-08-14 01:19:32 | INFO | CHUNK #504
2026-08-14 01:19:32 | INFO | Trading days: 2025-06-18 -> 2025-06-19
2026-08-14 01:19:32 | INFO | Request: 2025-06-18T09:00:00.000Z -> 2025-06-19T15:45:00.000Z
2026-08-14 01:19:32 | INFO | ======================================================================
2026-08-14 01:19:32 | INFO | API request: 2025-06-18T09:00:00.000Z -> 2025-06-19T15:45:00.000Z (attempt 1/3)
2026-08-14 01:19:33 | INFO | Breeze returned 756 candles.
2026-08-14 01:19:33 | INFO | First candle : 2025-06-18 09:07:00
2026-08-14 01:19:33 | INFO | Last candle  : 2025-06-19 15:31:00
2026-08-14 01:19:33 | INFO | Saved 2025-06-18: 378 candles -> data/raw/breeze\RELIND\1m\2025\06\2025-06-18.json
2026-08-14 01:19:33 | INFO | Saved 2025-06-19: 378 candles -> data/raw/breeze\RELIND\1m\2025\06\2025-06-19.json
2026-08-14 01:19:33 | INFO | Next trading day: 2025-06-20
2026-08-14 01:19:33 | INFO | Waiting 1.0 seconds...
2026-08-14 01:19:34 | INFO | 
2026-08-14 01:19:34 | INFO | ======================================================================
2026-08-14 01:19:34 | INFO | CHUNK #505
2026-08-14 01:19:34 | INFO | Trading days: 2025-06-20 -> 2025-06-20
2026-08-14 01:19:34 | INFO | Request: 2025-06-20T09:00:00.000Z -> 2025-06-20T15:45:00.000Z
2026-08-14 01:19:34 | INFO | ======================================================================
2026-08-14 01:19:34 | INFO | API request: 2025-06-20T09:00:00.000Z -> 2025-06-20T15:45:00.000Z (attempt 1/3)
2026-08-14 01:19:34 | INFO | Breeze returned 377 candles.
2026-08-14 01:19:34 | INFO | First candle : 2025-06-20 09:07:00
2026-08-14 01:19:34 | INFO | Last candle  : 2025-06-20 15:31:00
2026-08-14 01:19:34 | INFO | Saved 2025-06-20: 377 candles -> data/raw/breeze\RELIND\1m\2025\06\2025-06-20.json
2026-08-14 01:19:34 | INFO | Next trading day: 2025-06-23
2026-08-14 01:19:34 | INFO | Waiting 1.0 seconds...
2026-08-14 01:19:35 | INFO | 
2026-08-14 01:19:35 | INFO | ======================================================================
2026-08-14 01:19:35 | INFO | CHUNK #506
2026-08-14 01:19:35 | INFO | Trading days: 2025-06-23 -> 2025-06-24
2026-08-14 01:19:35 | INFO | Request: 2025-06-23T09:00:00.000Z -> 2025-06-24T15:45:00.000Z
2026-08-14 01:19:35 | INFO | ======================================================================
2026-08-14 01:19:35 | INFO | API request: 2025-06-23T09:00:00.000Z -> 2025-06-24T15:45:00.000Z (attempt 1/3)
2026-08-14 01:19:35 | INFO | Breeze returned 755 candles.
2026-08-14 01:19:35 | INFO | First candle : 2025-06-23 09:07:00
2026-08-14 01:19:35 | INFO | Last candle  : 2025-06-24 15:30:00
2026-08-14 01:19:35 | INFO | Saved 2025-06-23: 378 candles -> data/raw/breeze\RELIND\1m\2025\06\2025-06-23.json
2026-08-14 01:19:35 | INFO | Saved 2025-06-24: 377 candles -> data/raw/breeze\RELIND\1m\2025\06\2025-06-24.json
2026-08-14 01:19:35 | INFO | Next trading day: 2025-06-25
2026-08-14 01:19:35 | INFO | Waiting 1.0 seconds...
2026-08-14 01:19:36 | INFO | 
2026-08-14 01:19:36 | INFO | ======================================================================
2026-08-14 01:19:36 | INFO | CHUNK #507
2026-08-14 01:19:36 | INFO | Trading days: 2025-06-25 -> 2025-06-26
2026-08-14 01:19:36 | INFO | Request: 2025-06-25T09:00:00.000Z -> 2025-06-26T15:45:00.000Z
2026-08-14 01:19:36 | INFO | ======================================================================
2026-08-14 01:19:36 | INFO | API request: 2025-06-25T09:00:00.000Z -> 2025-06-26T15:45:00.000Z (attempt 1/3)
2026-08-14 01:19:37 | INFO | Breeze returned 757 candles.
2026-08-14 01:19:37 | INFO | First candle : 2025-06-25 09:07:00
2026-08-14 01:19:37 | INFO | Last candle  : 2025-06-26 15:31:00
2026-08-14 01:19:37 | INFO | Saved 2025-06-25: 379 candles -> data/raw/breeze\RELIND\1m\2025\06\2025-06-25.json
2026-08-14 01:19:37 | INFO | Saved 2025-06-26: 378 candles -> data/raw/breeze\RELIND\1m\2025\06\2025-06-26.json
2026-08-14 01:19:37 | INFO | Next trading day: 2025-06-27
2026-08-14 01:19:37 | INFO | Waiting 1.0 seconds...
2026-08-14 01:19:38 | INFO | 
2026-08-14 01:19:38 | INFO | ======================================================================
2026-08-14 01:19:38 | INFO | CHUNK #508
2026-08-14 01:19:38 | INFO | Trading days: 2025-06-27 -> 2025-06-27
2026-08-14 01:19:38 | INFO | Request: 2025-06-27T09:00:00.000Z -> 2025-06-27T15:45:00.000Z
2026-08-14 01:19:38 | INFO | ======================================================================
2026-08-14 01:19:38 | INFO | API request: 2025-06-27T09:00:00.000Z -> 2025-06-27T15:45:00.000Z (attempt 1/3)
2026-08-14 01:19:38 | INFO | Breeze returned 378 candles.
2026-08-14 01:19:38 | INFO | First candle : 2025-06-27 09:07:00
2026-08-14 01:19:38 | INFO | Last candle  : 2025-06-27 15:31:00
2026-08-14 01:19:38 | INFO | Saved 2025-06-27: 378 candles -> data/raw/breeze\RELIND\1m\2025\06\2025-06-27.json
2026-08-14 01:19:38 | INFO | Next trading day: 2025-06-30
2026-08-14 01:19:38 | INFO | Waiting 1.0 seconds...
2026-08-14 01:19:39 | INFO | 
2026-08-14 01:19:39 | INFO | ======================================================================
2026-08-14 01:19:39 | INFO | CHUNK #509
2026-08-14 01:19:39 | INFO | Trading days: 2025-06-30 -> 2025-07-01
2026-08-14 01:19:39 | INFO | Request: 2025-06-30T09:00:00.000Z -> 2025-07-01T15:45:00.000Z
2026-08-14 01:19:39 | INFO | ======================================================================
2026-08-14 01:19:39 | INFO | API request: 2025-06-30T09:00:00.000Z -> 2025-07-01T15:45:00.000Z (attempt 1/3)
2026-08-14 01:19:39 | INFO | Breeze returned 756 candles.
2026-08-14 01:19:39 | INFO | First candle : 2025-06-30 09:07:00
2026-08-14 01:19:39 | INFO | Last candle  : 2025-07-01 15:31:00
2026-08-14 01:19:39 | INFO | Saved 2025-06-30: 378 candles -> data/raw/breeze\RELIND\1m\2025\06\2025-06-30.json
2026-08-14 01:19:39 | INFO | Saved 2025-07-01: 378 candles -> data/raw/breeze\RELIND\1m\2025\07\2025-07-01.json
2026-08-14 01:19:39 | INFO | Next trading day: 2025-07-02
2026-08-14 01:19:39 | INFO | Waiting 1.0 seconds...
2026-08-14 01:19:40 | INFO | 
2026-08-14 01:19:40 | INFO | ======================================================================
2026-08-14 01:19:40 | INFO | CHUNK #510
2026-08-14 01:19:40 | INFO | Trading days: 2025-07-02 -> 2025-07-03
2026-08-14 01:19:40 | INFO | Request: 2025-07-02T09:00:00.000Z -> 2025-07-03T15:45:00.000Z
2026-08-14 01:19:40 | INFO | ======================================================================
2026-08-14 01:19:40 | INFO | API request: 2025-07-02T09:00:00.000Z -> 2025-07-03T15:45:00.000Z (attempt 1/3)
2026-08-14 01:19:40 | INFO | Breeze returned 755 candles.
2026-08-14 01:19:40 | INFO | First candle : 2025-07-02 09:07:00
2026-08-14 01:19:40 | INFO | Last candle  : 2025-07-03 15:30:00
2026-08-14 01:19:40 | INFO | Saved 2025-07-02: 378 candles -> data/raw/breeze\RELIND\1m\2025\07\2025-07-02.json
2026-08-14 01:19:40 | INFO | Saved 2025-07-03: 377 candles -> data/raw/breeze\RELIND\1m\2025\07\2025-07-03.json
2026-08-14 01:19:40 | INFO | Next trading day: 2025-07-04
2026-08-14 01:19:40 | INFO | Waiting 1.0 seconds...
2026-08-14 01:19:41 | INFO | 
2026-08-14 01:19:41 | INFO | ======================================================================
2026-08-14 01:19:41 | INFO | CHUNK #511
2026-08-14 01:19:41 | INFO | Trading days: 2025-07-04 -> 2025-07-04
2026-08-14 01:19:41 | INFO | Request: 2025-07-04T09:00:00.000Z -> 2025-07-04T15:45:00.000Z
2026-08-14 01:19:41 | INFO | ======================================================================
2026-08-14 01:19:41 | INFO | API request: 2025-07-04T09:00:00.000Z -> 2025-07-04T15:45:00.000Z (attempt 1/3)
2026-08-14 01:19:41 | INFO | Breeze returned 379 candles.
2026-08-14 01:19:41 | INFO | First candle : 2025-07-04 09:07:00
2026-08-14 01:19:41 | INFO | Last candle  : 2025-07-04 15:39:00
2026-08-14 01:19:41 | INFO | Saved 2025-07-04: 379 candles -> data/raw/breeze\RELIND\1m\2025\07\2025-07-04.json
2026-08-14 01:19:41 | INFO | Next trading day: 2025-07-07
2026-08-14 01:19:41 | INFO | Waiting 1.0 seconds...
2026-08-14 01:19:42 | INFO | 
2026-08-14 01:19:42 | INFO | ======================================================================
2026-08-14 01:19:42 | INFO | CHUNK #512
2026-08-14 01:19:42 | INFO | Trading days: 2025-07-07 -> 2025-07-08
2026-08-14 01:19:42 | INFO | Request: 2025-07-07T09:00:00.000Z -> 2025-07-08T15:45:00.000Z
2026-08-14 01:19:42 | INFO | ======================================================================
2026-08-14 01:19:42 | INFO | API request: 2025-07-07T09:00:00.000Z -> 2025-07-08T15:45:00.000Z (attempt 1/3)
2026-08-14 01:19:43 | INFO | Breeze returned 756 candles.
2026-08-14 01:19:43 | INFO | First candle : 2025-07-07 09:07:00
2026-08-14 01:19:43 | INFO | Last candle  : 2025-07-08 15:31:00
2026-08-14 01:19:43 | INFO | Saved 2025-07-07: 378 candles -> data/raw/breeze\RELIND\1m\2025\07\2025-07-07.json
2026-08-14 01:19:43 | INFO | Saved 2025-07-08: 378 candles -> data/raw/breeze\RELIND\1m\2025\07\2025-07-08.json
2026-08-14 01:19:43 | INFO | Next trading day: 2025-07-09
2026-08-14 01:19:43 | INFO | Waiting 1.0 seconds...
2026-08-14 01:19:44 | INFO | 
2026-08-14 01:19:44 | INFO | ======================================================================
2026-08-14 01:19:44 | INFO | CHUNK #513
2026-08-14 01:19:44 | INFO | Trading days: 2025-07-09 -> 2025-07-10
2026-08-14 01:19:44 | INFO | Request: 2025-07-09T09:00:00.000Z -> 2025-07-10T15:45:00.000Z
2026-08-14 01:19:44 | INFO | ======================================================================
2026-08-14 01:19:44 | INFO | API request: 2025-07-09T09:00:00.000Z -> 2025-07-10T15:45:00.000Z (attempt 1/3)
2026-08-14 01:19:44 | INFO | Breeze returned 756 candles.
2026-08-14 01:19:44 | INFO | First candle : 2025-07-09 09:07:00
2026-08-14 01:19:44 | INFO | Last candle  : 2025-07-10 15:31:00
2026-08-14 01:19:44 | INFO | Saved 2025-07-09: 378 candles -> data/raw/breeze\RELIND\1m\2025\07\2025-07-09.json
2026-08-14 01:19:44 | INFO | Saved 2025-07-10: 378 candles -> data/raw/breeze\RELIND\1m\2025\07\2025-07-10.json
2026-08-14 01:19:44 | INFO | Next trading day: 2025-07-11
2026-08-14 01:19:44 | INFO | Waiting 1.0 seconds...
2026-08-14 01:19:45 | INFO | 
2026-08-14 01:19:45 | INFO | ======================================================================
2026-08-14 01:19:45 | INFO | CHUNK #514
2026-08-14 01:19:45 | INFO | Trading days: 2025-07-11 -> 2025-07-11
2026-08-14 01:19:45 | INFO | Request: 2025-07-11T09:00:00.000Z -> 2025-07-11T15:45:00.000Z
2026-08-14 01:19:45 | INFO | ======================================================================
2026-08-14 01:19:45 | INFO | API request: 2025-07-11T09:00:00.000Z -> 2025-07-11T15:45:00.000Z (attempt 1/3)
2026-08-14 01:19:45 | INFO | Breeze returned 378 candles.
2026-08-14 01:19:45 | INFO | First candle : 2025-07-11 09:07:00
2026-08-14 01:19:45 | INFO | Last candle  : 2025-07-11 15:31:00
2026-08-14 01:19:45 | INFO | Saved 2025-07-11: 378 candles -> data/raw/breeze\RELIND\1m\2025\07\2025-07-11.json
2026-08-14 01:19:45 | INFO | Next trading day: 2025-07-14
2026-08-14 01:19:45 | INFO | Waiting 1.0 seconds...
2026-08-14 01:19:46 | INFO | 
2026-08-14 01:19:46 | INFO | ======================================================================
2026-08-14 01:19:46 | INFO | CHUNK #515
2026-08-14 01:19:46 | INFO | Trading days: 2025-07-14 -> 2025-07-15
2026-08-14 01:19:46 | INFO | Request: 2025-07-14T09:00:00.000Z -> 2025-07-15T15:45:00.000Z
2026-08-14 01:19:46 | INFO | ======================================================================
2026-08-14 01:19:46 | INFO | API request: 2025-07-14T09:00:00.000Z -> 2025-07-15T15:45:00.000Z (attempt 1/3)
2026-08-14 01:19:47 | INFO | Breeze returned 755 candles.
2026-08-14 01:19:47 | INFO | First candle : 2025-07-14 09:07:00
2026-08-14 01:19:47 | INFO | Last candle  : 2025-07-15 15:31:00
2026-08-14 01:19:47 | INFO | Saved 2025-07-14: 377 candles -> data/raw/breeze\RELIND\1m\2025\07\2025-07-14.json
2026-08-14 01:19:47 | INFO | Saved 2025-07-15: 378 candles -> data/raw/breeze\RELIND\1m\2025\07\2025-07-15.json
2026-08-14 01:19:47 | INFO | Next trading day: 2025-07-16
2026-08-14 01:19:47 | INFO | Waiting 1.0 seconds...
2026-08-14 01:19:48 | INFO | 
2026-08-14 01:19:48 | INFO | ======================================================================
2026-08-14 01:19:48 | INFO | CHUNK #516
2026-08-14 01:19:48 | INFO | Trading days: 2025-07-16 -> 2025-07-17
2026-08-14 01:19:48 | INFO | Request: 2025-07-16T09:00:00.000Z -> 2025-07-17T15:45:00.000Z
2026-08-14 01:19:48 | INFO | ======================================================================
2026-08-14 01:19:48 | INFO | API request: 2025-07-16T09:00:00.000Z -> 2025-07-17T15:45:00.000Z (attempt 1/3)
2026-08-14 01:19:48 | INFO | Breeze returned 756 candles.
2026-08-14 01:19:48 | INFO | First candle : 2025-07-16 09:07:00
2026-08-14 01:19:48 | INFO | Last candle  : 2025-07-17 15:31:00
2026-08-14 01:19:48 | INFO | Saved 2025-07-16: 378 candles -> data/raw/breeze\RELIND\1m\2025\07\2025-07-16.json
2026-08-14 01:19:48 | INFO | Saved 2025-07-17: 378 candles -> data/raw/breeze\RELIND\1m\2025\07\2025-07-17.json
2026-08-14 01:19:48 | INFO | Next trading day: 2025-07-18
2026-08-14 01:19:48 | INFO | Waiting 1.0 seconds...
2026-08-14 01:19:49 | INFO | 
2026-08-14 01:19:49 | INFO | ======================================================================
2026-08-14 01:19:49 | INFO | CHUNK #517
2026-08-14 01:19:49 | INFO | Trading days: 2025-07-18 -> 2025-07-18
2026-08-14 01:19:49 | INFO | Request: 2025-07-18T09:00:00.000Z -> 2025-07-18T15:45:00.000Z
2026-08-14 01:19:49 | INFO | ======================================================================
2026-08-14 01:19:49 | INFO | API request: 2025-07-18T09:00:00.000Z -> 2025-07-18T15:45:00.000Z (attempt 1/3)
2026-08-14 01:19:50 | INFO | Breeze returned 378 candles.
2026-08-14 01:19:50 | INFO | First candle : 2025-07-18 09:08:00
2026-08-14 01:19:50 | INFO | Last candle  : 2025-07-18 15:31:00
2026-08-14 01:19:50 | INFO | Saved 2025-07-18: 378 candles -> data/raw/breeze\RELIND\1m\2025\07\2025-07-18.json
2026-08-14 01:19:50 | INFO | Next trading day: 2025-07-21
2026-08-14 01:19:50 | INFO | Waiting 1.0 seconds...
2026-08-14 01:19:51 | INFO | 
2026-08-14 01:19:51 | INFO | ======================================================================
2026-08-14 01:19:51 | INFO | CHUNK #518
2026-08-14 01:19:51 | INFO | Trading days: 2025-07-21 -> 2025-07-22
2026-08-14 01:19:51 | INFO | Request: 2025-07-21T09:00:00.000Z -> 2025-07-22T15:45:00.000Z
2026-08-14 01:19:51 | INFO | ======================================================================
2026-08-14 01:19:51 | INFO | API request: 2025-07-21T09:00:00.000Z -> 2025-07-22T15:45:00.000Z (attempt 1/3)
2026-08-14 01:19:51 | INFO | Breeze returned 755 candles.
2026-08-14 01:19:51 | INFO | First candle : 2025-07-21 09:07:00
2026-08-14 01:19:51 | INFO | Last candle  : 2025-07-22 15:31:00
2026-08-14 01:19:51 | INFO | Saved 2025-07-21: 377 candles -> data/raw/breeze\RELIND\1m\2025\07\2025-07-21.json
2026-08-14 01:19:51 | INFO | Saved 2025-07-22: 378 candles -> data/raw/breeze\RELIND\1m\2025\07\2025-07-22.json
2026-08-14 01:19:51 | INFO | Next trading day: 2025-07-23
2026-08-14 01:19:51 | INFO | Waiting 1.0 seconds...
2026-08-14 01:19:52 | INFO | 
2026-08-14 01:19:52 | INFO | ======================================================================
2026-08-14 01:19:52 | INFO | CHUNK #519
2026-08-14 01:19:52 | INFO | Trading days: 2025-07-23 -> 2025-07-24
2026-08-14 01:19:52 | INFO | Request: 2025-07-23T09:00:00.000Z -> 2025-07-24T15:45:00.000Z
2026-08-14 01:19:52 | INFO | ======================================================================
2026-08-14 01:19:52 | INFO | API request: 2025-07-23T09:00:00.000Z -> 2025-07-24T15:45:00.000Z (attempt 1/3)
2026-08-14 01:19:52 | INFO | Breeze returned 756 candles.
2026-08-14 01:19:52 | INFO | First candle : 2025-07-23 09:07:00
2026-08-14 01:19:52 | INFO | Last candle  : 2025-07-24 15:31:00
2026-08-14 01:19:52 | INFO | Saved 2025-07-23: 378 candles -> data/raw/breeze\RELIND\1m\2025\07\2025-07-23.json
2026-08-14 01:19:52 | INFO | Saved 2025-07-24: 378 candles -> data/raw/breeze\RELIND\1m\2025\07\2025-07-24.json
2026-08-14 01:19:52 | INFO | Next trading day: 2025-07-25
2026-08-14 01:19:52 | INFO | Waiting 1.0 seconds...
2026-08-14 01:19:53 | INFO | 
2026-08-14 01:19:53 | INFO | ======================================================================
2026-08-14 01:19:53 | INFO | CHUNK #520
2026-08-14 01:19:53 | INFO | Trading days: 2025-07-25 -> 2025-07-25
2026-08-14 01:19:53 | INFO | Request: 2025-07-25T09:00:00.000Z -> 2025-07-25T15:45:00.000Z
2026-08-14 01:19:53 | INFO | ======================================================================
2026-08-14 01:19:53 | INFO | API request: 2025-07-25T09:00:00.000Z -> 2025-07-25T15:45:00.000Z (attempt 1/3)
2026-08-14 01:19:54 | INFO | Breeze returned 378 candles.
2026-08-14 01:19:54 | INFO | First candle : 2025-07-25 09:07:00
2026-08-14 01:19:54 | INFO | Last candle  : 2025-07-25 15:31:00
2026-08-14 01:19:54 | INFO | Saved 2025-07-25: 378 candles -> data/raw/breeze\RELIND\1m\2025\07\2025-07-25.json
2026-08-14 01:19:54 | INFO | Next trading day: 2025-07-28
2026-08-14 01:19:54 | INFO | Waiting 1.0 seconds...
2026-08-14 01:19:55 | INFO | 
2026-08-14 01:19:55 | INFO | ======================================================================
2026-08-14 01:19:55 | INFO | CHUNK #521
2026-08-14 01:19:55 | INFO | Trading days: 2025-07-28 -> 2025-07-29
2026-08-14 01:19:55 | INFO | Request: 2025-07-28T09:00:00.000Z -> 2025-07-29T15:45:00.000Z
2026-08-14 01:19:55 | INFO | ======================================================================
2026-08-14 01:19:55 | INFO | API request: 2025-07-28T09:00:00.000Z -> 2025-07-29T15:45:00.000Z (attempt 1/3)
2026-08-14 01:19:55 | INFO | Breeze returned 755 candles.
2026-08-14 01:19:55 | INFO | First candle : 2025-07-28 09:07:00
2026-08-14 01:19:55 | INFO | Last candle  : 2025-07-29 15:30:00
2026-08-14 01:19:55 | INFO | Saved 2025-07-28: 378 candles -> data/raw/breeze\RELIND\1m\2025\07\2025-07-28.json
2026-08-14 01:19:55 | INFO | Saved 2025-07-29: 377 candles -> data/raw/breeze\RELIND\1m\2025\07\2025-07-29.json
2026-08-14 01:19:55 | INFO | Next trading day: 2025-07-30
2026-08-14 01:19:55 | INFO | Waiting 1.0 seconds...
2026-08-14 01:19:56 | INFO | 
2026-08-14 01:19:56 | INFO | ======================================================================
2026-08-14 01:19:56 | INFO | CHUNK #522
2026-08-14 01:19:56 | INFO | Trading days: 2025-07-30 -> 2025-07-31
2026-08-14 01:19:56 | INFO | Request: 2025-07-30T09:00:00.000Z -> 2025-07-31T15:45:00.000Z
2026-08-14 01:19:56 | INFO | ======================================================================
2026-08-14 01:19:56 | INFO | API request: 2025-07-30T09:00:00.000Z -> 2025-07-31T15:45:00.000Z (attempt 1/3)
2026-08-14 01:19:56 | INFO | Breeze returned 755 candles.
2026-08-14 01:19:56 | INFO | First candle : 2025-07-30 09:07:00
2026-08-14 01:19:56 | INFO | Last candle  : 2025-07-31 15:30:00
2026-08-14 01:19:56 | INFO | Saved 2025-07-30: 378 candles -> data/raw/breeze\RELIND\1m\2025\07\2025-07-30.json
2026-08-14 01:19:56 | INFO | Saved 2025-07-31: 377 candles -> data/raw/breeze\RELIND\1m\2025\07\2025-07-31.json
2026-08-14 01:19:56 | INFO | Next trading day: 2025-08-01
2026-08-14 01:19:56 | INFO | Waiting 1.0 seconds...
2026-08-14 01:19:57 | INFO | 
2026-08-14 01:19:57 | INFO | ======================================================================
2026-08-14 01:19:57 | INFO | CHUNK #523
2026-08-14 01:19:57 | INFO | Trading days: 2025-08-01 -> 2025-08-01
2026-08-14 01:19:57 | INFO | Request: 2025-08-01T09:00:00.000Z -> 2025-08-01T15:45:00.000Z
2026-08-14 01:19:57 | INFO | ======================================================================
2026-08-14 01:19:57 | INFO | API request: 2025-08-01T09:00:00.000Z -> 2025-08-01T15:45:00.000Z (attempt 1/3)
2026-08-14 01:19:57 | INFO | Breeze returned 378 candles.
2026-08-14 01:19:57 | INFO | First candle : 2025-08-01 09:07:00
2026-08-14 01:19:57 | INFO | Last candle  : 2025-08-01 15:31:00
2026-08-14 01:19:57 | INFO | Saved 2025-08-01: 378 candles -> data/raw/breeze\RELIND\1m\2025\08\2025-08-01.json
2026-08-14 01:19:57 | INFO | Next trading day: 2025-08-04
2026-08-14 01:19:57 | INFO | Waiting 1.0 seconds...
2026-08-14 01:19:58 | INFO | 
2026-08-14 01:19:58 | INFO | ======================================================================
2026-08-14 01:19:58 | INFO | CHUNK #524
2026-08-14 01:19:58 | INFO | Trading days: 2025-08-04 -> 2025-08-05
2026-08-14 01:19:58 | INFO | Request: 2025-08-04T09:00:00.000Z -> 2025-08-05T15:45:00.000Z
2026-08-14 01:19:58 | INFO | ======================================================================
2026-08-14 01:19:58 | INFO | API request: 2025-08-04T09:00:00.000Z -> 2025-08-05T15:45:00.000Z (attempt 1/3)
2026-08-14 01:19:59 | INFO | Breeze returned 754 candles.
2026-08-14 01:19:59 | INFO | First candle : 2025-08-04 09:07:00
2026-08-14 01:19:59 | INFO | Last candle  : 2025-08-05 15:30:00
2026-08-14 01:19:59 | INFO | Saved 2025-08-04: 377 candles -> data/raw/breeze\RELIND\1m\2025\08\2025-08-04.json
2026-08-14 01:19:59 | INFO | Saved 2025-08-05: 377 candles -> data/raw/breeze\RELIND\1m\2025\08\2025-08-05.json
2026-08-14 01:19:59 | INFO | Next trading day: 2025-08-06
2026-08-14 01:19:59 | INFO | Waiting 1.0 seconds...
2026-08-14 01:20:00 | INFO | 
2026-08-14 01:20:00 | INFO | ======================================================================
2026-08-14 01:20:00 | INFO | CHUNK #525
2026-08-14 01:20:00 | INFO | Trading days: 2025-08-06 -> 2025-08-07
2026-08-14 01:20:00 | INFO | Request: 2025-08-06T09:00:00.000Z -> 2025-08-07T15:45:00.000Z
2026-08-14 01:20:00 | INFO | ======================================================================
2026-08-14 01:20:00 | INFO | API request: 2025-08-06T09:00:00.000Z -> 2025-08-07T15:45:00.000Z (attempt 1/3)
2026-08-14 01:20:00 | INFO | Breeze returned 755 candles.
2026-08-14 01:20:00 | INFO | First candle : 2025-08-06 09:07:00
2026-08-14 01:20:00 | INFO | Last candle  : 2025-08-07 15:30:00
2026-08-14 01:20:00 | INFO | Saved 2025-08-06: 378 candles -> data/raw/breeze\RELIND\1m\2025\08\2025-08-06.json
2026-08-14 01:20:00 | INFO | Saved 2025-08-07: 377 candles -> data/raw/breeze\RELIND\1m\2025\08\2025-08-07.json
2026-08-14 01:20:00 | INFO | Next trading day: 2025-08-08
2026-08-14 01:20:00 | INFO | Waiting 1.0 seconds...
2026-08-14 01:20:01 | INFO | 
2026-08-14 01:20:01 | INFO | ======================================================================
2026-08-14 01:20:01 | INFO | CHUNK #526
2026-08-14 01:20:01 | INFO | Trading days: 2025-08-08 -> 2025-08-08
2026-08-14 01:20:01 | INFO | Request: 2025-08-08T09:00:00.000Z -> 2025-08-08T15:45:00.000Z
2026-08-14 01:20:01 | INFO | ======================================================================
2026-08-14 01:20:01 | INFO | API request: 2025-08-08T09:00:00.000Z -> 2025-08-08T15:45:00.000Z (attempt 1/3)
2026-08-14 01:20:02 | INFO | Breeze returned 377 candles.
2026-08-14 01:20:02 | INFO | First candle : 2025-08-08 09:07:00
2026-08-14 01:20:02 | INFO | Last candle  : 2025-08-08 15:30:00
2026-08-14 01:20:02 | INFO | Saved 2025-08-08: 377 candles -> data/raw/breeze\RELIND\1m\2025\08\2025-08-08.json
2026-08-14 01:20:02 | INFO | Next trading day: 2025-08-11
2026-08-14 01:20:02 | INFO | Waiting 1.0 seconds...
2026-08-14 01:20:03 | INFO | 
2026-08-14 01:20:03 | INFO | ======================================================================
2026-08-14 01:20:03 | INFO | CHUNK #527
2026-08-14 01:20:03 | INFO | Trading days: 2025-08-11 -> 2025-08-12
2026-08-14 01:20:03 | INFO | Request: 2025-08-11T09:00:00.000Z -> 2025-08-12T15:45:00.000Z
2026-08-14 01:20:03 | INFO | ======================================================================
2026-08-14 01:20:03 | INFO | API request: 2025-08-11T09:00:00.000Z -> 2025-08-12T15:45:00.000Z (attempt 1/3)
2026-08-14 01:20:03 | INFO | Breeze returned 755 candles.
2026-08-14 01:20:03 | INFO | First candle : 2025-08-11 09:07:00
2026-08-14 01:20:03 | INFO | Last candle  : 2025-08-12 15:30:00
2026-08-14 01:20:03 | INFO | Saved 2025-08-11: 378 candles -> data/raw/breeze\RELIND\1m\2025\08\2025-08-11.json
2026-08-14 01:20:03 | INFO | Saved 2025-08-12: 377 candles -> data/raw/breeze\RELIND\1m\2025\08\2025-08-12.json
2026-08-14 01:20:03 | INFO | Next trading day: 2025-08-13
2026-08-14 01:20:03 | INFO | Waiting 1.0 seconds...
2026-08-14 01:20:04 | INFO | 
2026-08-14 01:20:04 | INFO | ======================================================================
2026-08-14 01:20:04 | INFO | CHUNK #528
2026-08-14 01:20:04 | INFO | Trading days: 2025-08-13 -> 2025-08-14
2026-08-14 01:20:04 | INFO | Request: 2025-08-13T09:00:00.000Z -> 2025-08-14T15:45:00.000Z
2026-08-14 01:20:04 | INFO | ======================================================================
2026-08-14 01:20:04 | INFO | API request: 2025-08-13T09:00:00.000Z -> 2025-08-14T15:45:00.000Z (attempt 1/3)
2026-08-14 01:20:05 | INFO | Breeze returned 755 candles.
2026-08-14 01:20:05 | INFO | First candle : 2025-08-13 09:07:00
2026-08-14 01:20:05 | INFO | Last candle  : 2025-08-14 15:30:00
2026-08-14 01:20:05 | INFO | Saved 2025-08-13: 377 candles -> data/raw/breeze\RELIND\1m\2025\08\2025-08-13.json
2026-08-14 01:20:05 | INFO | Saved 2025-08-14: 378 candles -> data/raw/breeze\RELIND\1m\2025\08\2025-08-14.json
2026-08-14 01:20:05 | INFO | Next trading day: 2025-08-15
2026-08-14 01:20:05 | INFO | Waiting 1.0 seconds...
2026-08-14 01:20:06 | INFO | 
2026-08-14 01:20:06 | INFO | ======================================================================
2026-08-14 01:20:06 | INFO | CHUNK #529
2026-08-14 01:20:06 | INFO | Trading days: 2025-08-15 -> 2025-08-15
2026-08-14 01:20:06 | INFO | Request: 2025-08-15T09:00:00.000Z -> 2025-08-15T15:45:00.000Z
2026-08-14 01:20:06 | INFO | ======================================================================
2026-08-14 01:20:06 | INFO | API request: 2025-08-15T09:00:00.000Z -> 2025-08-15T15:45:00.000Z (attempt 1/3)
2026-08-14 01:20:06 | INFO | Breeze returned 0 candles.
2026-08-14 01:20:06 | INFO | Saved 2025-08-15: 0 candles -> data/raw/breeze\RELIND\1m\2025\08\2025-08-15.json
2026-08-14 01:20:06 | INFO | Next trading day: 2025-08-18
2026-08-14 01:20:06 | INFO | Waiting 1.0 seconds...
2026-08-14 01:20:07 | INFO | 
2026-08-14 01:20:07 | INFO | ======================================================================
2026-08-14 01:20:07 | INFO | CHUNK #530
2026-08-14 01:20:07 | INFO | Trading days: 2025-08-18 -> 2025-08-19
2026-08-14 01:20:07 | INFO | Request: 2025-08-18T09:00:00.000Z -> 2025-08-19T15:45:00.000Z
2026-08-14 01:20:07 | INFO | ======================================================================
2026-08-14 01:20:07 | INFO | API request: 2025-08-18T09:00:00.000Z -> 2025-08-19T15:45:00.000Z (attempt 1/3)
2026-08-14 01:20:07 | INFO | Breeze returned 756 candles.
2026-08-14 01:20:07 | INFO | First candle : 2025-08-18 09:07:00
2026-08-14 01:20:07 | INFO | Last candle  : 2025-08-19 15:31:00
2026-08-14 01:20:07 | INFO | Saved 2025-08-18: 377 candles -> data/raw/breeze\RELIND\1m\2025\08\2025-08-18.json
2026-08-14 01:20:07 | INFO | Saved 2025-08-19: 379 candles -> data/raw/breeze\RELIND\1m\2025\08\2025-08-19.json
2026-08-14 01:20:07 | INFO | Next trading day: 2025-08-20
2026-08-14 01:20:07 | INFO | Waiting 1.0 seconds...
2026-08-14 01:20:08 | INFO | 
2026-08-14 01:20:08 | INFO | ======================================================================
2026-08-14 01:20:08 | INFO | CHUNK #531
2026-08-14 01:20:08 | INFO | Trading days: 2025-08-20 -> 2025-08-21
2026-08-14 01:20:08 | INFO | Request: 2025-08-20T09:00:00.000Z -> 2025-08-21T15:45:00.000Z
2026-08-14 01:20:08 | INFO | ======================================================================
2026-08-14 01:20:08 | INFO | API request: 2025-08-20T09:00:00.000Z -> 2025-08-21T15:45:00.000Z (attempt 1/3)
2026-08-14 01:20:10 | INFO | Breeze returned 756 candles.
2026-08-14 01:20:10 | INFO | First candle : 2025-08-20 09:07:00
2026-08-14 01:20:10 | INFO | Last candle  : 2025-08-21 15:31:00
2026-08-14 01:20:10 | INFO | Saved 2025-08-20: 378 candles -> data/raw/breeze\RELIND\1m\2025\08\2025-08-20.json
2026-08-14 01:20:10 | INFO | Saved 2025-08-21: 378 candles -> data/raw/breeze\RELIND\1m\2025\08\2025-08-21.json
2026-08-14 01:20:10 | INFO | Next trading day: 2025-08-22
2026-08-14 01:20:10 | INFO | Waiting 1.0 seconds...
2026-08-14 01:20:11 | INFO | 
2026-08-14 01:20:11 | INFO | ======================================================================
2026-08-14 01:20:11 | INFO | CHUNK #532
2026-08-14 01:20:11 | INFO | Trading days: 2025-08-22 -> 2025-08-22
2026-08-14 01:20:11 | INFO | Request: 2025-08-22T09:00:00.000Z -> 2025-08-22T15:45:00.000Z
2026-08-14 01:20:11 | INFO | ======================================================================
2026-08-14 01:20:11 | INFO | API request: 2025-08-22T09:00:00.000Z -> 2025-08-22T15:45:00.000Z (attempt 1/3)
2026-08-14 01:20:11 | INFO | Breeze returned 377 candles.
2026-08-14 01:20:11 | INFO | First candle : 2025-08-22 09:07:00
2026-08-14 01:20:11 | INFO | Last candle  : 2025-08-22 15:30:00
2026-08-14 01:20:11 | INFO | Saved 2025-08-22: 377 candles -> data/raw/breeze\RELIND\1m\2025\08\2025-08-22.json
2026-08-14 01:20:11 | INFO | Next trading day: 2025-08-25
2026-08-14 01:20:11 | INFO | Waiting 1.0 seconds...
2026-08-14 01:20:12 | INFO | 
2026-08-14 01:20:12 | INFO | ======================================================================
2026-08-14 01:20:12 | INFO | CHUNK #533
2026-08-14 01:20:12 | INFO | Trading days: 2025-08-25 -> 2025-08-26
2026-08-14 01:20:12 | INFO | Request: 2025-08-25T09:00:00.000Z -> 2025-08-26T15:45:00.000Z
2026-08-14 01:20:12 | INFO | ======================================================================
2026-08-14 01:20:12 | INFO | API request: 2025-08-25T09:00:00.000Z -> 2025-08-26T15:45:00.000Z (attempt 1/3)
2026-08-14 01:20:12 | INFO | Breeze returned 755 candles.
2026-08-14 01:20:12 | INFO | First candle : 2025-08-25 09:07:00
2026-08-14 01:20:12 | INFO | Last candle  : 2025-08-26 15:31:00
2026-08-14 01:20:12 | INFO | Saved 2025-08-25: 377 candles -> data/raw/breeze\RELIND\1m\2025\08\2025-08-25.json
2026-08-14 01:20:12 | INFO | Saved 2025-08-26: 378 candles -> data/raw/breeze\RELIND\1m\2025\08\2025-08-26.json
2026-08-14 01:20:12 | INFO | Next trading day: 2025-08-27
2026-08-14 01:20:12 | INFO | Waiting 1.0 seconds...
2026-08-14 01:20:13 | INFO | 
2026-08-14 01:20:13 | INFO | ======================================================================
2026-08-14 01:20:13 | INFO | CHUNK #534
2026-08-14 01:20:13 | INFO | Trading days: 2025-08-27 -> 2025-08-28
2026-08-14 01:20:13 | INFO | Request: 2025-08-27T09:00:00.000Z -> 2025-08-28T15:45:00.000Z
2026-08-14 01:20:13 | INFO | ======================================================================
2026-08-14 01:20:13 | INFO | API request: 2025-08-27T09:00:00.000Z -> 2025-08-28T15:45:00.000Z (attempt 1/3)
2026-08-14 01:20:14 | INFO | Breeze returned 378 candles.
2026-08-14 01:20:14 | INFO | First candle : 2025-08-28 09:07:00
2026-08-14 01:20:14 | INFO | Last candle  : 2025-08-28 15:31:00
2026-08-14 01:20:14 | INFO | Saved 2025-08-27: 0 candles -> data/raw/breeze\RELIND\1m\2025\08\2025-08-27.json
2026-08-14 01:20:14 | INFO | Saved 2025-08-28: 378 candles -> data/raw/breeze\RELIND\1m\2025\08\2025-08-28.json
2026-08-14 01:20:14 | INFO | Next trading day: 2025-08-29
2026-08-14 01:20:14 | INFO | Waiting 1.0 seconds...
2026-08-14 01:20:15 | INFO | 
2026-08-14 01:20:15 | INFO | ======================================================================
2026-08-14 01:20:15 | INFO | CHUNK #535
2026-08-14 01:20:15 | INFO | Trading days: 2025-08-29 -> 2025-08-29
2026-08-14 01:20:15 | INFO | Request: 2025-08-29T09:00:00.000Z -> 2025-08-29T15:45:00.000Z
2026-08-14 01:20:15 | INFO | ======================================================================
2026-08-14 01:20:15 | INFO | API request: 2025-08-29T09:00:00.000Z -> 2025-08-29T15:45:00.000Z (attempt 1/3)
2026-08-14 01:20:15 | INFO | Breeze returned 378 candles.
2026-08-14 01:20:15 | INFO | First candle : 2025-08-29 09:07:00
2026-08-14 01:20:15 | INFO | Last candle  : 2025-08-29 15:31:00
2026-08-14 01:20:15 | INFO | Saved 2025-08-29: 378 candles -> data/raw/breeze\RELIND\1m\2025\08\2025-08-29.json
2026-08-14 01:20:15 | INFO | Next trading day: 2025-09-01
2026-08-14 01:20:15 | INFO | Waiting 1.0 seconds...
2026-08-14 01:20:16 | INFO | 
2026-08-14 01:20:16 | INFO | ======================================================================
2026-08-14 01:20:16 | INFO | CHUNK #536
2026-08-14 01:20:16 | INFO | Trading days: 2025-09-01 -> 2025-09-02
2026-08-14 01:20:16 | INFO | Request: 2025-09-01T09:00:00.000Z -> 2025-09-02T15:45:00.000Z
2026-08-14 01:20:16 | INFO | ======================================================================
2026-08-14 01:20:16 | INFO | API request: 2025-09-01T09:00:00.000Z -> 2025-09-02T15:45:00.000Z (attempt 1/3)
2026-08-14 01:20:16 | INFO | Breeze returned 755 candles.
2026-08-14 01:20:16 | INFO | First candle : 2025-09-01 09:07:00
2026-08-14 01:20:16 | INFO | Last candle  : 2025-09-02 15:31:00
2026-08-14 01:20:16 | INFO | Saved 2025-09-01: 377 candles -> data/raw/breeze\RELIND\1m\2025\09\2025-09-01.json
2026-08-14 01:20:16 | INFO | Saved 2025-09-02: 378 candles -> data/raw/breeze\RELIND\1m\2025\09\2025-09-02.json
2026-08-14 01:20:16 | INFO | Next trading day: 2025-09-03
2026-08-14 01:20:16 | INFO | Waiting 1.0 seconds...
2026-08-14 01:20:17 | INFO | 
2026-08-14 01:20:17 | INFO | ======================================================================
2026-08-14 01:20:17 | INFO | CHUNK #537
2026-08-14 01:20:17 | INFO | Trading days: 2025-09-03 -> 2025-09-04
2026-08-14 01:20:17 | INFO | Request: 2025-09-03T09:00:00.000Z -> 2025-09-04T15:45:00.000Z
2026-08-14 01:20:17 | INFO | ======================================================================
2026-08-14 01:20:17 | INFO | API request: 2025-09-03T09:00:00.000Z -> 2025-09-04T15:45:00.000Z (attempt 1/3)
2026-08-14 01:20:17 | INFO | Breeze returned 755 candles.
2026-08-14 01:20:17 | INFO | First candle : 2025-09-03 09:07:00
2026-08-14 01:20:17 | INFO | Last candle  : 2025-09-04 15:31:00
2026-08-14 01:20:17 | INFO | Saved 2025-09-03: 377 candles -> data/raw/breeze\RELIND\1m\2025\09\2025-09-03.json
2026-08-14 01:20:17 | INFO | Saved 2025-09-04: 378 candles -> data/raw/breeze\RELIND\1m\2025\09\2025-09-04.json
2026-08-14 01:20:17 | INFO | Next trading day: 2025-09-05
2026-08-14 01:20:17 | INFO | Waiting 1.0 seconds...
2026-08-14 01:20:18 | INFO | 
2026-08-14 01:20:18 | INFO | ======================================================================
2026-08-14 01:20:18 | INFO | CHUNK #538
2026-08-14 01:20:18 | INFO | Trading days: 2025-09-05 -> 2025-09-05
2026-08-14 01:20:18 | INFO | Request: 2025-09-05T09:00:00.000Z -> 2025-09-05T15:45:00.000Z
2026-08-14 01:20:18 | INFO | ======================================================================
2026-08-14 01:20:18 | INFO | API request: 2025-09-05T09:00:00.000Z -> 2025-09-05T15:45:00.000Z (attempt 1/3)
2026-08-14 01:20:19 | INFO | Breeze returned 378 candles.
2026-08-14 01:20:19 | INFO | First candle : 2025-09-05 09:07:00
2026-08-14 01:20:19 | INFO | Last candle  : 2025-09-05 15:31:00
2026-08-14 01:20:19 | INFO | Saved 2025-09-05: 378 candles -> data/raw/breeze\RELIND\1m\2025\09\2025-09-05.json
2026-08-14 01:20:19 | INFO | Next trading day: 2025-09-08
2026-08-14 01:20:19 | INFO | Waiting 1.0 seconds...
2026-08-14 01:20:20 | INFO | 
2026-08-14 01:20:20 | INFO | ======================================================================
2026-08-14 01:20:20 | INFO | CHUNK #539
2026-08-14 01:20:20 | INFO | Trading days: 2025-09-08 -> 2025-09-09
2026-08-14 01:20:20 | INFO | Request: 2025-09-08T09:00:00.000Z -> 2025-09-09T15:45:00.000Z
2026-08-14 01:20:20 | INFO | ======================================================================
2026-08-14 01:20:20 | INFO | API request: 2025-09-08T09:00:00.000Z -> 2025-09-09T15:45:00.000Z (attempt 1/3)
2026-08-14 01:20:20 | INFO | Breeze returned 756 candles.
2026-08-14 01:20:20 | INFO | First candle : 2025-09-08 09:07:00
2026-08-14 01:20:20 | INFO | Last candle  : 2025-09-09 15:31:00
2026-08-14 01:20:20 | INFO | Saved 2025-09-08: 378 candles -> data/raw/breeze\RELIND\1m\2025\09\2025-09-08.json
2026-08-14 01:20:20 | INFO | Saved 2025-09-09: 378 candles -> data/raw/breeze\RELIND\1m\2025\09\2025-09-09.json
2026-08-14 01:20:20 | INFO | Next trading day: 2025-09-10
2026-08-14 01:20:20 | INFO | Waiting 1.0 seconds...
2026-08-14 01:20:21 | INFO | 
2026-08-14 01:20:21 | INFO | ======================================================================
2026-08-14 01:20:21 | INFO | CHUNK #540
2026-08-14 01:20:21 | INFO | Trading days: 2025-09-10 -> 2025-09-11
2026-08-14 01:20:21 | INFO | Request: 2025-09-10T09:00:00.000Z -> 2025-09-11T15:45:00.000Z
2026-08-14 01:20:21 | INFO | ======================================================================
2026-08-14 01:20:21 | INFO | API request: 2025-09-10T09:00:00.000Z -> 2025-09-11T15:45:00.000Z (attempt 1/3)
2026-08-14 01:20:21 | INFO | Breeze returned 755 candles.
2026-08-14 01:20:21 | INFO | First candle : 2025-09-10 09:07:00
2026-08-14 01:20:21 | INFO | Last candle  : 2025-09-11 15:31:00
2026-08-14 01:20:21 | INFO | Saved 2025-09-10: 378 candles -> data/raw/breeze\RELIND\1m\2025\09\2025-09-10.json
2026-08-14 01:20:21 | INFO | Saved 2025-09-11: 377 candles -> data/raw/breeze\RELIND\1m\2025\09\2025-09-11.json
2026-08-14 01:20:21 | INFO | Next trading day: 2025-09-12
2026-08-14 01:20:21 | INFO | Waiting 1.0 seconds...
2026-08-14 01:20:22 | INFO | 
2026-08-14 01:20:22 | INFO | ======================================================================
2026-08-14 01:20:22 | INFO | CHUNK #541
2026-08-14 01:20:22 | INFO | Trading days: 2025-09-12 -> 2025-09-12
2026-08-14 01:20:22 | INFO | Request: 2025-09-12T09:00:00.000Z -> 2025-09-12T15:45:00.000Z
2026-08-14 01:20:22 | INFO | ======================================================================
2026-08-14 01:20:22 | INFO | API request: 2025-09-12T09:00:00.000Z -> 2025-09-12T15:45:00.000Z (attempt 1/3)
2026-08-14 01:20:22 | INFO | Breeze returned 378 candles.
2026-08-14 01:20:22 | INFO | First candle : 2025-09-12 09:07:00
2026-08-14 01:20:22 | INFO | Last candle  : 2025-09-12 15:31:00
2026-08-14 01:20:22 | INFO | Saved 2025-09-12: 378 candles -> data/raw/breeze\RELIND\1m\2025\09\2025-09-12.json
2026-08-14 01:20:22 | INFO | Next trading day: 2025-09-15
2026-08-14 01:20:22 | INFO | Waiting 1.0 seconds...
2026-08-14 01:20:23 | INFO | 
2026-08-14 01:20:23 | INFO | ======================================================================
2026-08-14 01:20:23 | INFO | CHUNK #542
2026-08-14 01:20:23 | INFO | Trading days: 2025-09-15 -> 2025-09-16
2026-08-14 01:20:23 | INFO | Request: 2025-09-15T09:00:00.000Z -> 2025-09-16T15:45:00.000Z
2026-08-14 01:20:23 | INFO | ======================================================================
2026-08-14 01:20:23 | INFO | API request: 2025-09-15T09:00:00.000Z -> 2025-09-16T15:45:00.000Z (attempt 1/3)
2026-08-14 01:20:24 | INFO | Breeze returned 754 candles.
2026-08-14 01:20:24 | INFO | First candle : 2025-09-15 09:07:00
2026-08-14 01:20:24 | INFO | Last candle  : 2025-09-16 15:30:00
2026-08-14 01:20:24 | INFO | Saved 2025-09-15: 377 candles -> data/raw/breeze\RELIND\1m\2025\09\2025-09-15.json
2026-08-14 01:20:24 | INFO | Saved 2025-09-16: 377 candles -> data/raw/breeze\RELIND\1m\2025\09\2025-09-16.json
2026-08-14 01:20:24 | INFO | Next trading day: 2025-09-17
2026-08-14 01:20:24 | INFO | Waiting 1.0 seconds...
2026-08-14 01:20:25 | INFO | 
2026-08-14 01:20:25 | INFO | ======================================================================
2026-08-14 01:20:25 | INFO | CHUNK #543
2026-08-14 01:20:25 | INFO | Trading days: 2025-09-17 -> 2025-09-18
2026-08-14 01:20:25 | INFO | Request: 2025-09-17T09:00:00.000Z -> 2025-09-18T15:45:00.000Z
2026-08-14 01:20:25 | INFO | ======================================================================
2026-08-14 01:20:25 | INFO | API request: 2025-09-17T09:00:00.000Z -> 2025-09-18T15:45:00.000Z (attempt 1/3)
2026-08-14 01:20:25 | INFO | Breeze returned 755 candles.
2026-08-14 01:20:25 | INFO | First candle : 2025-09-17 09:07:00
2026-08-14 01:20:25 | INFO | Last candle  : 2025-09-18 15:31:00
2026-08-14 01:20:25 | INFO | Saved 2025-09-17: 377 candles -> data/raw/breeze\RELIND\1m\2025\09\2025-09-17.json
2026-08-14 01:20:25 | INFO | Saved 2025-09-18: 378 candles -> data/raw/breeze\RELIND\1m\2025\09\2025-09-18.json
2026-08-14 01:20:25 | INFO | Next trading day: 2025-09-19
2026-08-14 01:20:25 | INFO | Waiting 1.0 seconds...
2026-08-14 01:20:26 | INFO | 
2026-08-14 01:20:26 | INFO | ======================================================================
2026-08-14 01:20:26 | INFO | CHUNK #544
2026-08-14 01:20:26 | INFO | Trading days: 2025-09-19 -> 2025-09-19
2026-08-14 01:20:26 | INFO | Request: 2025-09-19T09:00:00.000Z -> 2025-09-19T15:45:00.000Z
2026-08-14 01:20:26 | INFO | ======================================================================
2026-08-14 01:20:26 | INFO | API request: 2025-09-19T09:00:00.000Z -> 2025-09-19T15:45:00.000Z (attempt 1/3)
2026-08-14 01:20:27 | INFO | Breeze returned 378 candles.
2026-08-14 01:20:27 | INFO | First candle : 2025-09-19 09:07:00
2026-08-14 01:20:27 | INFO | Last candle  : 2025-09-19 15:31:00
2026-08-14 01:20:27 | INFO | Saved 2025-09-19: 378 candles -> data/raw/breeze\RELIND\1m\2025\09\2025-09-19.json
2026-08-14 01:20:27 | INFO | Next trading day: 2025-09-22
2026-08-14 01:20:27 | INFO | Waiting 1.0 seconds...
2026-08-14 01:20:28 | INFO | 
2026-08-14 01:20:28 | INFO | ======================================================================
2026-08-14 01:20:28 | INFO | CHUNK #545
2026-08-14 01:20:28 | INFO | Trading days: 2025-09-22 -> 2025-09-23
2026-08-14 01:20:28 | INFO | Request: 2025-09-22T09:00:00.000Z -> 2025-09-23T15:45:00.000Z
2026-08-14 01:20:28 | INFO | ======================================================================
2026-08-14 01:20:28 | INFO | API request: 2025-09-22T09:00:00.000Z -> 2025-09-23T15:45:00.000Z (attempt 1/3)
2026-08-14 01:20:28 | INFO | Breeze returned 756 candles.
2026-08-14 01:20:28 | INFO | First candle : 2025-09-22 09:07:00
2026-08-14 01:20:28 | INFO | Last candle  : 2025-09-23 15:31:00
2026-08-14 01:20:28 | INFO | Saved 2025-09-22: 378 candles -> data/raw/breeze\RELIND\1m\2025\09\2025-09-22.json
2026-08-14 01:20:28 | INFO | Saved 2025-09-23: 378 candles -> data/raw/breeze\RELIND\1m\2025\09\2025-09-23.json
2026-08-14 01:20:28 | INFO | Next trading day: 2025-09-24
2026-08-14 01:20:28 | INFO | Waiting 1.0 seconds...
2026-08-14 01:20:29 | INFO | 
2026-08-14 01:20:29 | INFO | ======================================================================
2026-08-14 01:20:29 | INFO | CHUNK #546
2026-08-14 01:20:29 | INFO | Trading days: 2025-09-24 -> 2025-09-25
2026-08-14 01:20:29 | INFO | Request: 2025-09-24T09:00:00.000Z -> 2025-09-25T15:45:00.000Z
2026-08-14 01:20:29 | INFO | ======================================================================
2026-08-14 01:20:29 | INFO | API request: 2025-09-24T09:00:00.000Z -> 2025-09-25T15:45:00.000Z (attempt 1/3)
2026-08-14 01:20:29 | INFO | Breeze returned 755 candles.
2026-08-14 01:20:29 | INFO | First candle : 2025-09-24 09:07:00
2026-08-14 01:20:29 | INFO | Last candle  : 2025-09-25 15:31:00
2026-08-14 01:20:29 | INFO | Saved 2025-09-24: 377 candles -> data/raw/breeze\RELIND\1m\2025\09\2025-09-24.json
2026-08-14 01:20:29 | INFO | Saved 2025-09-25: 378 candles -> data/raw/breeze\RELIND\1m\2025\09\2025-09-25.json
2026-08-14 01:20:29 | INFO | Next trading day: 2025-09-26
2026-08-14 01:20:29 | INFO | Waiting 1.0 seconds...
2026-08-14 01:20:30 | INFO | 
2026-08-14 01:20:30 | INFO | ======================================================================
2026-08-14 01:20:30 | INFO | CHUNK #547
2026-08-14 01:20:30 | INFO | Trading days: 2025-09-26 -> 2025-09-26
2026-08-14 01:20:30 | INFO | Request: 2025-09-26T09:00:00.000Z -> 2025-09-26T15:45:00.000Z
2026-08-14 01:20:30 | INFO | ======================================================================
2026-08-14 01:20:30 | INFO | API request: 2025-09-26T09:00:00.000Z -> 2025-09-26T15:45:00.000Z (attempt 1/3)
2026-08-14 01:20:31 | INFO | Breeze returned 378 candles.
2026-08-14 01:20:31 | INFO | First candle : 2025-09-26 09:07:00
2026-08-14 01:20:31 | INFO | Last candle  : 2025-09-26 15:31:00
2026-08-14 01:20:31 | INFO | Saved 2025-09-26: 378 candles -> data/raw/breeze\RELIND\1m\2025\09\2025-09-26.json
2026-08-14 01:20:31 | INFO | Next trading day: 2025-09-29
2026-08-14 01:20:31 | INFO | Waiting 1.0 seconds...
2026-08-14 01:20:32 | INFO | 
2026-08-14 01:20:32 | INFO | ======================================================================
2026-08-14 01:20:32 | INFO | CHUNK #548
2026-08-14 01:20:32 | INFO | Trading days: 2025-09-29 -> 2025-09-30
2026-08-14 01:20:32 | INFO | Request: 2025-09-29T09:00:00.000Z -> 2025-09-30T15:45:00.000Z
2026-08-14 01:20:32 | INFO | ======================================================================
2026-08-14 01:20:32 | INFO | API request: 2025-09-29T09:00:00.000Z -> 2025-09-30T15:45:00.000Z (attempt 1/3)
2026-08-14 01:20:32 | INFO | Breeze returned 755 candles.
2026-08-14 01:20:32 | INFO | First candle : 2025-09-29 09:07:00
2026-08-14 01:20:32 | INFO | Last candle  : 2025-09-30 15:31:00
2026-08-14 01:20:32 | INFO | Saved 2025-09-29: 377 candles -> data/raw/breeze\RELIND\1m\2025\09\2025-09-29.json
2026-08-14 01:20:32 | INFO | Saved 2025-09-30: 378 candles -> data/raw/breeze\RELIND\1m\2025\09\2025-09-30.json
2026-08-14 01:20:32 | INFO | Next trading day: 2025-10-01
2026-08-14 01:20:32 | INFO | Waiting 1.0 seconds...
2026-08-14 01:20:33 | INFO | 
2026-08-14 01:20:33 | INFO | ======================================================================
2026-08-14 01:20:33 | INFO | CHUNK #549
2026-08-14 01:20:33 | INFO | Trading days: 2025-10-01 -> 2025-10-02
2026-08-14 01:20:33 | INFO | Request: 2025-10-01T09:00:00.000Z -> 2025-10-02T15:45:00.000Z
2026-08-14 01:20:33 | INFO | ======================================================================
2026-08-14 01:20:33 | INFO | API request: 2025-10-01T09:00:00.000Z -> 2025-10-02T15:45:00.000Z (attempt 1/3)
2026-08-14 01:20:33 | INFO | Breeze returned 378 candles.
2026-08-14 01:20:33 | INFO | First candle : 2025-10-01 09:07:00
2026-08-14 01:20:33 | INFO | Last candle  : 2025-10-01 15:31:00
2026-08-14 01:20:33 | INFO | Saved 2025-10-01: 378 candles -> data/raw/breeze\RELIND\1m\2025\10\2025-10-01.json
2026-08-14 01:20:33 | INFO | Saved 2025-10-02: 0 candles -> data/raw/breeze\RELIND\1m\2025\10\2025-10-02.json
2026-08-14 01:20:33 | INFO | Next trading day: 2025-10-03
2026-08-14 01:20:33 | INFO | Waiting 1.0 seconds...
2026-08-14 01:20:34 | INFO | 
2026-08-14 01:20:34 | INFO | ======================================================================
2026-08-14 01:20:34 | INFO | CHUNK #550
2026-08-14 01:20:34 | INFO | Trading days: 2025-10-03 -> 2025-10-03
2026-08-14 01:20:34 | INFO | Request: 2025-10-03T09:00:00.000Z -> 2025-10-03T15:45:00.000Z
2026-08-14 01:20:34 | INFO | ======================================================================
2026-08-14 01:20:34 | INFO | API request: 2025-10-03T09:00:00.000Z -> 2025-10-03T15:45:00.000Z (attempt 1/3)
2026-08-14 01:20:35 | INFO | Breeze returned 378 candles.
2026-08-14 01:20:35 | INFO | First candle : 2025-10-03 09:07:00
2026-08-14 01:20:35 | INFO | Last candle  : 2025-10-03 15:31:00
2026-08-14 01:20:35 | INFO | Saved 2025-10-03: 378 candles -> data/raw/breeze\RELIND\1m\2025\10\2025-10-03.json
2026-08-14 01:20:35 | INFO | Next trading day: 2025-10-06
2026-08-14 01:20:35 | INFO | Waiting 1.0 seconds...
2026-08-14 01:20:36 | INFO | 
2026-08-14 01:20:36 | INFO | ======================================================================
2026-08-14 01:20:36 | INFO | CHUNK #551
2026-08-14 01:20:36 | INFO | Trading days: 2025-10-06 -> 2025-10-07
2026-08-14 01:20:36 | INFO | Request: 2025-10-06T09:00:00.000Z -> 2025-10-07T15:45:00.000Z
2026-08-14 01:20:36 | INFO | ======================================================================
2026-08-14 01:20:36 | INFO | API request: 2025-10-06T09:00:00.000Z -> 2025-10-07T15:45:00.000Z (attempt 1/3)
2026-08-14 01:20:36 | INFO | Breeze returned 754 candles.
2026-08-14 01:20:36 | INFO | First candle : 2025-10-06 09:07:00
2026-08-14 01:20:36 | INFO | Last candle  : 2025-10-07 15:30:00
2026-08-14 01:20:36 | INFO | Saved 2025-10-06: 377 candles -> data/raw/breeze\RELIND\1m\2025\10\2025-10-06.json
2026-08-14 01:20:36 | INFO | Saved 2025-10-07: 377 candles -> data/raw/breeze\RELIND\1m\2025\10\2025-10-07.json
2026-08-14 01:20:36 | INFO | Next trading day: 2025-10-08
2026-08-14 01:20:36 | INFO | Waiting 1.0 seconds...
2026-08-14 01:20:37 | INFO | 
2026-08-14 01:20:37 | INFO | ======================================================================
2026-08-14 01:20:37 | INFO | CHUNK #552
2026-08-14 01:20:37 | INFO | Trading days: 2025-10-08 -> 2025-10-09
2026-08-14 01:20:37 | INFO | Request: 2025-10-08T09:00:00.000Z -> 2025-10-09T15:45:00.000Z
2026-08-14 01:20:37 | INFO | ======================================================================
2026-08-14 01:20:37 | INFO | API request: 2025-10-08T09:00:00.000Z -> 2025-10-09T15:45:00.000Z (attempt 1/3)
2026-08-14 01:20:37 | INFO | Breeze returned 756 candles.
2026-08-14 01:20:37 | INFO | First candle : 2025-10-08 09:07:00
2026-08-14 01:20:37 | INFO | Last candle  : 2025-10-09 15:34:00
2026-08-14 01:20:37 | INFO | Saved 2025-10-08: 377 candles -> data/raw/breeze\RELIND\1m\2025\10\2025-10-08.json
2026-08-14 01:20:37 | INFO | Saved 2025-10-09: 379 candles -> data/raw/breeze\RELIND\1m\2025\10\2025-10-09.json
2026-08-14 01:20:38 | INFO | Next trading day: 2025-10-10
2026-08-14 01:20:38 | INFO | Waiting 1.0 seconds...
2026-08-14 01:20:39 | INFO | 
2026-08-14 01:20:39 | INFO | ======================================================================
2026-08-14 01:20:39 | INFO | CHUNK #553
2026-08-14 01:20:39 | INFO | Trading days: 2025-10-10 -> 2025-10-10
2026-08-14 01:20:39 | INFO | Request: 2025-10-10T09:00:00.000Z -> 2025-10-10T15:45:00.000Z
2026-08-14 01:20:39 | INFO | ======================================================================
2026-08-14 01:20:39 | INFO | API request: 2025-10-10T09:00:00.000Z -> 2025-10-10T15:45:00.000Z (attempt 1/3)
2026-08-14 01:20:39 | INFO | Breeze returned 377 candles.
2026-08-14 01:20:39 | INFO | First candle : 2025-10-10 09:07:00
2026-08-14 01:20:39 | INFO | Last candle  : 2025-10-10 15:30:00
2026-08-14 01:20:39 | INFO | Saved 2025-10-10: 377 candles -> data/raw/breeze\RELIND\1m\2025\10\2025-10-10.json
2026-08-14 01:20:39 | INFO | Next trading day: 2025-10-13
2026-08-14 01:20:39 | INFO | Waiting 1.0 seconds...
2026-08-14 01:20:40 | INFO | 
2026-08-14 01:20:40 | INFO | ======================================================================
2026-08-14 01:20:40 | INFO | CHUNK #554
2026-08-14 01:20:40 | INFO | Trading days: 2025-10-13 -> 2025-10-14
2026-08-14 01:20:40 | INFO | Request: 2025-10-13T09:00:00.000Z -> 2025-10-14T15:45:00.000Z
2026-08-14 01:20:40 | INFO | ======================================================================
2026-08-14 01:20:40 | INFO | API request: 2025-10-13T09:00:00.000Z -> 2025-10-14T15:45:00.000Z (attempt 1/3)
2026-08-14 01:20:40 | INFO | Breeze returned 754 candles.
2026-08-14 01:20:40 | INFO | First candle : 2025-10-13 09:07:00
2026-08-14 01:20:40 | INFO | Last candle  : 2025-10-14 15:30:00
2026-08-14 01:20:40 | INFO | Saved 2025-10-13: 378 candles -> data/raw/breeze\RELIND\1m\2025\10\2025-10-13.json
2026-08-14 01:20:40 | INFO | Saved 2025-10-14: 376 candles -> data/raw/breeze\RELIND\1m\2025\10\2025-10-14.json
2026-08-14 01:20:40 | INFO | Next trading day: 2025-10-15
2026-08-14 01:20:40 | INFO | Waiting 1.0 seconds...
2026-08-14 01:20:41 | INFO | 
2026-08-14 01:20:41 | INFO | ======================================================================
2026-08-14 01:20:41 | INFO | CHUNK #555
2026-08-14 01:20:41 | INFO | Trading days: 2025-10-15 -> 2025-10-16
2026-08-14 01:20:41 | INFO | Request: 2025-10-15T09:00:00.000Z -> 2025-10-16T15:45:00.000Z
2026-08-14 01:20:41 | INFO | ======================================================================
2026-08-14 01:20:41 | INFO | API request: 2025-10-15T09:00:00.000Z -> 2025-10-16T15:45:00.000Z (attempt 1/3)
2026-08-14 01:20:42 | INFO | Breeze returned 755 candles.
2026-08-14 01:20:42 | INFO | First candle : 2025-10-15 09:07:00
2026-08-14 01:20:42 | INFO | Last candle  : 2025-10-16 15:31:00
2026-08-14 01:20:42 | INFO | Saved 2025-10-15: 377 candles -> data/raw/breeze\RELIND\1m\2025\10\2025-10-15.json
2026-08-14 01:20:42 | INFO | Saved 2025-10-16: 378 candles -> data/raw/breeze\RELIND\1m\2025\10\2025-10-16.json
2026-08-14 01:20:42 | INFO | Next trading day: 2025-10-17
2026-08-14 01:20:42 | INFO | Waiting 1.0 seconds...
2026-08-14 01:20:43 | INFO | 
2026-08-14 01:20:43 | INFO | ======================================================================
2026-08-14 01:20:43 | INFO | CHUNK #556
2026-08-14 01:20:43 | INFO | Trading days: 2025-10-17 -> 2025-10-17
2026-08-14 01:20:43 | INFO | Request: 2025-10-17T09:00:00.000Z -> 2025-10-17T15:45:00.000Z
2026-08-14 01:20:43 | INFO | ======================================================================
2026-08-14 01:20:43 | INFO | API request: 2025-10-17T09:00:00.000Z -> 2025-10-17T15:45:00.000Z (attempt 1/3)
2026-08-14 01:20:43 | INFO | Breeze returned 377 candles.
2026-08-14 01:20:43 | INFO | First candle : 2025-10-17 09:07:00
2026-08-14 01:20:43 | INFO | Last candle  : 2025-10-17 15:30:00
2026-08-14 01:20:43 | INFO | Saved 2025-10-17: 377 candles -> data/raw/breeze\RELIND\1m\2025\10\2025-10-17.json
2026-08-14 01:20:43 | INFO | Next trading day: 2025-10-20
2026-08-14 01:20:43 | INFO | Waiting 1.0 seconds...
2026-08-14 01:20:44 | INFO | 
2026-08-14 01:20:44 | INFO | ======================================================================
2026-08-14 01:20:44 | INFO | CHUNK #557
2026-08-14 01:20:44 | INFO | Trading days: 2025-10-20 -> 2025-10-21
2026-08-14 01:20:44 | INFO | Request: 2025-10-20T09:00:00.000Z -> 2025-10-21T15:45:00.000Z
2026-08-14 01:20:44 | INFO | ======================================================================
2026-08-14 01:20:44 | INFO | API request: 2025-10-20T09:00:00.000Z -> 2025-10-21T15:45:00.000Z (attempt 1/3)
2026-08-14 01:20:44 | INFO | Breeze returned 450 candles.
2026-08-14 01:20:44 | INFO | First candle : 2025-10-20 09:07:00
2026-08-14 01:20:44 | INFO | Last candle  : 2025-10-21 15:04:00
2026-08-14 01:20:44 | INFO | Saved 2025-10-20: 377 candles -> data/raw/breeze\RELIND\1m\2025\10\2025-10-20.json
2026-08-14 01:20:44 | INFO | Saved 2025-10-21: 73 candles -> data/raw/breeze\RELIND\1m\2025\10\2025-10-21.json
2026-08-14 01:20:44 | INFO | Next trading day: 2025-10-22
2026-08-14 01:20:44 | INFO | Waiting 1.0 seconds...
2026-08-14 01:20:45 | INFO | 
2026-08-14 01:20:45 | INFO | ======================================================================
2026-08-14 01:20:45 | INFO | CHUNK #558
2026-08-14 01:20:45 | INFO | Trading days: 2025-10-22 -> 2025-10-23
2026-08-14 01:20:45 | INFO | Request: 2025-10-22T09:00:00.000Z -> 2025-10-23T15:45:00.000Z
2026-08-14 01:20:45 | INFO | ======================================================================
2026-08-14 01:20:45 | INFO | API request: 2025-10-22T09:00:00.000Z -> 2025-10-23T15:45:00.000Z (attempt 1/3)
2026-08-14 01:20:45 | INFO | Breeze returned 378 candles.
2026-08-14 01:20:45 | INFO | First candle : 2025-10-23 09:07:00
2026-08-14 01:20:45 | INFO | Last candle  : 2025-10-23 15:31:00
2026-08-14 01:20:45 | INFO | Saved 2025-10-22: 0 candles -> data/raw/breeze\RELIND\1m\2025\10\2025-10-22.json
2026-08-14 01:20:45 | INFO | Saved 2025-10-23: 378 candles -> data/raw/breeze\RELIND\1m\2025\10\2025-10-23.json
2026-08-14 01:20:45 | INFO | Next trading day: 2025-10-24
2026-08-14 01:20:45 | INFO | Waiting 1.0 seconds...
2026-08-14 01:20:46 | INFO | 
2026-08-14 01:20:46 | INFO | ======================================================================
2026-08-14 01:20:46 | INFO | CHUNK #559
2026-08-14 01:20:46 | INFO | Trading days: 2025-10-24 -> 2025-10-24
2026-08-14 01:20:46 | INFO | Request: 2025-10-24T09:00:00.000Z -> 2025-10-24T15:45:00.000Z
2026-08-14 01:20:46 | INFO | ======================================================================
2026-08-14 01:20:46 | INFO | API request: 2025-10-24T09:00:00.000Z -> 2025-10-24T15:45:00.000Z (attempt 1/3)
2026-08-14 01:20:47 | INFO | Breeze returned 378 candles.
2026-08-14 01:20:47 | INFO | First candle : 2025-10-24 09:07:00
2026-08-14 01:20:47 | INFO | Last candle  : 2025-10-24 15:31:00
2026-08-14 01:20:47 | INFO | Saved 2025-10-24: 378 candles -> data/raw/breeze\RELIND\1m\2025\10\2025-10-24.json
2026-08-14 01:20:47 | INFO | Next trading day: 2025-10-27
2026-08-14 01:20:47 | INFO | Waiting 1.0 seconds...
2026-08-14 01:20:48 | INFO | 
2026-08-14 01:20:48 | INFO | ======================================================================
2026-08-14 01:20:48 | INFO | CHUNK #560
2026-08-14 01:20:48 | INFO | Trading days: 2025-10-27 -> 2025-10-28
2026-08-14 01:20:48 | INFO | Request: 2025-10-27T09:00:00.000Z -> 2025-10-28T15:45:00.000Z
2026-08-14 01:20:48 | INFO | ======================================================================
2026-08-14 01:20:48 | INFO | API request: 2025-10-27T09:00:00.000Z -> 2025-10-28T15:45:00.000Z (attempt 1/3)
2026-08-14 01:20:48 | INFO | Breeze returned 755 candles.
2026-08-14 01:20:48 | INFO | First candle : 2025-10-27 09:07:00
2026-08-14 01:20:48 | INFO | Last candle  : 2025-10-28 15:30:00
2026-08-14 01:20:48 | INFO | Saved 2025-10-27: 378 candles -> data/raw/breeze\RELIND\1m\2025\10\2025-10-27.json
2026-08-14 01:20:48 | INFO | Saved 2025-10-28: 377 candles -> data/raw/breeze\RELIND\1m\2025\10\2025-10-28.json
2026-08-14 01:20:48 | INFO | Next trading day: 2025-10-29
2026-08-14 01:20:48 | INFO | Waiting 1.0 seconds...
2026-08-14 01:20:49 | INFO | 
2026-08-14 01:20:49 | INFO | ======================================================================
2026-08-14 01:20:49 | INFO | CHUNK #561
2026-08-14 01:20:49 | INFO | Trading days: 2025-10-29 -> 2025-10-30
2026-08-14 01:20:49 | INFO | Request: 2025-10-29T09:00:00.000Z -> 2025-10-30T15:45:00.000Z
2026-08-14 01:20:49 | INFO | ======================================================================
2026-08-14 01:20:49 | INFO | API request: 2025-10-29T09:00:00.000Z -> 2025-10-30T15:45:00.000Z (attempt 1/3)
2026-08-14 01:20:50 | INFO | Breeze returned 754 candles.
2026-08-14 01:20:50 | INFO | First candle : 2025-10-29 09:07:00
2026-08-14 01:20:50 | INFO | Last candle  : 2025-10-30 15:30:00
2026-08-14 01:20:50 | INFO | Saved 2025-10-29: 377 candles -> data/raw/breeze\RELIND\1m\2025\10\2025-10-29.json
2026-08-14 01:20:50 | INFO | Saved 2025-10-30: 377 candles -> data/raw/breeze\RELIND\1m\2025\10\2025-10-30.json
2026-08-14 01:20:50 | INFO | Next trading day: 2025-10-31
2026-08-14 01:20:50 | INFO | Waiting 1.0 seconds...
2026-08-14 01:20:51 | INFO | 
2026-08-14 01:20:51 | INFO | ======================================================================
2026-08-14 01:20:51 | INFO | CHUNK #562
2026-08-14 01:20:51 | INFO | Trading days: 2025-10-31 -> 2025-10-31
2026-08-14 01:20:51 | INFO | Request: 2025-10-31T09:00:00.000Z -> 2025-10-31T15:45:00.000Z
2026-08-14 01:20:51 | INFO | ======================================================================
2026-08-14 01:20:51 | INFO | API request: 2025-10-31T09:00:00.000Z -> 2025-10-31T15:45:00.000Z (attempt 1/3)
2026-08-14 01:20:51 | INFO | Breeze returned 378 candles.
2026-08-14 01:20:51 | INFO | First candle : 2025-10-31 09:07:00
2026-08-14 01:20:51 | INFO | Last candle  : 2025-10-31 15:31:00
2026-08-14 01:20:51 | INFO | Saved 2025-10-31: 378 candles -> data/raw/breeze\RELIND\1m\2025\10\2025-10-31.json
2026-08-14 01:20:51 | INFO | Next trading day: 2025-11-03
2026-08-14 01:20:51 | INFO | Waiting 1.0 seconds...
2026-08-14 01:20:52 | INFO | 
2026-08-14 01:20:52 | INFO | ======================================================================
2026-08-14 01:20:52 | INFO | CHUNK #563
2026-08-14 01:20:52 | INFO | Trading days: 2025-11-03 -> 2025-11-04
2026-08-14 01:20:52 | INFO | Request: 2025-11-03T09:00:00.000Z -> 2025-11-04T15:45:00.000Z
2026-08-14 01:20:52 | INFO | ======================================================================
2026-08-14 01:20:52 | INFO | API request: 2025-11-03T09:00:00.000Z -> 2025-11-04T15:45:00.000Z (attempt 1/3)
2026-08-14 01:20:52 | INFO | Breeze returned 756 candles.
2026-08-14 01:20:52 | INFO | First candle : 2025-11-03 09:07:00
2026-08-14 01:20:52 | INFO | Last candle  : 2025-11-04 15:31:00
2026-08-14 01:20:52 | INFO | Saved 2025-11-03: 378 candles -> data/raw/breeze\RELIND\1m\2025\11\2025-11-03.json
2026-08-14 01:20:52 | INFO | Saved 2025-11-04: 378 candles -> data/raw/breeze\RELIND\1m\2025\11\2025-11-04.json
2026-08-14 01:20:52 | INFO | Next trading day: 2025-11-05
2026-08-14 01:20:52 | INFO | Waiting 1.0 seconds...
2026-08-14 01:20:53 | INFO | 
2026-08-14 01:20:53 | INFO | ======================================================================
2026-08-14 01:20:53 | INFO | CHUNK #564
2026-08-14 01:20:53 | INFO | Trading days: 2025-11-05 -> 2025-11-06
2026-08-14 01:20:53 | INFO | Request: 2025-11-05T09:00:00.000Z -> 2025-11-06T15:45:00.000Z
2026-08-14 01:20:53 | INFO | ======================================================================
2026-08-14 01:20:53 | INFO | API request: 2025-11-05T09:00:00.000Z -> 2025-11-06T15:45:00.000Z (attempt 1/3)
2026-08-14 01:20:53 | INFO | Breeze returned 377 candles.
2026-08-14 01:20:53 | INFO | First candle : 2025-11-06 09:07:00
2026-08-14 01:20:53 | INFO | Last candle  : 2025-11-06 15:30:00
2026-08-14 01:20:53 | INFO | Saved 2025-11-05: 0 candles -> data/raw/breeze\RELIND\1m\2025\11\2025-11-05.json
2026-08-14 01:20:53 | INFO | Saved 2025-11-06: 377 candles -> data/raw/breeze\RELIND\1m\2025\11\2025-11-06.json
2026-08-14 01:20:53 | INFO | Next trading day: 2025-11-07
2026-08-14 01:20:53 | INFO | Waiting 1.0 seconds...
2026-08-14 01:20:54 | INFO | 
2026-08-14 01:20:54 | INFO | ======================================================================
2026-08-14 01:20:54 | INFO | CHUNK #565
2026-08-14 01:20:54 | INFO | Trading days: 2025-11-07 -> 2025-11-07
2026-08-14 01:20:54 | INFO | Request: 2025-11-07T09:00:00.000Z -> 2025-11-07T15:45:00.000Z
2026-08-14 01:20:54 | INFO | ======================================================================
2026-08-14 01:20:54 | INFO | API request: 2025-11-07T09:00:00.000Z -> 2025-11-07T15:45:00.000Z (attempt 1/3)
2026-08-14 01:20:55 | INFO | Breeze returned 377 candles.
2026-08-14 01:20:55 | INFO | First candle : 2025-11-07 09:07:00
2026-08-14 01:20:55 | INFO | Last candle  : 2025-11-07 15:30:00
2026-08-14 01:20:55 | INFO | Saved 2025-11-07: 377 candles -> data/raw/breeze\RELIND\1m\2025\11\2025-11-07.json
2026-08-14 01:20:55 | INFO | Next trading day: 2025-11-10
2026-08-14 01:20:55 | INFO | Waiting 1.0 seconds...
2026-08-14 01:20:56 | INFO | 
2026-08-14 01:20:56 | INFO | ======================================================================
2026-08-14 01:20:56 | INFO | CHUNK #566
2026-08-14 01:20:56 | INFO | Trading days: 2025-11-10 -> 2025-11-11
2026-08-14 01:20:56 | INFO | Request: 2025-11-10T09:00:00.000Z -> 2025-11-11T15:45:00.000Z
2026-08-14 01:20:56 | INFO | ======================================================================
2026-08-14 01:20:56 | INFO | API request: 2025-11-10T09:00:00.000Z -> 2025-11-11T15:45:00.000Z (attempt 1/3)
2026-08-14 01:20:56 | INFO | Breeze returned 756 candles.
2026-08-14 01:20:56 | INFO | First candle : 2025-11-10 09:07:00
2026-08-14 01:20:56 | INFO | Last candle  : 2025-11-11 15:31:00
2026-08-14 01:20:56 | INFO | Saved 2025-11-10: 378 candles -> data/raw/breeze\RELIND\1m\2025\11\2025-11-10.json
2026-08-14 01:20:56 | INFO | Saved 2025-11-11: 378 candles -> data/raw/breeze\RELIND\1m\2025\11\2025-11-11.json
2026-08-14 01:20:56 | INFO | Next trading day: 2025-11-12
2026-08-14 01:20:56 | INFO | Waiting 1.0 seconds...
2026-08-14 01:20:57 | INFO | 
2026-08-14 01:20:57 | INFO | ======================================================================
2026-08-14 01:20:57 | INFO | CHUNK #567
2026-08-14 01:20:57 | INFO | Trading days: 2025-11-12 -> 2025-11-13
2026-08-14 01:20:57 | INFO | Request: 2025-11-12T09:00:00.000Z -> 2025-11-13T15:45:00.000Z
2026-08-14 01:20:57 | INFO | ======================================================================
2026-08-14 01:20:57 | INFO | API request: 2025-11-12T09:00:00.000Z -> 2025-11-13T15:45:00.000Z (attempt 1/3)
2026-08-14 01:20:57 | INFO | Breeze returned 755 candles.
2026-08-14 01:20:57 | INFO | First candle : 2025-11-12 09:07:00
2026-08-14 01:20:57 | INFO | Last candle  : 2025-11-13 15:30:00
2026-08-14 01:20:57 | INFO | Saved 2025-11-12: 378 candles -> data/raw/breeze\RELIND\1m\2025\11\2025-11-12.json
2026-08-14 01:20:57 | INFO | Saved 2025-11-13: 377 candles -> data/raw/breeze\RELIND\1m\2025\11\2025-11-13.json
2026-08-14 01:20:57 | INFO | Next trading day: 2025-11-14
2026-08-14 01:20:57 | INFO | Waiting 1.0 seconds...
2026-08-14 01:20:58 | INFO | 
2026-08-14 01:20:58 | INFO | ======================================================================
2026-08-14 01:20:58 | INFO | CHUNK #568
2026-08-14 01:20:58 | INFO | Trading days: 2025-11-14 -> 2025-11-14
2026-08-14 01:20:58 | INFO | Request: 2025-11-14T09:00:00.000Z -> 2025-11-14T15:45:00.000Z
2026-08-14 01:20:58 | INFO | ======================================================================
2026-08-14 01:20:58 | INFO | API request: 2025-11-14T09:00:00.000Z -> 2025-11-14T15:45:00.000Z (attempt 1/3)
2026-08-14 01:20:59 | INFO | Breeze returned 378 candles.
2026-08-14 01:20:59 | INFO | First candle : 2025-11-14 09:07:00
2026-08-14 01:20:59 | INFO | Last candle  : 2025-11-14 15:31:00
2026-08-14 01:20:59 | INFO | Saved 2025-11-14: 378 candles -> data/raw/breeze\RELIND\1m\2025\11\2025-11-14.json
2026-08-14 01:20:59 | INFO | Next trading day: 2025-11-17
2026-08-14 01:20:59 | INFO | Waiting 1.0 seconds...
2026-08-14 01:21:00 | INFO | 
2026-08-14 01:21:00 | INFO | ======================================================================
2026-08-14 01:21:00 | INFO | CHUNK #569
2026-08-14 01:21:00 | INFO | Trading days: 2025-11-17 -> 2025-11-18
2026-08-14 01:21:00 | INFO | Request: 2025-11-17T09:00:00.000Z -> 2025-11-18T15:45:00.000Z
2026-08-14 01:21:00 | INFO | ======================================================================
2026-08-14 01:21:00 | INFO | API request: 2025-11-17T09:00:00.000Z -> 2025-11-18T15:45:00.000Z (attempt 1/3)
2026-08-14 01:21:00 | INFO | Breeze returned 756 candles.
2026-08-14 01:21:00 | INFO | First candle : 2025-11-17 09:07:00
2026-08-14 01:21:00 | INFO | Last candle  : 2025-11-18 15:31:00
2026-08-14 01:21:00 | INFO | Saved 2025-11-17: 378 candles -> data/raw/breeze\RELIND\1m\2025\11\2025-11-17.json
2026-08-14 01:21:00 | INFO | Saved 2025-11-18: 378 candles -> data/raw/breeze\RELIND\1m\2025\11\2025-11-18.json
2026-08-14 01:21:00 | INFO | Next trading day: 2025-11-19
2026-08-14 01:21:00 | INFO | Waiting 1.0 seconds...
2026-08-14 01:21:01 | INFO | 
2026-08-14 01:21:01 | INFO | ======================================================================
2026-08-14 01:21:01 | INFO | CHUNK #570
2026-08-14 01:21:01 | INFO | Trading days: 2025-11-19 -> 2025-11-20
2026-08-14 01:21:01 | INFO | Request: 2025-11-19T09:00:00.000Z -> 2025-11-20T15:45:00.000Z
2026-08-14 01:21:01 | INFO | ======================================================================
2026-08-14 01:21:01 | INFO | API request: 2025-11-19T09:00:00.000Z -> 2025-11-20T15:45:00.000Z (attempt 1/3)
2026-08-14 01:21:01 | INFO | Breeze returned 756 candles.
2026-08-14 01:21:01 | INFO | First candle : 2025-11-19 09:07:00
2026-08-14 01:21:01 | INFO | Last candle  : 2025-11-20 15:31:00
2026-08-14 01:21:01 | INFO | Saved 2025-11-19: 378 candles -> data/raw/breeze\RELIND\1m\2025\11\2025-11-19.json
2026-08-14 01:21:01 | INFO | Saved 2025-11-20: 378 candles -> data/raw/breeze\RELIND\1m\2025\11\2025-11-20.json
2026-08-14 01:21:01 | INFO | Next trading day: 2025-11-21
2026-08-14 01:21:01 | INFO | Waiting 1.0 seconds...
2026-08-14 01:21:02 | INFO | 
2026-08-14 01:21:02 | INFO | ======================================================================
2026-08-14 01:21:02 | INFO | CHUNK #571
2026-08-14 01:21:02 | INFO | Trading days: 2025-11-21 -> 2025-11-21
2026-08-14 01:21:02 | INFO | Request: 2025-11-21T09:00:00.000Z -> 2025-11-21T15:45:00.000Z
2026-08-14 01:21:02 | INFO | ======================================================================
2026-08-14 01:21:02 | INFO | API request: 2025-11-21T09:00:00.000Z -> 2025-11-21T15:45:00.000Z (attempt 1/3)
2026-08-14 01:21:03 | INFO | Breeze returned 378 candles.
2026-08-14 01:21:03 | INFO | First candle : 2025-11-21 09:07:00
2026-08-14 01:21:03 | INFO | Last candle  : 2025-11-21 15:31:00
2026-08-14 01:21:03 | INFO | Saved 2025-11-21: 378 candles -> data/raw/breeze\RELIND\1m\2025\11\2025-11-21.json
2026-08-14 01:21:03 | INFO | Next trading day: 2025-11-24
2026-08-14 01:21:03 | INFO | Waiting 1.0 seconds...
2026-08-14 01:21:04 | INFO | 
2026-08-14 01:21:04 | INFO | ======================================================================
2026-08-14 01:21:04 | INFO | CHUNK #572
2026-08-14 01:21:04 | INFO | Trading days: 2025-11-24 -> 2025-11-25
2026-08-14 01:21:04 | INFO | Request: 2025-11-24T09:00:00.000Z -> 2025-11-25T15:45:00.000Z
2026-08-14 01:21:04 | INFO | ======================================================================
2026-08-14 01:21:04 | INFO | API request: 2025-11-24T09:00:00.000Z -> 2025-11-25T15:45:00.000Z (attempt 1/3)
2026-08-14 01:21:04 | INFO | Breeze returned 756 candles.
2026-08-14 01:21:04 | INFO | First candle : 2025-11-24 09:07:00
2026-08-14 01:21:04 | INFO | Last candle  : 2025-11-25 15:31:00
2026-08-14 01:21:04 | INFO | Saved 2025-11-24: 378 candles -> data/raw/breeze\RELIND\1m\2025\11\2025-11-24.json
2026-08-14 01:21:04 | INFO | Saved 2025-11-25: 378 candles -> data/raw/breeze\RELIND\1m\2025\11\2025-11-25.json
2026-08-14 01:21:04 | INFO | Next trading day: 2025-11-26
2026-08-14 01:21:04 | INFO | Waiting 1.0 seconds...
2026-08-14 01:21:05 | INFO | 
2026-08-14 01:21:05 | INFO | ======================================================================
2026-08-14 01:21:05 | INFO | CHUNK #573
2026-08-14 01:21:05 | INFO | Trading days: 2025-11-26 -> 2025-11-27
2026-08-14 01:21:05 | INFO | Request: 2025-11-26T09:00:00.000Z -> 2025-11-27T15:45:00.000Z
2026-08-14 01:21:05 | INFO | ======================================================================
2026-08-14 01:21:05 | INFO | API request: 2025-11-26T09:00:00.000Z -> 2025-11-27T15:45:00.000Z (attempt 1/3)
2026-08-14 01:21:06 | INFO | Breeze returned 755 candles.
2026-08-14 01:21:06 | INFO | First candle : 2025-11-26 09:07:00
2026-08-14 01:21:06 | INFO | Last candle  : 2025-11-27 15:30:00
2026-08-14 01:21:06 | INFO | Saved 2025-11-26: 378 candles -> data/raw/breeze\RELIND\1m\2025\11\2025-11-26.json
2026-08-14 01:21:06 | INFO | Saved 2025-11-27: 377 candles -> data/raw/breeze\RELIND\1m\2025\11\2025-11-27.json
2026-08-14 01:21:06 | INFO | Next trading day: 2025-11-28
2026-08-14 01:21:06 | INFO | Waiting 1.0 seconds...
2026-08-14 01:21:07 | INFO | 
2026-08-14 01:21:07 | INFO | ======================================================================
2026-08-14 01:21:07 | INFO | CHUNK #574
2026-08-14 01:21:07 | INFO | Trading days: 2025-11-28 -> 2025-11-28
2026-08-14 01:21:07 | INFO | Request: 2025-11-28T09:00:00.000Z -> 2025-11-28T15:45:00.000Z
2026-08-14 01:21:07 | INFO | ======================================================================
2026-08-14 01:21:07 | INFO | API request: 2025-11-28T09:00:00.000Z -> 2025-11-28T15:45:00.000Z (attempt 1/3)
2026-08-14 01:21:07 | INFO | Breeze returned 377 candles.
2026-08-14 01:21:07 | INFO | First candle : 2025-11-28 09:07:00
2026-08-14 01:21:07 | INFO | Last candle  : 2025-11-28 15:30:00
2026-08-14 01:21:07 | INFO | Saved 2025-11-28: 377 candles -> data/raw/breeze\RELIND\1m\2025\11\2025-11-28.json
2026-08-14 01:21:07 | INFO | Next trading day: 2025-12-01
2026-08-14 01:21:07 | INFO | Waiting 1.0 seconds...
2026-08-14 01:21:08 | INFO | 
2026-08-14 01:21:08 | INFO | ======================================================================
2026-08-14 01:21:08 | INFO | CHUNK #575
2026-08-14 01:21:08 | INFO | Trading days: 2025-12-01 -> 2025-12-02
2026-08-14 01:21:08 | INFO | Request: 2025-12-01T09:00:00.000Z -> 2025-12-02T15:45:00.000Z
2026-08-14 01:21:08 | INFO | ======================================================================
2026-08-14 01:21:08 | INFO | API request: 2025-12-01T09:00:00.000Z -> 2025-12-02T15:45:00.000Z (attempt 1/3)
2026-08-14 01:21:08 | INFO | Breeze returned 757 candles.
2026-08-14 01:21:08 | INFO | First candle : 2025-12-01 09:07:00
2026-08-14 01:21:08 | INFO | Last candle  : 2025-12-02 15:31:00
2026-08-14 01:21:08 | INFO | Saved 2025-12-01: 379 candles -> data/raw/breeze\RELIND\1m\2025\12\2025-12-01.json
2026-08-14 01:21:08 | INFO | Saved 2025-12-02: 378 candles -> data/raw/breeze\RELIND\1m\2025\12\2025-12-02.json
2026-08-14 01:21:08 | INFO | Next trading day: 2025-12-03
2026-08-14 01:21:08 | INFO | Waiting 1.0 seconds...
2026-08-14 01:21:09 | INFO | 
2026-08-14 01:21:09 | INFO | ======================================================================
2026-08-14 01:21:09 | INFO | CHUNK #576
2026-08-14 01:21:09 | INFO | Trading days: 2025-12-03 -> 2025-12-04
2026-08-14 01:21:09 | INFO | Request: 2025-12-03T09:00:00.000Z -> 2025-12-04T15:45:00.000Z
2026-08-14 01:21:09 | INFO | ======================================================================
2026-08-14 01:21:09 | INFO | API request: 2025-12-03T09:00:00.000Z -> 2025-12-04T15:45:00.000Z (attempt 1/3)
2026-08-14 01:21:09 | INFO | Breeze returned 755 candles.
2026-08-14 01:21:09 | INFO | First candle : 2025-12-03 09:07:00
2026-08-14 01:21:09 | INFO | Last candle  : 2025-12-04 15:30:00
2026-08-14 01:21:09 | INFO | Saved 2025-12-03: 378 candles -> data/raw/breeze\RELIND\1m\2025\12\2025-12-03.json
2026-08-14 01:21:09 | INFO | Saved 2025-12-04: 377 candles -> data/raw/breeze\RELIND\1m\2025\12\2025-12-04.json
2026-08-14 01:21:09 | INFO | Next trading day: 2025-12-05
2026-08-14 01:21:09 | INFO | Waiting 1.0 seconds...
2026-08-14 01:21:10 | INFO | 
2026-08-14 01:21:10 | INFO | ======================================================================
2026-08-14 01:21:10 | INFO | CHUNK #577
2026-08-14 01:21:10 | INFO | Trading days: 2025-12-05 -> 2025-12-05
2026-08-14 01:21:10 | INFO | Request: 2025-12-05T09:00:00.000Z -> 2025-12-05T15:45:00.000Z
2026-08-14 01:21:10 | INFO | ======================================================================
2026-08-14 01:21:10 | INFO | API request: 2025-12-05T09:00:00.000Z -> 2025-12-05T15:45:00.000Z (attempt 1/3)
2026-08-14 01:21:11 | INFO | Breeze returned 378 candles.
2026-08-14 01:21:11 | INFO | First candle : 2025-12-05 09:07:00
2026-08-14 01:21:11 | INFO | Last candle  : 2025-12-05 15:31:00
2026-08-14 01:21:11 | INFO | Saved 2025-12-05: 378 candles -> data/raw/breeze\RELIND\1m\2025\12\2025-12-05.json
2026-08-14 01:21:11 | INFO | Next trading day: 2025-12-08
2026-08-14 01:21:11 | INFO | Waiting 1.0 seconds...
2026-08-14 01:21:12 | INFO | 
2026-08-14 01:21:12 | INFO | ======================================================================
2026-08-14 01:21:12 | INFO | CHUNK #578
2026-08-14 01:21:12 | INFO | Trading days: 2025-12-08 -> 2025-12-09
2026-08-14 01:21:12 | INFO | Request: 2025-12-08T09:00:00.000Z -> 2025-12-09T15:45:00.000Z
2026-08-14 01:21:12 | INFO | ======================================================================
2026-08-14 01:21:12 | INFO | API request: 2025-12-08T09:00:00.000Z -> 2025-12-09T15:45:00.000Z (attempt 1/3)
2026-08-14 01:21:13 | INFO | Breeze returned 756 candles.
2026-08-14 01:21:13 | INFO | First candle : 2025-12-08 09:07:00
2026-08-14 01:21:13 | INFO | Last candle  : 2025-12-09 15:31:00
2026-08-14 01:21:13 | INFO | Saved 2025-12-08: 378 candles -> data/raw/breeze\RELIND\1m\2025\12\2025-12-08.json
2026-08-14 01:21:13 | INFO | Saved 2025-12-09: 378 candles -> data/raw/breeze\RELIND\1m\2025\12\2025-12-09.json
2026-08-14 01:21:13 | INFO | Next trading day: 2025-12-10
2026-08-14 01:21:13 | INFO | Waiting 1.0 seconds...
2026-08-14 01:21:14 | INFO | 
2026-08-14 01:21:14 | INFO | ======================================================================
2026-08-14 01:21:14 | INFO | CHUNK #579
2026-08-14 01:21:14 | INFO | Trading days: 2025-12-10 -> 2025-12-11
2026-08-14 01:21:14 | INFO | Request: 2025-12-10T09:00:00.000Z -> 2025-12-11T15:45:00.000Z
2026-08-14 01:21:14 | INFO | ======================================================================
2026-08-14 01:21:14 | INFO | API request: 2025-12-10T09:00:00.000Z -> 2025-12-11T15:45:00.000Z (attempt 1/3)
2026-08-14 01:21:14 | INFO | Breeze returned 756 candles.
2026-08-14 01:21:14 | INFO | First candle : 2025-12-10 09:07:00
2026-08-14 01:21:14 | INFO | Last candle  : 2025-12-11 15:31:00
2026-08-14 01:21:14 | INFO | Saved 2025-12-10: 378 candles -> data/raw/breeze\RELIND\1m\2025\12\2025-12-10.json
2026-08-14 01:21:14 | INFO | Saved 2025-12-11: 378 candles -> data/raw/breeze\RELIND\1m\2025\12\2025-12-11.json
2026-08-14 01:21:14 | INFO | Next trading day: 2025-12-12
2026-08-14 01:21:14 | INFO | Waiting 1.0 seconds...
2026-08-14 01:21:15 | INFO | 
2026-08-14 01:21:15 | INFO | ======================================================================
2026-08-14 01:21:15 | INFO | CHUNK #580
2026-08-14 01:21:15 | INFO | Trading days: 2025-12-12 -> 2025-12-12
2026-08-14 01:21:15 | INFO | Request: 2025-12-12T09:00:00.000Z -> 2025-12-12T15:45:00.000Z
2026-08-14 01:21:15 | INFO | ======================================================================
2026-08-14 01:21:15 | INFO | API request: 2025-12-12T09:00:00.000Z -> 2025-12-12T15:45:00.000Z (attempt 1/3)
2026-08-14 01:21:16 | INFO | Breeze returned 378 candles.
2026-08-14 01:21:16 | INFO | First candle : 2025-12-12 09:07:00
2026-08-14 01:21:16 | INFO | Last candle  : 2025-12-12 15:31:00
2026-08-14 01:21:16 | INFO | Saved 2025-12-12: 378 candles -> data/raw/breeze\RELIND\1m\2025\12\2025-12-12.json
2026-08-14 01:21:16 | INFO | Next trading day: 2025-12-15
2026-08-14 01:21:16 | INFO | Waiting 1.0 seconds...
2026-08-14 01:21:17 | INFO | 
2026-08-14 01:21:17 | INFO | ======================================================================
2026-08-14 01:21:17 | INFO | CHUNK #581
2026-08-14 01:21:17 | INFO | Trading days: 2025-12-15 -> 2025-12-16
2026-08-14 01:21:17 | INFO | Request: 2025-12-15T09:00:00.000Z -> 2025-12-16T15:45:00.000Z
2026-08-14 01:21:17 | INFO | ======================================================================
2026-08-14 01:21:17 | INFO | API request: 2025-12-15T09:00:00.000Z -> 2025-12-16T15:45:00.000Z (attempt 1/3)
2026-08-14 01:21:17 | INFO | Breeze returned 757 candles.
2026-08-14 01:21:17 | INFO | First candle : 2025-12-15 09:07:00
2026-08-14 01:21:17 | INFO | Last candle  : 2025-12-16 15:31:00
2026-08-14 01:21:17 | INFO | Saved 2025-12-15: 379 candles -> data/raw/breeze\RELIND\1m\2025\12\2025-12-15.json
2026-08-14 01:21:17 | INFO | Saved 2025-12-16: 378 candles -> data/raw/breeze\RELIND\1m\2025\12\2025-12-16.json
2026-08-14 01:21:17 | INFO | Next trading day: 2025-12-17
2026-08-14 01:21:17 | INFO | Waiting 1.0 seconds...
2026-08-14 01:21:18 | INFO | 
2026-08-14 01:21:18 | INFO | ======================================================================
2026-08-14 01:21:18 | INFO | CHUNK #582
2026-08-14 01:21:18 | INFO | Trading days: 2025-12-17 -> 2025-12-18
2026-08-14 01:21:18 | INFO | Request: 2025-12-17T09:00:00.000Z -> 2025-12-18T15:45:00.000Z
2026-08-14 01:21:18 | INFO | ======================================================================
2026-08-14 01:21:18 | INFO | API request: 2025-12-17T09:00:00.000Z -> 2025-12-18T15:45:00.000Z (attempt 1/3)
2026-08-14 01:21:18 | INFO | Breeze returned 756 candles.
2026-08-14 01:21:18 | INFO | First candle : 2025-12-17 09:07:00
2026-08-14 01:21:18 | INFO | Last candle  : 2025-12-18 15:31:00
2026-08-14 01:21:18 | INFO | Saved 2025-12-17: 378 candles -> data/raw/breeze\RELIND\1m\2025\12\2025-12-17.json
2026-08-14 01:21:18 | INFO | Saved 2025-12-18: 378 candles -> data/raw/breeze\RELIND\1m\2025\12\2025-12-18.json
2026-08-14 01:21:18 | INFO | Next trading day: 2025-12-19
2026-08-14 01:21:18 | INFO | Waiting 1.0 seconds...
2026-08-14 01:21:19 | INFO | 
2026-08-14 01:21:19 | INFO | ======================================================================
2026-08-14 01:21:19 | INFO | CHUNK #583
2026-08-14 01:21:19 | INFO | Trading days: 2025-12-19 -> 2025-12-19
2026-08-14 01:21:19 | INFO | Request: 2025-12-19T09:00:00.000Z -> 2025-12-19T15:45:00.000Z
2026-08-14 01:21:19 | INFO | ======================================================================
2026-08-14 01:21:19 | INFO | API request: 2025-12-19T09:00:00.000Z -> 2025-12-19T15:45:00.000Z (attempt 1/3)
2026-08-14 01:21:20 | INFO | Breeze returned 378 candles.
2026-08-14 01:21:20 | INFO | First candle : 2025-12-19 09:07:00
2026-08-14 01:21:20 | INFO | Last candle  : 2025-12-19 15:31:00
2026-08-14 01:21:20 | INFO | Saved 2025-12-19: 378 candles -> data/raw/breeze\RELIND\1m\2025\12\2025-12-19.json
2026-08-14 01:21:20 | INFO | Next trading day: 2025-12-22
2026-08-14 01:21:20 | INFO | Waiting 1.0 seconds...
2026-08-14 01:21:21 | INFO | 
2026-08-14 01:21:21 | INFO | ======================================================================
2026-08-14 01:21:21 | INFO | CHUNK #584
2026-08-14 01:21:21 | INFO | Trading days: 2025-12-22 -> 2025-12-23
2026-08-14 01:21:21 | INFO | Request: 2025-12-22T09:00:00.000Z -> 2025-12-23T15:45:00.000Z
2026-08-14 01:21:21 | INFO | ======================================================================
2026-08-14 01:21:21 | INFO | API request: 2025-12-22T09:00:00.000Z -> 2025-12-23T15:45:00.000Z (attempt 1/3)
2026-08-14 01:21:21 | INFO | Breeze returned 756 candles.
2026-08-14 01:21:21 | INFO | First candle : 2025-12-22 09:07:00
2026-08-14 01:21:21 | INFO | Last candle  : 2025-12-23 15:31:00
2026-08-14 01:21:21 | INFO | Saved 2025-12-22: 378 candles -> data/raw/breeze\RELIND\1m\2025\12\2025-12-22.json
2026-08-14 01:21:21 | INFO | Saved 2025-12-23: 378 candles -> data/raw/breeze\RELIND\1m\2025\12\2025-12-23.json
2026-08-14 01:21:21 | INFO | Next trading day: 2025-12-24
2026-08-14 01:21:21 | INFO | Waiting 1.0 seconds...
2026-08-14 01:21:22 | INFO | 
2026-08-14 01:21:22 | INFO | ======================================================================
2026-08-14 01:21:22 | INFO | CHUNK #585
2026-08-14 01:21:22 | INFO | Trading days: 2025-12-24 -> 2025-12-25
2026-08-14 01:21:22 | INFO | Request: 2025-12-24T09:00:00.000Z -> 2025-12-25T15:45:00.000Z
2026-08-14 01:21:22 | INFO | ======================================================================
2026-08-14 01:21:22 | INFO | API request: 2025-12-24T09:00:00.000Z -> 2025-12-25T15:45:00.000Z (attempt 1/3)
2026-08-14 01:21:23 | INFO | Breeze returned 378 candles.
2026-08-14 01:21:23 | INFO | First candle : 2025-12-24 09:07:00
2026-08-14 01:21:23 | INFO | Last candle  : 2025-12-24 15:31:00
2026-08-14 01:21:23 | INFO | Saved 2025-12-24: 378 candles -> data/raw/breeze\RELIND\1m\2025\12\2025-12-24.json
2026-08-14 01:21:23 | INFO | Saved 2025-12-25: 0 candles -> data/raw/breeze\RELIND\1m\2025\12\2025-12-25.json
2026-08-14 01:21:23 | INFO | Next trading day: 2025-12-26
2026-08-14 01:21:23 | INFO | Waiting 1.0 seconds...
2026-08-14 01:21:24 | INFO | 
2026-08-14 01:21:24 | INFO | ======================================================================
2026-08-14 01:21:24 | INFO | CHUNK #586
2026-08-14 01:21:24 | INFO | Trading days: 2025-12-26 -> 2025-12-26
2026-08-14 01:21:24 | INFO | Request: 2025-12-26T09:00:00.000Z -> 2025-12-26T15:45:00.000Z
2026-08-14 01:21:24 | INFO | ======================================================================
2026-08-14 01:21:24 | INFO | API request: 2025-12-26T09:00:00.000Z -> 2025-12-26T15:45:00.000Z (attempt 1/3)
2026-08-14 01:21:24 | INFO | Breeze returned 378 candles.
2026-08-14 01:21:24 | INFO | First candle : 2025-12-26 09:07:00
2026-08-14 01:21:24 | INFO | Last candle  : 2025-12-26 15:31:00
2026-08-14 01:21:24 | INFO | Saved 2025-12-26: 378 candles -> data/raw/breeze\RELIND\1m\2025\12\2025-12-26.json
2026-08-14 01:21:24 | INFO | Next trading day: 2025-12-29
2026-08-14 01:21:24 | INFO | Waiting 1.0 seconds...
2026-08-14 01:21:25 | INFO | 
2026-08-14 01:21:25 | INFO | ======================================================================
2026-08-14 01:21:25 | INFO | CHUNK #587
2026-08-14 01:21:25 | INFO | Trading days: 2025-12-29 -> 2025-12-30
2026-08-14 01:21:25 | INFO | Request: 2025-12-29T09:00:00.000Z -> 2025-12-30T15:45:00.000Z
2026-08-14 01:21:25 | INFO | ======================================================================
2026-08-14 01:21:25 | INFO | API request: 2025-12-29T09:00:00.000Z -> 2025-12-30T15:45:00.000Z (attempt 1/3)
2026-08-14 01:21:26 | INFO | Breeze returned 755 candles.
2026-08-14 01:21:26 | INFO | First candle : 2025-12-29 09:07:00
2026-08-14 01:21:26 | INFO | Last candle  : 2025-12-30 15:30:00
2026-08-14 01:21:26 | INFO | Saved 2025-12-29: 378 candles -> data/raw/breeze\RELIND\1m\2025\12\2025-12-29.json
2026-08-14 01:21:26 | INFO | Saved 2025-12-30: 377 candles -> data/raw/breeze\RELIND\1m\2025\12\2025-12-30.json
2026-08-14 01:21:26 | INFO | Next trading day: 2025-12-31
2026-08-14 01:21:26 | INFO | Waiting 1.0 seconds...
2026-08-14 01:21:27 | INFO | 
2026-08-14 01:21:27 | INFO | ======================================================================
2026-08-14 01:21:27 | INFO | CHUNK #588
2026-08-14 01:21:27 | INFO | Trading days: 2025-12-31 -> 2025-12-31
2026-08-14 01:21:27 | INFO | Request: 2025-12-31T09:00:00.000Z -> 2025-12-31T15:45:00.000Z
2026-08-14 01:21:27 | INFO | ======================================================================
2026-08-14 01:21:27 | INFO | API request: 2025-12-31T09:00:00.000Z -> 2025-12-31T15:45:00.000Z (attempt 1/3)
2026-08-14 01:21:27 | INFO | Breeze returned 377 candles.
2026-08-14 01:21:27 | INFO | First candle : 2025-12-31 09:07:00
2026-08-14 01:21:27 | INFO | Last candle  : 2025-12-31 15:30:00
2026-08-14 01:21:27 | INFO | Saved 2025-12-31: 377 candles -> data/raw/breeze\RELIND\1m\2025\12\2025-12-31.json
2026-08-14 01:21:27 | INFO | Next trading day: 2026-01-01
2026-08-14 01:21:27 | INFO | Waiting 1.0 seconds...
2026-08-14 01:21:28 | INFO | 2026-01-01 already downloaded. Skipping.
2026-08-14 01:21:28 | INFO | 2026-01-02 already downloaded. Skipping.
2026-08-14 01:21:28 | INFO | 2026-01-05 already downloaded. Skipping.
2026-08-14 01:21:28 | INFO | 2026-01-06 already downloaded. Skipping.
2026-08-14 01:21:28 | INFO | 2026-01-07 already downloaded. Skipping.
2026-08-14 01:21:28 | INFO | 2026-01-08 already downloaded. Skipping.
2026-08-14 01:21:28 | INFO | 2026-01-09 already downloaded. Skipping.
2026-08-14 01:21:28 | INFO | 2026-01-12 already downloaded. Skipping.
2026-08-14 01:21:28 | INFO | 2026-01-13 already downloaded. Skipping.
2026-08-14 01:21:28 | INFO | 2026-01-14 already downloaded. Skipping.
2026-08-14 01:21:28 | INFO | 
2026-08-14 01:21:28 | INFO | ======================================================================
2026-08-14 01:21:28 | INFO | CHUNK #589
2026-08-14 01:21:28 | INFO | Trading days: 2026-01-15 -> 2026-01-15
2026-08-14 01:21:28 | INFO | Request: 2026-01-15T09:00:00.000Z -> 2026-01-15T15:45:00.000Z
2026-08-14 01:21:28 | INFO | ======================================================================
2026-08-14 01:21:28 | INFO | API request: 2026-01-15T09:00:00.000Z -> 2026-01-15T15:45:00.000Z (attempt 1/3)
2026-08-14 01:21:29 | INFO | Breeze returned 0 candles.
2026-08-14 01:21:29 | INFO | Saved 2026-01-15: 0 candles -> data/raw/breeze\RELIND\1m\2026\01\2026-01-15.json
2026-08-14 01:21:29 | INFO | Next trading day: 2026-01-16
2026-08-14 01:21:29 | INFO | Waiting 1.0 seconds...
2026-08-14 01:21:30 | INFO | 2026-01-16 already downloaded. Skipping.
2026-08-14 01:21:30 | INFO | 2026-01-19 already downloaded. Skipping.
2026-08-14 01:21:30 | INFO | 2026-01-20 already downloaded. Skipping.
2026-08-14 01:21:30 | INFO | 2026-01-21 already downloaded. Skipping.
2026-08-14 01:21:30 | INFO | 2026-01-22 already downloaded. Skipping.
2026-08-14 01:21:30 | INFO | 2026-01-23 already downloaded. Skipping.
2026-08-14 01:21:30 | INFO | 
2026-08-14 01:21:30 | INFO | ======================================================================
2026-08-14 01:21:30 | INFO | CHUNK #590
2026-08-14 01:21:30 | INFO | Trading days: 2026-01-26 -> 2026-01-26
2026-08-14 01:21:30 | INFO | Request: 2026-01-26T09:00:00.000Z -> 2026-01-26T15:45:00.000Z
2026-08-14 01:21:30 | INFO | ======================================================================
2026-08-14 01:21:30 | INFO | API request: 2026-01-26T09:00:00.000Z -> 2026-01-26T15:45:00.000Z (attempt 1/3)
2026-08-14 01:21:30 | INFO | Breeze returned 0 candles.
2026-08-14 01:21:30 | INFO | Saved 2026-01-26: 0 candles -> data/raw/breeze\RELIND\1m\2026\01\2026-01-26.json
2026-08-14 01:21:30 | INFO | Next trading day: 2026-01-27
2026-08-14 01:21:30 | INFO | Waiting 1.0 seconds...
2026-08-14 01:21:31 | INFO | 2026-01-27 already downloaded. Skipping.
2026-08-14 01:21:31 | INFO | 2026-01-28 already downloaded. Skipping.
2026-08-14 01:21:31 | INFO | 2026-01-29 already downloaded. Skipping.
2026-08-14 01:21:31 | INFO | 2026-01-30 already downloaded. Skipping.
2026-08-14 01:21:31 | INFO | 2026-02-02 already downloaded. Skipping.
2026-08-14 01:21:31 | INFO | 2026-02-03 already downloaded. Skipping.
2026-08-14 01:21:31 | INFO | 2026-02-04 already downloaded. Skipping.
2026-08-14 01:21:31 | INFO | 2026-02-05 already downloaded. Skipping.
2026-08-14 01:21:31 | INFO | 2026-02-06 already downloaded. Skipping.
2026-08-14 01:21:31 | INFO | 2026-02-09 already downloaded. Skipping.
2026-08-14 01:21:31 | INFO | 2026-02-10 already downloaded. Skipping.
2026-08-14 01:21:31 | INFO | 2026-02-11 already downloaded. Skipping.
2026-08-14 01:21:31 | INFO | 2026-02-12 already downloaded. Skipping.
2026-08-14 01:21:31 | INFO | 2026-02-13 already downloaded. Skipping.
2026-08-14 01:21:31 | INFO | 2026-02-16 already downloaded. Skipping.
2026-08-14 01:21:31 | INFO | 2026-02-17 already downloaded. Skipping.
2026-08-14 01:21:31 | INFO | 2026-02-18 already downloaded. Skipping.
2026-08-14 01:21:31 | INFO | 2026-02-19 already downloaded. Skipping.
2026-08-14 01:21:31 | INFO | 2026-02-20 already downloaded. Skipping.
2026-08-14 01:21:31 | INFO | 2026-02-23 already downloaded. Skipping.
2026-08-14 01:21:31 | INFO | 2026-02-24 already downloaded. Skipping.
2026-08-14 01:21:31 | INFO | 2026-02-25 already downloaded. Skipping.
2026-08-14 01:21:31 | INFO | 2026-02-26 already downloaded. Skipping.
2026-08-14 01:21:31 | INFO | 2026-02-27 already downloaded. Skipping.
2026-08-14 01:21:31 | INFO | 2026-03-02 already downloaded. Skipping.
2026-08-14 01:21:31 | INFO | 
2026-08-14 01:21:31 | INFO | ======================================================================
2026-08-14 01:21:31 | INFO | CHUNK #591
2026-08-14 01:21:31 | INFO | Trading days: 2026-03-03 -> 2026-03-03
2026-08-14 01:21:31 | INFO | Request: 2026-03-03T09:00:00.000Z -> 2026-03-03T15:45:00.000Z
2026-08-14 01:21:31 | INFO | ======================================================================
2026-08-14 01:21:31 | INFO | API request: 2026-03-03T09:00:00.000Z -> 2026-03-03T15:45:00.000Z (attempt 1/3)
2026-08-14 01:21:31 | INFO | Breeze returned 0 candles.
2026-08-14 01:21:31 | INFO | Saved 2026-03-03: 0 candles -> data/raw/breeze\RELIND\1m\2026\03\2026-03-03.json
2026-08-14 01:21:31 | INFO | Next trading day: 2026-03-04
2026-08-14 01:21:31 | INFO | Waiting 1.0 seconds...
2026-08-14 01:21:32 | INFO | 2026-03-04 already downloaded. Skipping.
2026-08-14 01:21:32 | INFO | 2026-03-05 already downloaded. Skipping.
2026-08-14 01:21:32 | INFO | 2026-03-06 already downloaded. Skipping.
2026-08-14 01:21:32 | INFO | 2026-03-09 already downloaded. Skipping.
2026-08-14 01:21:32 | INFO | 2026-03-10 already downloaded. Skipping.
2026-08-14 01:21:32 | INFO | 2026-03-11 already downloaded. Skipping.
2026-08-14 01:21:32 | INFO | 2026-03-12 already downloaded. Skipping.
2026-08-14 01:21:32 | INFO | 2026-03-13 already downloaded. Skipping.
2026-08-14 01:21:32 | INFO | 2026-03-16 already downloaded. Skipping.
2026-08-14 01:21:32 | INFO | 2026-03-17 already downloaded. Skipping.
2026-08-14 01:21:32 | INFO | 2026-03-18 already downloaded. Skipping.
2026-08-14 01:21:32 | INFO | 2026-03-19 already downloaded. Skipping.
2026-08-14 01:21:32 | INFO | 2026-03-20 already downloaded. Skipping.
2026-08-14 01:21:32 | INFO | 2026-03-23 already downloaded. Skipping.
2026-08-14 01:21:32 | INFO | 2026-03-24 already downloaded. Skipping.
2026-08-14 01:21:32 | INFO | 2026-03-25 already downloaded. Skipping.
2026-08-14 01:21:32 | INFO | 
2026-08-14 01:21:32 | INFO | ======================================================================
2026-08-14 01:21:32 | INFO | CHUNK #592
2026-08-14 01:21:32 | INFO | Trading days: 2026-03-26 -> 2026-03-26
2026-08-14 01:21:32 | INFO | Request: 2026-03-26T09:00:00.000Z -> 2026-03-26T15:45:00.000Z
2026-08-14 01:21:32 | INFO | ======================================================================
2026-08-14 01:21:32 | INFO | API request: 2026-03-26T09:00:00.000Z -> 2026-03-26T15:45:00.000Z (attempt 1/3)
2026-08-14 01:21:33 | INFO | Breeze returned 0 candles.
2026-08-14 01:21:33 | INFO | Saved 2026-03-26: 0 candles -> data/raw/breeze\RELIND\1m\2026\03\2026-03-26.json
2026-08-14 01:21:33 | INFO | Next trading day: 2026-03-27
2026-08-14 01:21:33 | INFO | Waiting 1.0 seconds...
2026-08-14 01:21:34 | INFO | 2026-03-27 already downloaded. Skipping.
2026-08-14 01:21:34 | INFO | 2026-03-30 already downloaded. Skipping.
2026-08-14 01:21:34 | INFO | 
2026-08-14 01:21:34 | INFO | ======================================================================
2026-08-14 01:21:34 | INFO | CHUNK #593
2026-08-14 01:21:34 | INFO | Trading days: 2026-03-31 -> 2026-03-31
2026-08-14 01:21:34 | INFO | Request: 2026-03-31T09:00:00.000Z -> 2026-03-31T15:45:00.000Z
2026-08-14 01:21:34 | INFO | ======================================================================
2026-08-14 01:21:34 | INFO | API request: 2026-03-31T09:00:00.000Z -> 2026-03-31T15:45:00.000Z (attempt 1/3)
2026-08-14 01:21:34 | INFO | Breeze returned 0 candles.
2026-08-14 01:21:34 | INFO | Saved 2026-03-31: 0 candles -> data/raw/breeze\RELIND\1m\2026\03\2026-03-31.json
2026-08-14 01:21:34 | INFO | Next trading day: 2026-04-01
2026-08-14 01:21:34 | INFO | Waiting 1.0 seconds...
2026-08-14 01:21:35 | INFO | 2026-04-01 already downloaded. Skipping.
2026-08-14 01:21:35 | INFO | 2026-04-02 already downloaded. Skipping.
2026-08-14 01:21:35 | INFO | 
2026-08-14 01:21:35 | INFO | ======================================================================
2026-08-14 01:21:35 | INFO | CHUNK #594
2026-08-14 01:21:35 | INFO | Trading days: 2026-04-03 -> 2026-04-03
2026-08-14 01:21:35 | INFO | Request: 2026-04-03T09:00:00.000Z -> 2026-04-03T15:45:00.000Z
2026-08-14 01:21:35 | INFO | ======================================================================
2026-08-14 01:21:35 | INFO | API request: 2026-04-03T09:00:00.000Z -> 2026-04-03T15:45:00.000Z (attempt 1/3)
2026-08-14 01:21:35 | INFO | Breeze returned 0 candles.
2026-08-14 01:21:35 | INFO | Saved 2026-04-03: 0 candles -> data/raw/breeze\RELIND\1m\2026\04\2026-04-03.json
2026-08-14 01:21:35 | INFO | Next trading day: 2026-04-06
2026-08-14 01:21:35 | INFO | Waiting 1.0 seconds...
2026-08-14 01:21:36 | INFO | 2026-04-06 already downloaded. Skipping.
2026-08-14 01:21:36 | INFO | 2026-04-07 already downloaded. Skipping.
2026-08-14 01:21:36 | INFO | 2026-04-08 already downloaded. Skipping.
2026-08-14 01:21:36 | INFO | 2026-04-09 already downloaded. Skipping.
2026-08-14 01:21:36 | INFO | 2026-04-10 already downloaded. Skipping.
2026-08-14 01:21:36 | INFO | 2026-04-13 already downloaded. Skipping.
2026-08-14 01:21:36 | INFO | 
2026-08-14 01:21:36 | INFO | ======================================================================
2026-08-14 01:21:36 | INFO | CHUNK #595
2026-08-14 01:21:36 | INFO | Trading days: 2026-04-14 -> 2026-04-14
2026-08-14 01:21:36 | INFO | Request: 2026-04-14T09:00:00.000Z -> 2026-04-14T15:45:00.000Z
2026-08-14 01:21:36 | INFO | ======================================================================
2026-08-14 01:21:36 | INFO | API request: 2026-04-14T09:00:00.000Z -> 2026-04-14T15:45:00.000Z (attempt 1/3)
2026-08-14 01:21:36 | INFO | Breeze returned 0 candles.
2026-08-14 01:21:36 | INFO | Saved 2026-04-14: 0 candles -> data/raw/breeze\RELIND\1m\2026\04\2026-04-14.json
2026-08-14 01:21:36 | INFO | Next trading day: 2026-04-15
2026-08-14 01:21:36 | INFO | Waiting 1.0 seconds...
2026-08-14 01:21:37 | INFO | 2026-04-15 already downloaded. Skipping.
2026-08-14 01:21:37 | INFO | 2026-04-16 already downloaded. Skipping.
2026-08-14 01:21:37 | INFO | 2026-04-17 already downloaded. Skipping.
2026-08-14 01:21:37 | INFO | 2026-04-20 already downloaded. Skipping.
2026-08-14 01:21:37 | INFO | 2026-04-21 already downloaded. Skipping.
2026-08-14 01:21:37 | INFO | 2026-04-22 already downloaded. Skipping.
2026-08-14 01:21:37 | INFO | 2026-04-23 already downloaded. Skipping.
2026-08-14 01:21:37 | INFO | 2026-04-24 already downloaded. Skipping.
2026-08-14 01:21:37 | INFO | 2026-04-27 already downloaded. Skipping.
2026-08-14 01:21:37 | INFO | 2026-04-28 already downloaded. Skipping.
2026-08-14 01:21:37 | INFO | 2026-04-29 already downloaded. Skipping.
2026-08-14 01:21:37 | INFO | 2026-04-30 already downloaded. Skipping.
2026-08-14 01:21:37 | INFO | 
2026-08-14 01:21:37 | INFO | ======================================================================
2026-08-14 01:21:37 | INFO | CHUNK #596
2026-08-14 01:21:37 | INFO | Trading days: 2026-05-01 -> 2026-05-01
2026-08-14 01:21:37 | INFO | Request: 2026-05-01T09:00:00.000Z -> 2026-05-01T15:45:00.000Z
2026-08-14 01:21:37 | INFO | ======================================================================
2026-08-14 01:21:37 | INFO | API request: 2026-05-01T09:00:00.000Z -> 2026-05-01T15:45:00.000Z (attempt 1/3)
2026-08-14 01:21:37 | INFO | Breeze returned 0 candles.
2026-08-14 01:21:37 | INFO | Saved 2026-05-01: 0 candles -> data/raw/breeze\RELIND\1m\2026\05\2026-05-01.json
2026-08-14 01:21:37 | INFO | Next trading day: 2026-05-04
2026-08-14 01:21:37 | INFO | Waiting 1.0 seconds...
2026-08-14 01:21:38 | INFO | 2026-05-04 already downloaded. Skipping.
2026-08-14 01:21:38 | INFO | 2026-05-05 already downloaded. Skipping.
2026-08-14 01:21:38 | INFO | 2026-05-06 already downloaded. Skipping.
2026-08-14 01:21:38 | INFO | 2026-05-07 already downloaded. Skipping.
2026-08-14 01:21:38 | INFO | 2026-05-08 already downloaded. Skipping.
2026-08-14 01:21:38 | INFO | 2026-05-11 already downloaded. Skipping.
2026-08-14 01:21:39 | INFO | 2026-05-12 already downloaded. Skipping.
2026-08-14 01:21:39 | INFO | 2026-05-13 already downloaded. Skipping.
2026-08-14 01:21:39 | INFO | 2026-05-14 already downloaded. Skipping.
2026-08-14 01:21:39 | INFO | 2026-05-15 already downloaded. Skipping.
2026-08-14 01:21:39 | INFO | 2026-05-18 already downloaded. Skipping.
2026-08-14 01:21:39 | INFO | 2026-05-19 already downloaded. Skipping.
2026-08-14 01:21:39 | INFO | 2026-05-20 already downloaded. Skipping.
2026-08-14 01:21:39 | INFO | 2026-05-21 already downloaded. Skipping.
2026-08-14 01:21:39 | INFO | 2026-05-22 already downloaded. Skipping.
2026-08-14 01:21:39 | INFO | 2026-05-25 already downloaded. Skipping.
2026-08-14 01:21:39 | INFO | 2026-05-26 already downloaded. Skipping.
2026-08-14 01:21:39 | INFO | 2026-05-27 already downloaded. Skipping.
2026-08-14 01:21:39 | INFO | 
2026-08-14 01:21:39 | INFO | ======================================================================
2026-08-14 01:21:39 | INFO | CHUNK #597
2026-08-14 01:21:39 | INFO | Trading days: 2026-05-28 -> 2026-05-28
2026-08-14 01:21:39 | INFO | Request: 2026-05-28T09:00:00.000Z -> 2026-05-28T15:45:00.000Z
2026-08-14 01:21:39 | INFO | ======================================================================
2026-08-14 01:21:39 | INFO | API request: 2026-05-28T09:00:00.000Z -> 2026-05-28T15:45:00.000Z (attempt 1/3)
2026-08-14 01:21:39 | INFO | Breeze returned 0 candles.
2026-08-14 01:21:39 | INFO | Saved 2026-05-28: 0 candles -> data/raw/breeze\RELIND\1m\2026\05\2026-05-28.json
2026-08-14 01:21:39 | INFO | Next trading day: 2026-05-29
2026-08-14 01:21:39 | INFO | Waiting 1.0 seconds...
2026-08-14 01:21:40 | INFO | 2026-05-29 already downloaded. Skipping.
2026-08-14 01:21:40 | INFO | 2026-06-01 already downloaded. Skipping.
2026-08-14 01:21:40 | INFO | 2026-06-02 already downloaded. Skipping.
2026-08-14 01:21:40 | INFO | 2026-06-03 already downloaded. Skipping.
2026-08-14 01:21:40 | INFO | 2026-06-04 already downloaded. Skipping.
2026-08-14 01:21:40 | INFO | 2026-06-05 already downloaded. Skipping.
2026-08-14 01:21:40 | INFO | 2026-06-08 already downloaded. Skipping.
2026-08-14 01:21:40 | INFO | 2026-06-09 already downloaded. Skipping.
2026-08-14 01:21:40 | INFO | 2026-06-10 already downloaded. Skipping.
2026-08-14 01:21:40 | INFO | 2026-06-11 already downloaded. Skipping.
2026-08-14 01:21:40 | INFO | 2026-06-12 already downloaded. Skipping.
2026-08-14 01:21:40 | INFO | 2026-06-15 already downloaded. Skipping.
2026-08-14 01:21:40 | INFO | 2026-06-16 already downloaded. Skipping.
2026-08-14 01:21:40 | INFO | 2026-06-17 already downloaded. Skipping.
2026-08-14 01:21:40 | INFO | 2026-06-18 already downloaded. Skipping.
2026-08-14 01:21:40 | INFO | 2026-06-19 already downloaded. Skipping.
2026-08-14 01:21:40 | INFO | 2026-06-22 already downloaded. Skipping.
2026-08-14 01:21:40 | INFO | 2026-06-23 already downloaded. Skipping.
2026-08-14 01:21:40 | INFO | 2026-06-24 already downloaded. Skipping.
2026-08-14 01:21:40 | INFO | 2026-06-25 already downloaded. Skipping.
2026-08-14 01:21:40 | INFO | 
2026-08-14 01:21:40 | INFO | ======================================================================
2026-08-14 01:21:40 | INFO | CHUNK #598
2026-08-14 01:21:40 | INFO | Trading days: 2026-06-26 -> 2026-06-26
2026-08-14 01:21:40 | INFO | Request: 2026-06-26T09:00:00.000Z -> 2026-06-26T15:45:00.000Z
2026-08-14 01:21:40 | INFO | ======================================================================
2026-08-14 01:21:40 | INFO | API request: 2026-06-26T09:00:00.000Z -> 2026-06-26T15:45:00.000Z (attempt 1/3)
2026-08-14 01:21:40 | INFO | Breeze returned 0 candles.
2026-08-14 01:21:40 | INFO | Saved 2026-06-26: 0 candles -> data/raw/breeze\RELIND\1m\2026\06\2026-06-26.json
2026-08-14 01:21:40 | INFO | Next trading day: 2026-06-29
2026-08-14 01:21:40 | INFO | Waiting 1.0 seconds...
2026-08-14 01:21:41 | INFO | 2026-06-29 already downloaded. Skipping.
2026-08-14 01:21:41 | INFO | 2026-06-30 already downloaded. Skipping.
2026-08-14 01:21:41 | INFO | 2026-07-01 already downloaded. Skipping.
2026-08-14 01:21:41 | INFO | 2026-07-02 already downloaded. Skipping.
2026-08-14 01:21:41 | INFO | 2026-07-03 already downloaded. Skipping.
2026-08-14 01:21:41 | INFO | 2026-07-06 already downloaded. Skipping.
2026-08-14 01:21:41 | INFO | 2026-07-07 already downloaded. Skipping.
2026-08-14 01:21:41 | INFO | 2026-07-08 already downloaded. Skipping.
2026-08-14 01:21:41 | INFO | 2026-07-09 already downloaded. Skipping.
2026-08-14 01:21:41 | INFO | 2026-07-10 already downloaded. Skipping.
2026-08-14 01:21:41 | INFO | 2026-07-13 already downloaded. Skipping.
2026-08-14 01:21:41 | INFO | 2026-07-14 already downloaded. Skipping.
2026-08-14 01:21:41 | INFO | 2026-07-15 already downloaded. Skipping.
2026-08-14 01:21:41 | INFO | 2026-07-16 already downloaded. Skipping.
2026-08-14 01:21:41 | INFO | 2026-07-17 already downloaded. Skipping.
2026-08-14 01:21:41 | INFO | 2026-07-20 already downloaded. Skipping.
2026-08-14 01:21:41 | INFO | 2026-07-21 already downloaded. Skipping.
2026-08-14 01:21:41 | INFO | 2026-07-22 already downloaded. Skipping.
2026-08-14 01:21:42 | INFO | 2026-07-23 already downloaded. Skipping.
2026-08-14 01:21:42 | INFO | 2026-07-24 already downloaded. Skipping.
2026-08-14 01:21:42 | INFO | 2026-07-27 already downloaded. Skipping.
2026-08-14 01:21:42 | INFO | 2026-07-28 already downloaded. Skipping.
2026-08-14 01:21:42 | INFO | 2026-07-29 already downloaded. Skipping.
2026-08-14 01:21:42 | INFO | 2026-07-30 already downloaded. Skipping.
2026-08-14 01:21:42 | INFO | 2026-07-31 already downloaded. Skipping.
2026-08-14 01:21:42 | INFO | All requested trading days are already downloaded.
2026-08-14 01:21:42 | INFO | 
2026-08-14 01:21:42 | INFO | ======================================================================
2026-08-14 01:21:42 | INFO | DOWNLOAD COMPLETE
2026-08-14 01:21:42 | INFO | ======================================================================
2026-08-14 01:21:42 | INFO | Daily files present: 1131
2026-08-14 01:21:42 | INFO | Data directory: data/raw/breeze\RELIND\1m
2026-08-14 01:21:42 | INFO | Log file: logs\RELIND_1minute_20260814_010750.log
2026-08-14 01:21:42 | INFO | ======================================================================
